,0,1,2,3,4,5,6,7,8,9,10,11,12,13,14,15,16,17,18,19,20,21,22,23,24,25,26,27,28,29,30,31,32,33,34,35,36,37,38,39,40,41,42,43,44,45,46
0,-307.2024841308594,73.51306915283203,-4.735387802124023,34.61341094970703,4.925637722015381,8.435842514038086,-6.880800247192383,5.771332263946533,4.517052173614502,7.7932233810424805,-8.743310928344727,-5.947660446166992,-6.887505054473877,-5.262016773223877,1.2080004215240479,-0.63693767786026,-7.5521674156188965,6.9837646484375,-5.633354187011719,-3.921466112136841,22298.439453125,3645.375,983.102294921875,1042.956787109375,423.9237976074219,275.8746643066406,251.89198303222656,138.58740234375,212.8595428466797,162.98696899414062,175.40631103515625,103.1829833984375,131.2573699951172,155.94798278808594,87.72074127197266,79.8604736328125,124.24333953857422,81.63368225097656,94.10591125488281,67.13753509521484,2249.933150680687,1355771.4954518955,0.11626887628976784,0.008820786239378734,0.05239337682723999,0.0022115656174719334,German
1,-320.6261901855469,79.6156005859375,2.2733237743377686,35.96018600463867,7.918567657470703,10.991131782531738,-6.31997537612915,4.049417018890381,2.1558094024658203,6.214526176452637,-4.589191913604736,-4.442577362060547,-9.068309783935547,-4.647592544555664,4.610926151275635,-1.324843168258667,-6.504772186279297,6.731605529785156,-7.875417709350586,-5.057231426239014,18679.638671875,3815.4716796875,1048.323486328125,1023.652587890625,498.7879943847656,245.9390411376953,258.54376220703125,148.02940368652344,145.10313415527344,135.06468200683594,158.72348022460938,102.19365692138672,136.50926208496094,125.45841979980469,78.12545013427734,75.58258819580078,126.59748077392578,68.18925476074219,117.31729888916016,67.33624267578125,2085.200221131979,1456163.6911706622,0.1046432811887975,0.008824004553786551,0.043192971497774124,0.0014225523918867111,German
2,-352.5018310546875,93.53467559814453,3.3081555366516113,32.70573043823242,5.722683906555176,11.876784324645996,-0.9357349276542664,4.1038007736206055,4.41855001449585,6.298893451690674,-4.69303035736084,-0.38814103603363037,-8.595500946044922,-3.2693471908569336,7.11359167098999,-2.3412859439849854,-4.336575508117676,5.445191383361816,-7.423317909240723,-1.9953209161758423,20707.484375,4094.796630859375,1036.331298828125,759.16552734375,637.0762329101562,248.0313262939453,236.8844757080078,158.99337768554688,145.1620635986328,130.03997802734375,150.743896484375,110.94001770019531,153.9028778076172,140.6806182861328,81.73296356201172,80.05350494384766,106.09453582763672,72.04994201660156,126.02293395996094,61.47459030151367,1837.594008517297,1220549.4457973042,0.08738563637411942,0.006518046475216272,0.03721030056476593,0.0011854765471071005,German
3,-333.33428955078125,89.4705581665039,2.6262903213500977,38.64476013183594,9.224559783935547,10.798149108886719,-4.4715576171875,3.378542900085449,1.402066707611084,6.156917095184326,-5.0964789390563965,-2.8325161933898926,-8.297568321228027,-4.144453048706055,6.232257843017578,-1.3018330335617065,-5.863680362701416,4.791699409484863,-6.861047267913818,-3.463945150375366,17996.017578125,3814.112548828125,1011.0889282226562,978.7692260742188,500.6444091796875,237.37063598632812,219.7425079345703,138.40786743164062,142.80899047851562,135.33099365234375,176.61920166015625,103.17417907714844,133.6939697265625,125.16179656982422,76.17476654052734,69.22000122070312,95.58582305908203,61.870670318603516,106.85172271728516,60.838294982910156,1896.781393353466,1186896.8012971072,0.08786125197270701,0.0058501984304390655,0.041715074330568314,0.0012438142439350486,German
4,-347.8489685058594,87.04412841796875,4.772493839263916,40.264190673828125,11.757944107055664,14.127995491027832,-4.642753601074219,4.775572299957275,1.0375287532806396,6.997015476226807,-5.1179022789001465,-2.823127031326294,-9.433541297912598,-3.9569804668426514,5.487514972686768,-0.6263015270233154,-7.862245559692383,5.550324440002441,-7.958929061889648,-4.200188636779785,22535.4921875,3920.43994140625,1172.5830078125,954.5274658203125,476.25750732421875,225.3697052001953,310.2710266113281,161.96890258789062,204.46432495117188,143.93028259277344,197.68975830078125,103.46180725097656,140.767822265625,135.55776977539062,80.72842407226562,75.9080581665039,123.93975830078125,66.51852416992188,103.20206451416016,64.5245590209961,1934.4721908434258,1547134.6552945073,0.09488540540381722,0.00954353344055969,0.04033101722598076,0.0013284204760566354,German
5,-360.1477355957031,81.419189453125,6.685036659240723,37.36140823364258,10.992980003356934,14.81558895111084,3.151165246963501,9.322905540466309,3.940372943878174,4.89368200302124,-5.238734722137451,-0.6361539363861084,-2.8676400184631348,-0.5178732872009277,6.305976390838623,1.833815574645996,-6.589868545532227,7.99500036239624,-0.5530035495758057,-0.3655557632446289,22235.65625,4162.08984375,889.8931274414062,898.4043579101562,499.303466796875,226.38243103027344,236.11880493164062,146.37295532226562,165.5799560546875,144.51417541503906,228.77125549316406,106.15377044677734,138.80442810058594,138.8011474609375,91.52191162109375,70.27737426757812,147.59121704101562,69.34517669677734,95.52555847167969,69.05635070800781,1864.874445086422,1590426.2790370907,0.08201229710634254,0.008214388549580098,0.03768759220838547,0.0011842072708532214,German
6,-360.5750427246094,87.51419067382812,9.451827049255371,41.160888671875,12.621894836425781,16.428388595581055,-2.4306581020355225,3.983919382095337,0.908829927444458,4.141445636749268,-4.300362586975098,-0.3754889667034149,-7.2458930015563965,-1.0989582538604736,5.214559078216553,-2.1093251705169678,-4.726414203643799,4.401516437530518,-3.9623050689697266,0.6848031878471375,21040.517578125,4109.5869140625,1074.036865234375,1048.16162109375,612.5413208007812,267.75714111328125,296.059814453125,144.992919921875,191.5153350830078,170.338623046875,222.60592651367188,114.23774719238281,146.97271728515625,120.72232055664062,90.23268127441406,88.5828628540039,105.1467514038086,81.67350769042969,111.36184692382812,59.54384231567383,1863.2883940453346,1537046.4838073663,0.0865483108187547,0.008446879421224856,0.038702789694070816,0.001055730041116476,German
7,-304.4103088378906,70.12503814697266,11.290019989013672,30.777435302734375,25.025592803955078,8.362297058105469,6.553028583526611,4.456599712371826,-10.107809066772461,-6.156625747680664,-9.487510681152344,4.962070941925049,-2.6394360065460205,-4.261556148529053,3.2523021697998047,7.546693325042725,-8.63300609588623,1.8762738704681396,-6.176012992858887,-3.460146188735962,25632.19140625,4231.62744140625,819.85009765625,762.283935546875,588.6077880859375,248.01881408691406,152.64047241210938,157.6686553955078,178.8741455078125,147.0589599609375,203.3511199951172,79.77289581298828,97.8114242553711,95.9431381225586,111.82384490966797,75.41905975341797,103.10575103759766,67.48435974121094,76.48314666748047,63.033958435058594,2442.9816302280897,1563183.5409514194,0.11853456162177986,0.009880738080376154,0.05364343523979187,0.0021181090269237757,German
8,-286.4375915527344,79.46595001220703,10.260750770568848,23.590688705444336,25.655473709106445,7.335109233856201,8.170927047729492,1.9445240497589111,-10.420781135559082,-8.47852611541748,-9.616253852844238,6.68804407119751,-2.983705997467041,-5.985189437866211,3.529345750808716,7.146152496337891,-11.387738227844238,0.6421753764152527,-6.362497806549072,-4.546581268310547,25122.3984375,3838.552978515625,690.0360717773438,666.8204956054688,615.970458984375,258.1474609375,175.27301025390625,152.8939971923828,146.36293029785156,159.9290008544922,201.20411682128906,100.01734924316406,85.98945617675781,87.27371978759766,91.91912841796875,73.32357788085938,96.52082824707031,59.52741241455078,77.09330749511719,54.2531852722168,2390.805203058122,1437859.4913981736,0.11975815716911764,0.0074617507002368655,0.06108506768941879,0.0027564028277993202,German
9,-329.60162353515625,65.50352478027344,10.24968433380127,25.53268051147461,24.605283737182617,7.292808532714844,4.857975482940674,1.9936541318893433,-8.306034088134766,-5.220210552215576,-4.6425886154174805,4.920556545257568,-5.9730329513549805,-1.4065130949020386,2.336958885192871,1.9954179525375366,-7.2353057861328125,-0.14239820837974548,-6.997984409332275,-1.5001722574234009,28531.619140625,3929.183349609375,534.2853393554688,707.0108642578125,555.1570434570312,175.58876037597656,164.54090881347656,121.80327606201172,155.58021545410156,141.95887756347656,172.16575622558594,65.20645141601562,102.86357879638672,98.33897399902344,72.02335357666016,49.67083740234375,88.90680694580078,57.99690246582031,78.32779693603516,47.40570068359375,2497.2618421966245,1416538.0379655631,0.11881319774890191,0.008150177811276792,0.05079202353954315,0.0026557149831205606,German
10,-265.0283508300781,83.8259048461914,9.05815315246582,24.246089935302734,27.581832885742188,6.921693801879883,7.985140323638916,1.295554280281067,-12.275985717773438,-8.948494911193848,-10.271211624145508,6.551828861236572,-4.53457498550415,-8.035219192504883,2.8007352352142334,8.399036407470703,-11.289825439453125,-0.45942652225494385,-7.015129089355469,-5.303774833679199,19201.693359375,3535.208740234375,692.4298095703125,673.6489868164062,644.6487426757812,229.9862060546875,169.47509765625,167.86749267578125,142.20138549804688,141.74810791015625,208.1437225341797,99.94403076171875,92.6278305053711,84.14798736572266,102.32804870605469,71.69107818603516,99.20584106445312,72.22206115722656,74.53482818603516,57.53396224975586,2312.6295367850075,1362792.9727693633,0.1150617575132251,0.0074352870530715156,0.06850946694612503,0.003324498189613223,German
11,-278.7177734375,83.07027435302734,8.810020446777344,23.22295570373535,27.184192657470703,6.351263523101807,4.588462829589844,0.21676240861415863,-10.04599380493164,-7.401637077331543,-7.662101745605469,5.852705478668213,-5.368347644805908,-5.843705654144287,3.3193957805633545,4.3097710609436035,-10.635225296020508,-0.4336846172809601,-6.244385242462158,-3.043562412261963,21344.115234375,4065.18359375,635.5379028320312,654.588623046875,621.0091552734375,203.97671508789062,164.7024383544922,171.17135620117188,153.79383850097656,151.74806213378906,209.2235870361328,83.74549102783203,100.89209747314453,99.51360321044922,81.33018493652344,71.71479797363281,104.76495361328125,71.98133850097656,57.56052780151367,54.505462646484375,2257.1254427054923,1514970.847899202,0.11308908956729345,0.007807839504831002,0.06619763374328613,0.0033433823846280575,German
12,-280.7950744628906,82.49085235595703,10.702770233154297,29.7171688079834,32.77234649658203,10.560080528259277,1.8647236824035645,-0.3256699740886688,-11.27597713470459,-8.524397850036621,-8.657249450683594,5.418618679046631,-6.446506500244141,-4.783189296722412,0.8450666666030884,1.5957691669464111,-10.316463470458984,-0.1148701161146164,-5.254396915435791,-1.9138821363449097,18924.869140625,4075.165283203125,628.90625,735.8294677734375,695.2640991210938,237.3340301513672,162.8382110595703,178.4437713623047,153.25057983398438,158.14382934570312,205.3148651123047,92.93690490722656,109.13420867919922,99.72023010253906,89.75163269042969,65.45232391357422,85.11421203613281,77.97647094726562,60.6395263671875,54.23149490356445,2245.891283233236,1679255.3625546934,0.11581428908300526,0.008536131883869645,0.06694043427705765,0.0031125748064368963,German
13,-260.4388122558594,88.09764099121094,13.38137435913086,29.617494583129883,31.638498306274414,10.663703918457031,2.050004005432129,0.696179211139679,-12.035760879516602,-8.523431777954102,-8.07646369934082,3.6556873321533203,-9.094841957092285,-3.436004400253296,-0.5361818075180054,2.011491537094116,-8.791824340820312,-0.5487844944000244,-7.432799339294434,0.05925418809056282,14081.236328125,3413.88916015625,894.4132080078125,792.904296875,646.5407104492188,240.73529052734375,192.18154907226562,172.3694610595703,137.04531860351562,151.5017852783203,185.722900390625,97.00801086425781,109.98799133300781,101.79617309570312,96.50764465332031,69.38243103027344,84.8674545288086,60.36458206176758,59.33732604980469,59.5265007019043,2160.5414504749674,1602947.707257534,0.10946790463870733,0.00854272159349262,0.06939663738012314,0.0028515958692878485,German
14,-256.4169921875,76.04353332519531,9.1486177444458,32.437950134277344,28.979341506958008,9.995290756225586,1.629997968673706,1.8138848543167114,-11.911737442016602,-6.799742698669434,-9.152030944824219,2.6112773418426514,-6.244441509246826,-4.435858249664307,1.3272416591644287,1.2802636623382568,-8.205026626586914,0.3111935257911682,-5.939906120300293,-0.28648725152015686,17419.712890625,4083.389892578125,908.4306640625,787.4165649414062,667.137939453125,250.35302734375,193.36770629882812,157.5385284423828,145.22520446777344,152.56813049316406,195.40098571777344,93.89048767089844,106.69700622558594,93.14200592041016,79.06414031982422,58.1378059387207,76.75413513183594,63.98302459716797,55.00584411621094,54.15774917602539,2330.1072397498606,1640301.7560289954,0.12103609986956833,0.009083889649767415,0.07481340318918228,0.0036324241664260626,German
15,-323.9762268066406,64.19429779052734,10.331411361694336,24.76866912841797,27.02367401123047,8.528593063354492,6.998705863952637,1.423927664756775,-9.245847702026367,-6.186542987823486,-6.1048479080200195,3.9940168857574463,-4.79083251953125,-2.6018691062927246,2.214293956756592,5.222774982452393,-8.77051067352295,0.20939883589744568,-2.6741302013397217,-3.3761703968048096,27636.16796875,3421.550048828125,447.490234375,686.23291015625,585.7734985351562,167.19732666015625,130.92660522460938,149.1132354736328,150.78472900390625,139.21600341796875,177.39244079589844,77.8216323852539,92.71730041503906,76.48030853271484,90.3350830078125,56.280216217041016,103.75328826904297,58.375030517578125,51.574012756347656,49.368255615234375,2468.1532577610424,1356028.952084128,0.11684764074900794,0.006881666860913232,0.05213599279522896,0.00281907687895,German
16,-289.170166015625,72.90816497802734,12.06629467010498,29.523683547973633,29.076749801635742,7.824795246124268,4.417295932769775,1.0730007886886597,-10.644943237304688,-3.1963815689086914,-10.233434677124023,3.199780225753784,-5.952086448669434,-4.855269908905029,3.7733097076416016,3.4009106159210205,-10.789794921875,2.6271042823791504,-4.734213829040527,-3.4465770721435547,23090.609375,3640.44580078125,719.4075927734375,719.2098999023438,705.036376953125,234.205810546875,156.97657775878906,170.4308624267578,164.32266235351562,119.0637435913086,203.2390899658203,80.19122314453125,107.62476348876953,83.03250885009766,80.90878295898438,60.79484558105469,91.06905364990234,61.23095703125,59.357906341552734,41.77281188964844,2424.009614233976,1553187.9981325676,0.12067684246916939,0.008385466464942475,0.06062592566013336,0.002696980256587267,German
17,-367.4491882324219,79.64228820800781,7.276758193969727,33.086395263671875,6.613738059997559,12.106593132019043,0.07998178154230118,8.005696296691895,5.109863758087158,2.8898353576660156,-9.080248832702637,-1.0412150621414185,-1.998172402381897,-0.19978079199790955,6.914358615875244,0.15568239986896515,-3.618147134780884,4.886590957641602,-5.062744140625,0.5791417956352234,20903.13671875,4163.78173828125,878.0896606445312,977.968017578125,510.07867431640625,238.30755615234375,252.77490234375,163.17884826660156,161.23333740234375,126.09684753417969,229.5947723388672,126.34439849853516,125.54887390136719,165.1129150390625,88.19752502441406,86.27054595947266,99.03372955322266,75.68660736083984,109.64473724365234,62.34138870239258,1882.7661870814961,1535339.0154403767,0.09112073000631617,0.00953443492071746,0.03445814922451973,0.0011965993326157331,German
18,-350.3393859863281,81.34060668945312,5.093730449676514,35.4554443359375,8.609697341918945,10.64200496673584,-2.887974262237549,7.129240989685059,7.015035629272461,4.865356922149658,-9.174704551696777,-2.9911882877349854,-4.973849773406982,-4.032357692718506,2.4696850776672363,0.2876741588115692,-2.7921600341796875,6.523370265960693,-6.925390720367432,-2.472560167312622,20070.70703125,4129.302734375,916.1502075195312,1130.66845703125,499.77044677734375,233.08447265625,237.40040588378906,142.3603515625,132.8755645751953,120.00193786621094,193.19345092773438,102.4696273803711,130.09756469726562,154.34854125976562,84.36998748779297,72.11429595947266,107.5868911743164,69.64152526855469,112.67000579833984,63.66259765625,1957.45284708784,1451972.0870700036,0.09089579956424722,0.0084363653780872,0.03935275971889496,0.001347510376945138,German
19,-308.2749328613281,76.50248718261719,-0.5457378625869751,31.949575424194336,9.805825233459473,8.649738311767578,-5.789469242095947,5.2840447425842285,4.655345439910889,0.9119096398353577,-10.543007850646973,-2.8887178897857666,-6.525461196899414,-2.7225418090820312,-0.10585477948188782,0.4085423946380615,-3.2848875522613525,4.998733043670654,-7.5293169021606445,-3.8103201389312744,20871.3984375,4126.17138671875,1095.3115234375,970.0193481445312,502.47930908203125,269.7045593261719,242.96958923339844,153.31886291503906,158.103271484375,134.67495727539062,197.5797576904297,103.19639587402344,111.86343383789062,104.75100708007812,70.43168640136719,68.87834930419922,100.00386047363281,68.85445404052734,95.75552368164062,67.6988525390625,2183.6270458831787,1852994.7648821548,0.11322087218288791,0.01277558563592774,0.054242346435785294,0.002637237310409546,German
20,-369.0931701660156,94.52586364746094,2.8494393825531006,34.73200607299805,4.162118434906006,11.18921947479248,3.2751705646514893,10.44945240020752,6.331501483917236,6.596156597137451,-10.030985832214355,-4.064584732055664,-6.003563404083252,0.15905079245567322,7.170960426330566,0.4888908565044403,-7.189162731170654,0.8853598833084106,-3.1052489280700684,0.5966219305992126,20739.63671875,4286.9970703125,834.8818359375,1159.6036376953125,436.0722961425781,235.87313842773438,230.6277313232422,184.98043823242188,204.08251953125,131.51242065429688,185.58551025390625,129.2051544189453,131.28665161132812,169.19314575195312,95.76835632324219,70.4979476928711,78.46472930908203,71.95081329345703,82.88723754882812,80.513427734375,1793.381491142033,1352269.2641327516,0.08877790888540531,0.008586460703390015,0.03516056388616562,0.0009846152970567346,German
21,-392.9003601074219,84.62619018554688,3.6829493045806885,32.014137268066406,5.9991888999938965,10.271749496459961,0.05775334686040878,6.367682456970215,4.378297805786133,9.154975891113281,-6.89178991317749,-1.1253855228424072,-4.345821857452393,-2.7844347953796387,6.134338855743408,0.2628191411495209,-5.542763710021973,3.6334068775177,-2.344414234161377,-1.1154253482818604,24188.373046875,4834.95849609375,870.8179931640625,1041.3839111328125,489.1017761230469,240.35110473632812,194.66624450683594,140.1208038330078,166.36444091796875,112.49836730957031,181.95181274414062,100.42543029785156,121.47425842285156,142.7662353515625,85.40443420410156,75.84494018554688,110.31000518798828,69.20652770996094,87.58209228515625,65.20613861083984,2125.631206402889,1608809.14028777,0.10097694028046422,0.008308066380872727,0.029553761705756187,0.0008448671433143318,German
22,-348.2926025390625,80.9625015258789,-1.1618119478225708,27.80286979675293,4.471254348754883,6.653286457061768,-0.4531841576099396,8.308633804321289,5.9548563957214355,2.9869883060455322,-11.006916046142578,-3.0278995037078857,0.12160807102918625,1.47684907913208,5.5676984786987305,-1.1270701885223389,-8.615981101989746,4.6564507484436035,-5.957799434661865,-2.8381643295288086,21377.560546875,4011.018798828125,876.7503051757812,871.880126953125,367.2628479003906,214.0040283203125,202.46392822265625,155.36329650878906,150.8721923828125,110.22913360595703,171.4799041748047,94.31421661376953,108.68313598632812,154.596923828125,83.54118347167969,70.90763092041016,105.78005981445312,77.87113189697266,81.81147766113281,63.490577697753906,2003.2876274447478,1303357.2066938402,0.10082137462235649,0.008312548931872258,0.03909321874380112,0.0016991120064631104,German
23,-366.9462890625,88.84893035888672,-1.6394333839416504,35.51675796508789,6.918229579925537,8.976133346557617,-2.387006998062134,9.221380233764648,4.811456680297852,6.914919853210449,-8.930646896362305,-4.360238552093506,-4.605870723724365,-0.6063322424888611,6.984952449798584,-1.0040751695632935,-8.501787185668945,4.587803363800049,-5.3353986740112305,-1.3336293697357178,24206.787109375,4378.58544921875,1015.942138671875,1125.7562255859375,433.5304260253906,217.2847900390625,234.4595184326172,155.9331817626953,195.3252410888672,135.01783752441406,215.90196228027344,126.76243591308594,134.21534729003906,176.03399658203125,86.44657135009766,76.91361236572266,126.89585876464844,84.70722961425781,96.58192443847656,67.86124420166016,1908.3351536752978,1286937.7379593332,0.09011076456933557,0.00770132039463198,0.03809046372771263,0.0012321706162765622,German
24,-348.9899597167969,85.49925231933594,-1.0610690116882324,34.7984619140625,3.69301438331604,7.978329658508301,0.12182476371526718,8.751741409301758,4.148918628692627,6.651946544647217,-10.798608779907227,-7.329802513122559,-3.491964101791382,1.8789187669754028,9.52577018737793,0.16452734172344208,-11.429247856140137,2.0369155406951904,-4.095388412475586,-2.246245861053467,19630.224609375,4042.72412109375,896.6963500976562,1041.52294921875,384.8743591308594,231.22508239746094,256.8162536621094,166.76712036132812,198.5441436767578,140.9774169921875,177.32176208496094,103.08265686035156,136.54330444335938,187.12432861328125,102.62506866455078,82.2205810546875,122.1884994506836,67.82255554199219,63.89016342163086,65.69261169433594,1924.9956282737012,1315498.0722229267,0.09384150406200159,0.007896897507802349,0.036643676459789276,0.001080506481230259,German
25,-346.9361572265625,87.6877212524414,-0.3585481345653534,37.277042388916016,8.592090606689453,8.400388717651367,-2.5798985958099365,7.012803077697754,4.032581806182861,7.7562642097473145,-9.337624549865723,-5.763758182525635,-6.278867244720459,-1.113443374633789,6.7784423828125,-0.13376250863075256,-10.936869621276855,3.507084608078003,-3.3537395000457764,-2.5658135414123535,20542.927734375,4163.6171875,965.4521484375,1134.8896484375,432.6702880859375,273.9700012207031,233.59036254882812,140.89988708496094,161.7808380126953,142.8641815185547,209.21241760253906,116.01158905029297,119.46624755859375,141.81558227539062,81.95048522949219,63.725852966308594,129.35910034179688,70.14522552490234,73.26631164550781,55.34693145751953,1963.29057171956,1412492.7550899037,0.09082972689562477,0.007966702188383312,0.03794485330581665,0.0010332342935726047,German
26,-348.64739990234375,83.34223937988281,1.1412984132766724,32.93987274169922,2.818396806716919,10.794984817504883,-2.7132508754730225,8.383443832397461,4.784726619720459,5.204612731933594,-12.234075546264648,-4.991234302520752,-5.946113586425781,0.28775182366371155,8.27411937713623,-1.562967300415039,-11.38862419128418,1.8456319570541382,-6.151498317718506,-1.8181676864624023,21622.296875,4191.15087890625,957.9555053710938,993.782958984375,417.48284912109375,225.8457794189453,252.72671508789062,150.1806182861328,208.88270568847656,129.62869262695312,169.4225311279297,107.71887969970703,124.05335998535156,187.5099334716797,101.04833984375,79.26302337646484,87.30975341796875,75.11015319824219,69.53852081298828,59.914031982421875,2089.744019848777,1618359.126481145,0.10884097472445951,0.009982150133193583,0.03867211565375328,0.0012196190655231476,German
27,-357.7704162597656,89.0523681640625,-0.45225030183792114,35.73330307006836,4.717990875244141,9.38106632232666,-2.0783448219299316,6.672730445861816,5.4681572914123535,5.547092437744141,-11.455582618713379,-5.74398946762085,-5.103578090667725,-0.11899901181459427,8.78260326385498,-1.4017664194107056,-9.88082218170166,2.9504897594451904,-5.475061416625977,-1.3959698677062988,19977.7734375,4204.24951171875,1125.0472412109375,925.611328125,516.6661376953125,282.0404968261719,248.14022827148438,167.4746856689453,172.0432586669922,114.73755645751953,184.12648010253906,110.63922882080078,130.57765197753906,172.44143676757812,99.55034637451172,79.11457824707031,102.75554656982422,74.70867919921875,85.3365478515625,58.08018493652344,1969.952320717626,1430945.2435084502,0.09789578015206411,0.008573842776045932,0.03543668985366821,0.0010054039303213358,German
28,-378.5160217285156,89.1043930053711,2.4404168128967285,35.25014877319336,6.012452125549316,12.873414993286133,1.231784462928772,7.276081562042236,4.657629489898682,4.464748382568359,-6.993589401245117,0.5929601788520813,-4.725180149078369,1.1264753341674805,8.801170349121094,-0.8536185622215271,-3.7625885009765625,3.1958346366882324,-6.513038158416748,-0.12027985602617264,23104.150390625,4328.28125,1116.2724609375,966.8160400390625,494.1770935058594,266.2857971191406,248.75157165527344,179.2445068359375,194.68592834472656,160.07395935058594,225.35606384277344,132.4857940673828,152.63404846191406,177.7288055419922,94.11830139160156,100.50953674316406,117.33618927001953,89.05951690673828,135.0970001220703,85.50727081298828,1847.0246624254175,1369508.6423169519,0.08553980001372119,0.007411075950952397,0.03270982205867767,0.0009613035363145173,German
29,-379.3394470214844,85.19188690185547,11.299638748168945,43.201881408691406,15.043238639831543,16.37049674987793,3.465425491333008,7.288029670715332,5.599606037139893,7.882421970367432,-1.2043789625167847,1.1785792112350464,-4.07106876373291,0.6993671655654907,6.2195143699646,2.1111299991607666,-1.873583197593689,4.66057825088501,-2.3090851306915283,-0.9675853848457336,19537.111328125,4319.8173828125,1042.93603515625,1091.5247802734375,497.8507995605469,261.8084411621094,266.0557556152344,162.74261474609375,153.52268981933594,151.75894165039062,208.24264526367188,116.81380462646484,157.2386016845703,147.7876739501953,83.2750015258789,82.76044464111328,116.83576965332031,96.83719635009766,106.54463195800781,68.33638000488281,1626.6440208589854,1437721.8234698188,0.06800267476154619,0.006748784706805248,0.03491440787911415,0.0008998127887025476,German
30,-418.2891845703125,76.32052612304688,9.454998970031738,35.96872329711914,12.15360164642334,16.785804748535156,3.050431489944458,9.507190704345703,1.8460766077041626,7.858864784240723,-1.4246413707733154,0.8993847966194153,-2.6236484050750732,-0.5359652042388916,8.296509742736816,3.8769609928131104,-4.674686431884766,5.782436847686768,-0.8044147491455078,-0.06725406646728516,26820.7265625,4679.8154296875,1000.2493286132812,953.0278930664062,510.4001770019531,228.6495361328125,313.4264831542969,142.9141082763672,187.01632690429688,166.9140625,262.65557861328125,119.4831314086914,163.66539001464844,183.49282836914062,82.17874908447266,80.17523193359375,167.48609924316406,66.62922668457031,112.86311340332031,77.70990753173828,1820.9544934413555,1459079.7231440542,0.0728042655705575,0.008583177795125798,0.03012322634458542,0.0009361803531646729,German
31,-324.68878173828125,80.77926635742188,1.351667881011963,36.9583625793457,7.463865280151367,9.325591087341309,-4.929520130157471,5.010117530822754,1.3937562704086304,5.323642253875732,-6.153814315795898,-2.2743449211120605,-3.349303960800171,-1.8187260627746582,4.407142162322998,-0.5556333065032959,-5.546247959136963,5.576879501342773,-4.579935550689697,-2.214298963546753,21201.548828125,3849.230712890625,962.5578002929688,1002.4500732421875,513.1819458007812,245.1571502685547,240.79010009765625,157.6145782470703,229.34454345703125,148.87692260742188,190.9613037109375,111.19171905517578,137.58987426757812,142.25416564941406,87.30160522460938,94.79055786132812,128.56788635253906,69.58129119873047,98.03687286376953,63.911624908447266,1978.7784885488816,1346306.307657243,0.09405393636033983,0.008777225463416801,0.047161396592855453,0.001816858653910458,German
32,-357.1036376953125,82.94176483154297,3.7858290672302246,37.63258361816406,8.663944244384766,11.228191375732422,-3.3892416954040527,6.552850246429443,2.7210843563079834,8.357397079467773,-4.0824456214904785,-2.2818098068237305,-3.9945812225341797,-2.133373260498047,5.294017791748047,2.151543378829956,-4.789583683013916,6.762189865112305,-4.965570449829102,-2.886481523513794,25850.51171875,4339.59375,1089.5689697265625,1007.49365234375,526.474365234375,265.9498596191406,290.0014953613281,164.68711853027344,236.12185668945312,170.86949157714844,218.87745666503906,116.13798522949219,154.3492889404297,153.9984588623047,83.86686706542969,90.23294830322266,162.98106384277344,63.627296447753906,113.41618347167969,69.10588836669922,1931.2095690194637,1475185.3833188585,0.08665615621589669,0.00871252025462659,0.04003693163394928,0.0012831122148782015,German
33,-374.3089294433594,76.84232330322266,5.83242654800415,36.19411087036133,8.2205228805542,15.103352546691895,-0.7213872075080872,6.2152323722839355,4.210744380950928,8.871417999267578,-2.4002673625946045,-0.41790884733200073,-1.4056470394134521,0.883246660232544,8.333624839782715,2.5074405670166016,-6.059487819671631,5.19379997253418,-6.889431953430176,-2.053140878677368,23852.84765625,4357.43505859375,941.9888305664062,1003.6843872070312,509.29168701171875,203.25250244140625,250.00843811035156,160.0720672607422,196.3237762451172,178.57696533203125,229.7089385986328,130.4641876220703,156.82737731933594,186.7620849609375,99.04039001464844,88.74122619628906,138.3260955810547,70.6418228149414,113.98438262939453,74.1639633178711,1994.1629083787575,1594713.0210262036,0.09396762412126537,0.01033180492077259,0.03381039947271347,0.0010623374255374074,German
34,-342.0387878417969,91.7820816040039,1.5129261016845703,37.898555755615234,6.581584453582764,11.246123313903809,1.6286684274673462,2.609261989593506,0.25277355313301086,6.858712673187256,-7.646061420440674,-0.9463750123977661,-4.529956817626953,-3.605954170227051,6.619804859161377,-0.6114543080329895,-6.576136589050293,10.516402244567871,-3.3395256996154785,-4.009008884429932,22098.923828125,4790.76025390625,1258.4503173828125,751.8738403320312,552.4432983398438,272.23028564453125,229.82186889648438,187.53561401367188,256.31878662109375,165.4505157470703,228.52694702148438,129.7957000732422,134.63107299804688,166.80003356933594,100.657958984375,97.17420959472656,140.33132934570312,84.03010559082031,109.02593994140625,70.76622772216797,1934.5327475215743,1477563.2442768307,0.09955265744322749,0.008881652223955228,0.04525214061141014,0.0016764280153438449,German
35,-375.62677001953125,79.29493713378906,6.50901985168457,47.014366149902344,16.844751358032227,18.587915420532227,0.9588812589645386,1.6607176065444946,-3.04125714302063,5.353241920471191,-5.443316459655762,2.9721648693084717,0.1211632713675499,-2.3466086387634277,6.233778953552246,3.5128977298736572,-6.796931743621826,9.503318786621094,-2.2295477390289307,-1.95783269405365,20690.91015625,4362.1123046875,829.39453125,1190.3924560546875,518.6450805664062,249.75099182128906,273.0919494628906,190.87548828125,218.01622009277344,164.9302520751953,229.17874145507812,118.72106170654297,148.50637817382812,204.83148193359375,96.38410186767578,86.97908020019531,165.20738220214844,74.96479797363281,110.5417251586914,81.33731842041016,1998.536492426545,1489195.658089977,0.09967729382048872,0.009237951670717885,0.03290172666311264,0.0008665638160891831,German
36,-351.7016906738281,99.25605773925781,0.7130436897277832,40.58210372924805,8.260226249694824,13.4497652053833,-1.6104490756988525,4.758709907531738,0.9135003685951233,3.5926036834716797,-8.518704414367676,-1.0253175497055054,-0.661247193813324,-0.26614072918891907,7.570583820343018,3.345060348510742,-10.610639572143555,7.2404866218566895,-4.343163013458252,-2.094017267227173,20891.529296875,4686.5732421875,1026.5416259765625,1211.8739013671875,641.8353271484375,273.1131591796875,326.175048828125,209.4565887451172,241.40423583984375,182.00282287597656,234.49346923828125,98.69902801513672,154.5487823486328,238.978271484375,132.0099334716797,104.25933837890625,160.61093139648438,87.20989990234375,86.11470794677734,79.51825714111328,1836.649234770134,1392351.2654089422,0.09594320084872529,0.008296092562174995,0.039144303649663925,0.0010554696200415492,German
37,-318.5486145019531,98.09379577636719,0.8817468285560608,41.38908767700195,10.334065437316895,15.77613639831543,-2.3340988159179688,2.723472833633423,2.993201494216919,9.016802787780762,-8.408652305603027,-1.800511121749878,-3.9873785972595215,-3.9134483337402344,9.39864444732666,0.84147047996521,-8.02839183807373,10.998477935791016,-4.108419418334961,-2.7725601196289062,17599.240234375,4603.61279296875,1046.2596435546875,962.4829711914062,589.285888671875,242.3382110595703,242.570556640625,202.81517028808594,215.2002716064453,202.90162658691406,272.80224609375,133.3235626220703,138.82801818847656,180.51617431640625,106.35254669189453,86.71646881103516,142.29734802246094,80.25685119628906,140.0556182861328,76.62931823730469,1795.3381137555853,1495239.2227512465,0.09060049019607844,0.009181630487526347,0.053916268050670624,0.0018661362119019032,German
38,-309.58587646484375,86.16869354248047,-0.02441433072090149,37.84135818481445,7.290522575378418,13.989493370056152,-5.783843517303467,2.2009592056274414,1.3541487455368042,5.370505332946777,-10.371682167053223,-4.331099510192871,-4.975285530090332,-4.546880722045898,5.906519412994385,0.8062430620193481,-6.876150608062744,8.161820411682129,-7.36398983001709,-5.484689712524414,19250.60546875,4467.54833984375,1089.0892333984375,1053.6070556640625,565.4912109375,233.0206756591797,259.3605651855469,158.3185272216797,176.50547790527344,152.4001922607422,233.86534118652344,115.401123046875,135.44227600097656,160.47659301757812,97.60648345947266,82.91797637939453,128.28753662109375,77.07040405273438,135.90975952148438,77.56144714355469,2086.628616480286,1601959.6133355557,0.11040112420987541,0.009674518427584995,0.055903512984514236,0.002292914316058159,German
39,-315.2593078613281,86.13584899902344,1.3668959140777588,37.12600326538086,4.017939567565918,13.183944702148438,-6.019229888916016,1.367780089378357,1.6783517599105835,7.1886796951293945,-8.926555633544922,-2.2154760360717773,-5.079042434692383,-2.8891093730926514,7.88048791885376,0.3873792886734009,-9.129110336303711,8.158878326416016,-5.343173027038574,-2.3111824989318848,20919.154296875,4633.740234375,1043.3741455078125,1026.6932373046875,597.4811401367188,294.2481689453125,256.25146484375,199.210205078125,213.8801727294922,160.2942352294922,253.43927001953125,117.04911041259766,136.7687225341797,165.81539916992188,94.39620971679688,88.77317810058594,141.57354736328125,80.30001068115234,132.86590576171875,79.0670166015625,2119.5649310884583,1645991.771977151,0.11153998256714875,0.01032296925748553,0.05270279571413994,0.0019621721003204584,German
40,-334.51617431640625,80.44912719726562,0.34660425782203674,39.51070022583008,8.063228607177734,11.354353904724121,-2.1817071437835693,3.600332498550415,1.7451130151748657,6.660683631896973,-6.695463180541992,-2.010587692260742,-0.9775390028953552,-3.028937339782715,4.795829772949219,4.22620153427124,-5.349659442901611,7.099174499511719,-4.7427449226379395,-4.286556720733643,22949.4296875,4585.58154296875,882.1273803710938,1104.4801025390625,484.47772216796875,273.3134765625,248.416015625,177.76910400390625,236.60824584960938,156.4196014404297,255.57672119140625,134.99105834960938,124.12649536132812,158.04541015625,116.99313354492188,86.48812103271484,146.22021484375,74.06217956542969,102.735107421875,83.56916809082031,2081.1865484732057,1499850.3655427874,0.102608717457204,0.008807327959801011,0.04906488582491875,0.0020863523241132498,German
41,-282.4790954589844,80.03073120117188,15.18543529510498,25.273908615112305,24.437843322753906,5.944567680358887,7.640650749206543,3.8519163131713867,-14.741067886352539,-6.807956695556641,-9.617280960083008,0.8061577677726746,-5.721179962158203,-0.10134556889533997,-1.0116164684295654,5.334113597869873,-8.242548942565918,-4.037047386169434,-3.7026798725128174,-6.431588649749756,20217.552734375,3613.22265625,671.7154541015625,717.5029296875,644.8495483398438,209.84678649902344,173.6507110595703,168.61048889160156,185.27728271484375,144.72024536132812,204.05152893066406,85.4053726196289,103.4211196899414,90.46673583984375,85.54225158691406,67.9605484008789,86.63859558105469,74.3924560546875,55.23578643798828,60.5554313659668,2332.935669129801,1475388.9403128389,0.11737037307459329,0.009116137037228578,0.0652569979429245,0.003191435942426324,German
42,-313.8754577636719,74.87435150146484,8.209651947021484,21.988672256469727,25.9147891998291,9.033019065856934,5.9128804206848145,0.07338523864746094,-12.754385948181152,-4.8109917640686035,-9.635516166687012,1.3924126625061035,-4.064871311187744,-4.784236431121826,-1.5300935506820679,2.1439287662506104,-8.035001754760742,1.2049694061279297,-4.230311393737793,-3.2902612686157227,22120.642578125,4445.3017578125,650.5191650390625,620.0654296875,694.2928466796875,231.9811553955078,168.420166015625,149.46961975097656,186.5214080810547,140.75218200683594,180.67576599121094,80.19696044921875,95.84388732910156,90.66661834716797,79.77253723144531,58.48588562011719,90.57546997070312,57.13124084472656,62.777103424072266,50.32508087158203,2319.120495855513,1619621.0975206809,0.12160900027252906,0.010421058951825176,0.05644457787275314,0.0032455476466566324,German
43,-282.7968444824219,75.47261810302734,8.24144458770752,26.35427474975586,28.99948501586914,7.733086585998535,3.078223705291748,-3.3857781887054443,-13.619582176208496,-5.392055988311768,-11.615585327148438,0.5494567155838013,-5.277842044830322,-5.830010414123535,-3.4550273418426514,1.5503147840499878,-8.938836097717285,-0.4075007140636444,-7.017930507659912,-1.9626466035842896,19591.09375,4069.076904296875,674.4547119140625,725.2999267578125,622.2488403320312,252.6840057373047,162.45849609375,165.4231414794922,173.51951599121094,155.45343017578125,209.9096221923828,91.88068389892578,115.62079620361328,90.81880950927734,78.66693878173828,80.26703643798828,90.06785583496094,59.638938903808594,73.25823211669922,49.8786735534668,2346.0131168145736,1557518.0137533806,0.12203720868644068,0.009015766090684474,0.06505803763866425,0.003253098577260971,German
44,-269.8982238769531,86.32831573486328,9.988181114196777,28.86030387878418,30.831859588623047,8.374970436096191,4.728586196899414,1.5175014734268188,-14.965246200561523,-8.006669998168945,-11.848858833312988,2.3484482765197754,-4.685217380523682,-4.594247341156006,0.5060166716575623,5.430906772613525,-11.543376922607422,-1.5375001430511475,-4.804335117340088,-4.271366596221924,17145.890625,3858.466064453125,790.8096923828125,766.013916015625,691.6199340820312,222.5280303955078,196.48936462402344,199.07237243652344,170.1013946533203,150.1068115234375,199.16558837890625,86.62947082519531,116.33499145507812,102.73333740234375,96.44056701660156,101.84843444824219,96.69247436523438,63.887760162353516,64.8550033569336,57.76768112182617,2175.5158688519937,1671357.2618937574,0.11440241020581027,0.009682412575700825,0.07326875627040863,0.0035696332342922688,German
45,-307.19720458984375,76.76737976074219,12.547405242919922,27.403133392333984,27.490915298461914,8.083212852478027,8.035897254943848,0.7841353416442871,-9.778983116149902,-8.475109100341797,-7.566237449645996,5.356173992156982,-5.947031497955322,-3.8185875415802,3.7027578353881836,3.245168685913086,-8.497380256652832,0.90293288230896,-7.841599941253662,-1.2907726764678955,25654.66015625,4238.49267578125,615.52587890625,704.955322265625,598.6782836914062,240.8396453857422,176.0243377685547,175.18101501464844,166.68202209472656,173.78573608398438,229.56692504882812,78.70174407958984,112.1334457397461,100.46849822998047,110.75625610351562,73.54884338378906,91.93611145019531,51.49311828613281,79.14180755615234,51.86819076538086,2353.3701558813023,1514901.1868604473,0.10962797655635327,0.009540477263053753,0.054732974618673325,0.0021591386757791042,German
46,-306.1698913574219,72.38374328613281,11.236991882324219,28.107633590698242,26.036312103271484,8.435088157653809,4.880430698394775,1.750328540802002,-9.817694664001465,-6.295523643493652,-5.447319507598877,3.2149555683135986,-6.949121952056885,-1.6172186136245728,2.6395692825317383,2.5319721698760986,-7.6756367683410645,-0.1400635540485382,-8.063987731933594,-0.9548622965812683,26852.375,3684.044921875,637.7962036132812,706.144775390625,543.6502075195312,178.7449951171875,150.0082244873047,167.78945922851562,171.58082580566406,173.01312255859375,207.4845733642578,79.60047912597656,128.66635131835938,101.331298828125,88.72325134277344,60.069175720214844,101.54112243652344,64.40357208251953,94.44636535644531,60.86067581176758,2436.7307556175897,1442450.2805501595,0.1133962890625,0.009236121009025575,0.05497966334223747,0.0024168440140783787,German
47,-332.419677734375,73.3348617553711,7.942412853240967,22.482152938842773,23.616168975830078,7.770205974578857,6.676805019378662,0.7014930844306946,-9.460247993469238,-8.092816352844238,-8.767053604125977,4.07333517074585,-6.0996904373168945,-2.5101044178009033,1.2369565963745117,3.9351694583892822,-8.150175094604492,-2.947659969329834,-6.45504093170166,-0.6388370394706726,24973.294921875,4375.3701171875,413.103271484375,645.4861450195312,542.1633911132812,185.60450744628906,93.69865417480469,152.5492401123047,168.513427734375,151.62586975097656,201.23255920410156,83.4186019897461,101.4312973022461,73.84566497802734,79.05096435546875,69.28560638427734,89.87248229980469,63.32338333129883,74.60185241699219,42.29367446899414,2298.0111687650906,1335922.8149202971,0.10350826597505092,0.006167345420150069,0.0544271245598793,0.003478073049336672,German
48,-284.5001220703125,80.82389068603516,14.688658714294434,27.12913703918457,26.457529067993164,8.437337875366211,3.132188081741333,-0.9018686413764954,-16.450511932373047,-6.704339504241943,-1.862631916999817,3.125917911529541,-7.533782005310059,0.5394007563591003,-2.54921555519104,2.2239701747894287,-9.537918090820312,-1.5401368141174316,-3.8196234703063965,-5.210194110870361,17918.765625,3919.5947265625,643.9806518554688,711.8732299804688,560.9947509765625,208.77536010742188,156.44573974609375,182.25051879882812,192.1488494873047,146.78611755371094,162.64088439941406,115.49500274658203,113.58187103271484,105.75821685791016,117.85800170898438,79.27333068847656,90.73907470703125,73.02725982666016,54.923336029052734,96.02179718017578,2292.0451745245414,1604977.369040023,0.11944802626794027,0.009650960019218901,0.0621989443898201,0.003110674675554037,German
49,-326.89190673828125,78.1658706665039,9.60590934753418,23.945043563842773,26.763158798217773,7.72226619720459,7.976995468139648,0.32904350757598877,-12.001730918884277,-8.132614135742188,-4.251350402832031,6.484317302703857,-5.616644382476807,-3.9886507987976074,3.527498245239258,2.747408866882324,-8.469717025756836,0.04394323006272316,-5.581009387969971,-1.1342850923538208,27281.970703125,3943.99462890625,500.8865966796875,664.424560546875,526.953369140625,170.90966796875,152.2283172607422,170.23867797851562,213.02328491210938,185.45484924316406,204.2048797607422,78.99734497070312,112.53184509277344,115.63602447509766,91.4447250366211,61.44044494628906,109.15544128417969,65.73934173583984,77.76668548583984,50.396793365478516,2280.276855200054,1227395.5257188878,0.09695554084674292,0.006976855718360843,0.053067490458488464,0.0029119614046067,German
50,-250.52867126464844,83.26054382324219,11.226317405700684,32.33843231201172,30.412050247192383,6.741518020629883,4.816483974456787,0.5478434562683105,-11.968804359436035,-13.006575584411621,-12.804292678833008,6.774134635925293,-6.110449314117432,-7.045681476593018,2.9122188091278076,7.142303466796875,-12.03831672668457,0.9765763282775879,-5.811758518218994,-5.232168674468994,17167.451171875,3862.5634765625,668.3787841796875,673.5330810546875,628.024169921875,204.44981384277344,177.65460205078125,167.81167602539062,133.35809326171875,185.84881591796875,218.28651428222656,92.86690521240234,105.33892059326172,86.26185607910156,120.32254028320312,87.17630004882812,100.25586700439453,65.3721923828125,63.8833122253418,67.8199234008789,2344.132386622669,1779017.7727140475,0.12490473930385206,0.010068573381234788,0.07786425203084946,0.0033301992807537317,German
51,-432.095947265625,94.53530883789062,15.599505424499512,37.470943450927734,6.278872966766357,15.095471382141113,2.270681142807007,8.975937843322754,6.056976318359375,2.121183395385742,-7.056687355041504,4.095020771026611,-1.8506239652633667,-2.3331801891326904,2.149482488632202,-0.8172078132629395,-2.975446939468384,3.3480424880981445,-2.295046329498291,-1.4914199113845825,19128.634765625,5387.07763671875,1252.5311279296875,1116.3634033203125,668.0724487304688,294.6722717285156,277.49139404296875,178.85768127441406,183.98887634277344,165.7819366455078,232.57223510742188,140.6446533203125,139.53013610839844,187.1660614013672,112.64749145507812,110.92306518554688,103.94498443603516,107.19711303710938,97.93557739257812,76.13397216796875,1825.760090286963,1763266.8723045334,0.08923868166287016,0.008855765511852796,0.022115817293524742,0.00036800451925955713,German
52,-431.8853759765625,96.1191635131836,9.042430877685547,38.85623550415039,6.580196857452393,12.860753059387207,1.7133806943893433,5.806738376617432,3.325460195541382,3.9826676845550537,-8.263580322265625,0.2471623718738556,-0.14633575081825256,-2.386080026626587,3.012150526046753,1.4904478788375854,-5.75555419921875,5.45545768737793,-3.415437936782837,-3.550356388092041,20619.279296875,5783.8046875,1335.4315185546875,1095.95263671875,652.9285888671875,307.6791076660156,264.18499755859375,207.0502471923828,204.9164276123047,161.73912048339844,236.17120361328125,134.9817657470703,149.943359375,192.7923126220703,115.84735107421875,98.32466888427734,147.07955932617188,105.23619842529297,112.80828094482422,88.76258087158203,1930.7081771703968,1697869.785344216,0.09726102449143469,0.008333956883113898,0.020818205550312996,0.0003206391993444413,German
53,-423.30596923828125,95.72076416015625,10.262468338012695,37.494991302490234,6.598902225494385,9.797311782836914,1.7606565952301025,5.433516979217529,3.666900157928467,2.6233761310577393,-8.72966480255127,0.052955109626054764,-1.3697186708450317,-3.77535080909729,2.3184924125671387,-0.3942701816558838,-5.046339511871338,3.693190574645996,-4.091546058654785,-3.0798211097717285,15341.14453125,5142.63427734375,1171.1878662109375,1289.54150390625,618.7372436523438,386.4728088378906,266.9707336425781,189.9491729736328,153.8746337890625,142.79197692871094,224.13717651367188,132.5507049560547,117.43246459960938,178.96656799316406,104.00308227539062,89.56427764892578,117.23915100097656,80.85576629638672,96.5046615600586,80.79290008544922,1835.8802363538919,1562257.0357546885,0.09114128561580882,0.007983711068502345,0.019928116351366043,0.00028693588683381677,German
54,-417.79498291015625,92.30867004394531,5.955319404602051,37.73100280761719,8.587553977966309,11.382330894470215,0.13748468458652496,4.158998489379883,4.222550868988037,5.8654398918151855,-7.691641330718994,3.8309295177459717,0.19973495602607727,-3.728621482849121,2.2177441120147705,-1.6106350421905518,-5.644906044006348,3.903991222381592,-0.9521140456199646,-2.125866651535034,19626.048828125,5170.35400390625,1231.787109375,1138.9979248046875,546.4603271484375,312.2796630859375,272.7785949707031,183.54727172851562,165.47105407714844,143.94703674316406,232.66587829589844,108.84810638427734,101.95967102050781,172.8212432861328,94.52110290527344,79.3335189819336,113.56173706054688,89.42349243164062,91.70066833496094,71.2675552368164,1908.5458062892692,1511311.2286861734,0.09034592543191057,0.006836787631307552,0.02175014838576317,0.0003837669501081109,German
55,-415.7926330566406,92.9941177368164,11.725086212158203,37.88467025756836,8.752963066101074,13.20507526397705,-1.0872761011123657,7.460348129272461,4.148116111755371,3.4207515716552734,-7.698517322540283,2.1676671504974365,-2.200676918029785,-1.7564574480056763,2.0733532905578613,-2.534907102584839,-3.9339282512664795,3.521406888961792,-3.693683385848999,-1.1884064674377441,18998.259765625,5427.263671875,1205.676025390625,1252.5206298828125,703.4623413085938,282.97906494140625,326.0345153808594,203.05868530273438,193.87477111816406,162.2192840576172,236.04495239257812,137.239501953125,132.20590209960938,177.52027893066406,119.22537231445312,116.29571533203125,106.61380004882812,104.9791488647461,106.85839080810547,68.33979034423828,1903.249168482484,1670053.224931353,0.09554806804965615,0.008544867451333892,0.022684775292873383,0.0003822837898042053,German
56,-358.5885314941406,102.43807220458984,-3.3997395038604736,42.3021125793457,5.334712982177734,12.86555290222168,-5.641310691833496,1.6454439163208008,1.9790483713150024,7.210707664489746,-10.200297355651855,-3.335991621017456,-2.569047689437866,-8.061381340026855,3.9608023166656494,0.08460528403520584,-3.414712905883789,6.836982250213623,-8.615362167358398,-6.899588108062744,17557.509765625,4367.0126953125,1118.7918701171875,1062.1622314453125,541.3035888671875,263.22113037109375,256.9625549316406,203.06056213378906,237.67446899414062,183.82748413085938,252.5539093017578,142.3798065185547,137.35948181152344,212.3616943359375,110.83111572265625,92.01795959472656,143.2801971435547,92.3123779296875,129.09603881835938,88.86275482177734,1831.0424859324403,1240400.9035486742,0.09811676170023696,0.007459830431877509,0.033337827771902084,0.0006754492642357945,German
57,-363.48626708984375,97.08027648925781,-2.288442373275757,38.4040412902832,0.3081553876399994,12.391912460327148,-3.155728578567505,5.022190093994141,5.045825481414795,8.087699890136719,-4.4822258949279785,1.8529446125030518,-2.4573817253112793,-7.378110408782959,5.195249080657959,-2.395855188369751,-0.41300973296165466,7.30435037612915,-8.743983268737793,-3.5208096504211426,19145.748046875,4334.65185546875,1096.79150390625,1154.0054931640625,552.0022583007812,264.3261413574219,253.2667999267578,168.09620666503906,201.4259033203125,149.27247619628906,228.51878356933594,143.04547119140625,141.91542053222656,205.69549560546875,89.5643081665039,99.09284210205078,127.70172882080078,91.58488464355469,123.3623275756836,78.2109375,1841.8512818311158,1201085.6735069,0.09456522930550684,0.007796637157557584,0.030150821432471275,0.0006360452389344573,German
58,-394.04876708984375,88.07662963867188,1.6259124279022217,39.63554000854492,3.568814277648926,14.379770278930664,-4.903964996337891,4.5579609870910645,4.364060878753662,9.725958824157715,-4.97714376449585,2.2930850982666016,-3.921553134918213,-8.529800415039062,6.609729766845703,-1.6726266145706177,-2.26914119720459,9.58406925201416,-10.337936401367188,-3.45593523979187,23845.66796875,3695.713623046875,934.3347778320312,1136.4365234375,460.1285095214844,245.04458618164062,264.51080322265625,187.25547790527344,212.53187561035156,139.91793823242188,234.77195739746094,164.57302856445312,159.6995086669922,251.6019744873047,95.14471435546875,109.3013687133789,146.78187561035156,96.1627426147461,166.94491577148438,98.02796936035156,1980.8106311863323,1208231.9189729125,0.09709417824514656,0.007336141222203717,0.026524631306529045,0.000551013567019254,German
59,-380.1757507324219,88.73652648925781,6.988333225250244,36.02159118652344,5.428378582000732,12.834489822387695,-1.6293727159500122,4.670663356781006,5.258622169494629,6.944263458251953,-4.5686750411987305,1.4677481651306152,-3.3740036487579346,-9.083358764648438,4.560881614685059,-1.4463266134262085,-1.9381744861602783,7.050778388977051,-9.035003662109375,-4.143864154815674,17313.998046875,4044.660888671875,925.8342895507812,1092.4310302734375,526.6929931640625,250.4004364013672,255.5743865966797,177.6006622314453,138.23104858398438,121.28304290771484,193.7163848876953,131.7695770263672,135.0320587158203,184.44345092773438,86.30741119384766,78.04899597167969,114.80522155761719,77.6522216796875,118.41868591308594,77.37493133544922,1839.074970420633,1288538.7811531273,0.08923493498688811,0.007500231659635658,0.02712857909500599,0.0005842596874572337,German
60,-353.312255859375,92.4983901977539,-5.550592422485352,37.32032775878906,5.741825103759766,11.395604133605957,-4.645547866821289,4.250585079193115,-2.093343734741211,5.519275188446045,-5.649072170257568,-3.6059346199035645,-3.7227354049682617,-6.942785263061523,6.817975044250488,2.5570228099823,-4.689489841461182,6.001530647277832,-4.278041839599609,-2.5454092025756836,19342.546875,4560.95556640625,1158.8157958984375,813.0610961914062,482.6273193359375,257.3629455566406,275.64093017578125,197.4531707763672,260.30010986328125,190.95236206054688,192.74339294433594,128.13511657714844,133.97349548339844,196.7457275390625,108.29088592529297,92.08828735351562,145.26547241210938,83.399169921875,109.24360656738281,88.77344512939453,1942.1239128388168,1341721.8053052227,0.10667305331115336,0.009440655448424439,0.03542077913880348,0.0009912048699334264,German
61,-361.5348205566406,93.16815948486328,-4.692666053771973,39.2435417175293,5.333234786987305,13.697503089904785,-3.963777780532837,7.687050819396973,0.4128139019012451,2.615309476852417,-8.566627502441406,-1.5266739130020142,-2.8344218730926514,-5.266762733459473,7.257901191711426,-1.5147643089294434,-5.025781154632568,6.666684150695801,-6.156632423400879,-2.816026210784912,22153.677734375,4101.6240234375,1022.0706787109375,1199.9825439453125,551.0443115234375,222.7161102294922,319.5602722167969,182.78526306152344,239.41342163085938,155.33656311035156,186.3073272705078,127.02436065673828,133.69943237304688,238.5692138671875,103.03375244140625,100.64141845703125,126.58158111572266,90.80072784423828,99.93446350097656,76.82646179199219,1929.3852011944605,1208864.6326057937,0.10043121143511147,0.008090931686277907,0.03313937783241272,0.0008503029821440578,German
62,-280.1916198730469,82.48406219482422,11.166462898254395,28.23893165588379,25.8752384185791,6.247045516967773,3.435394525527954,3.096280574798584,-10.24431324005127,-8.555761337280273,-5.70979642868042,6.565195560455322,-6.850069046020508,-0.1497698873281479,3.3983917236328125,1.713046908378601,-11.793041229248047,0.25024256110191345,-5.927601337432861,-0.3040983974933624,23251.8203125,3917.576171875,635.6709594726562,758.1824340820312,641.3440551757812,201.30564880371094,163.1522216796875,174.48666381835938,147.62997436523438,165.6929168701172,178.1633758544922,113.0562973022461,116.42259216308594,85.67282104492188,95.70308685302734,70.64472961425781,112.19828796386719,61.889076232910156,58.0761604309082,54.76146697998047,2301.6421491152423,1657156.9147664818,0.12043078691929468,0.00998383965201597,0.06463546305894852,0.0028388199862092733,German
63,-307.3868103027344,79.93157196044922,12.330445289611816,28.524677276611328,29.193391799926758,5.781519412994385,0.3483688533306122,2.250849962234497,-12.492416381835938,-10.104305267333984,-8.554431915283203,6.707554340362549,-6.189905643463135,-1.9107099771499634,1.854142427444458,1.9134700298309326,-10.007649421691895,-2.276130199432373,-5.205520153045654,0.18616633117198944,23432.720703125,3717.100341796875,669.4168701171875,657.8806762695312,623.3330078125,206.10382080078125,182.45101928710938,174.42587280273438,198.33966064453125,167.82040405273438,222.87965393066406,102.2912368774414,104.5600814819336,92.40128326416016,90.47030639648438,73.86357116699219,113.03228759765625,68.21795654296875,63.22600173950195,50.52333450317383,2195.0368668529295,1345191.9433195358,0.10325995300968635,0.006925267573965509,0.06089390814304352,0.0034329474437981844,German
64,-307.3157043457031,83.77645874023438,13.084153175354004,27.624670028686523,28.361955642700195,4.397714614868164,2.537701368331909,3.9219770431518555,-10.443549156188965,-10.537664413452148,-8.0459623336792,7.51381778717041,-5.355805397033691,-2.9944260120391846,0.5720815658569336,1.8777543306350708,-9.89864730834961,-1.9058998823165894,-5.893125534057617,-0.10217775404453278,21503.453125,4055.64501953125,621.37158203125,777.7601318359375,655.1736450195312,197.05494689941406,155.9866180419922,155.3656463623047,168.86135864257812,138.34754943847656,203.02854919433594,96.81147003173828,101.65544128417969,82.55229187011719,90.9166030883789,63.62783432006836,103.06550598144531,64.96469116210938,63.83313751220703,48.80875015258789,2111.1204107884028,1493094.3658045193,0.10452104343044488,0.008454352378270833,0.06142834946513176,0.0031345782335847616,German
65,-308.65545654296875,72.30616760253906,13.981188774108887,27.732999801635742,26.62454605102539,6.253512859344482,0.23808030784130096,3.5370142459869385,-10.543198585510254,-8.482549667358398,-5.531428813934326,4.829738140106201,-7.947024345397949,-2.144059896469116,0.9780156016349792,1.513480305671692,-10.50378131866455,-1.8738691806793213,-7.002591609954834,-0.17143741250038147,24199.22265625,3673.326904296875,656.6661376953125,807.5092163085938,673.1442260742188,185.00721740722656,162.35260009765625,169.25360107421875,162.4309539794922,154.53111267089844,223.034423828125,84.61347961425781,128.8973846435547,80.37776947021484,86.54108428955078,56.58214569091797,113.56488800048828,73.42986297607422,70.80297088623047,51.00338363647461,2164.759089964498,1651980.8554589697,0.11039323725678549,0.009812433999038164,0.06201409921050072,0.0035739995073527098,German
66,-270.7337341308594,84.02059173583984,11.637030601501465,31.607288360595703,30.88186264038086,8.808574676513672,-3.8766937255859375,2.7183122634887695,-11.49319839477539,-9.147354125976562,-4.391419887542725,7.120733261108398,-6.843684196472168,0.526913046836853,-1.2575188875198364,2.6111268997192383,-9.649385452270508,-2.4275760650634766,-5.63638973236084,1.5302242040634155,21064.4296875,3753.486083984375,706.8884887695312,737.167724609375,626.18212890625,197.12124633789062,190.28976440429688,163.56129455566406,170.1216583251953,175.62416076660156,209.87734985351562,89.09718322753906,108.90914154052734,88.16830444335938,100.61422729492188,63.81141662597656,112.27849578857422,59.16767501831055,63.17497634887695,57.1744499206543,2236.248514317999,1570352.3662490929,0.11258907485720562,0.0090902009975106,0.07104844599962234,0.00312936888076365,German
67,-276.4792175292969,86.22615814208984,14.326519966125488,29.20159149169922,30.559904098510742,7.112868309020996,3.6243960857391357,0.5786253213882446,-13.235031127929688,-8.911463737487793,-8.346184730529785,4.643342018127441,-6.945452690124512,-3.8403260707855225,2.1863667964935303,3.1275906562805176,-13.142359733581543,-0.04288234934210777,-6.300171375274658,-0.9019036293029785,18826.291015625,3695.587158203125,752.6942749023438,720.0078125,653.4071655273438,225.58663940429688,161.70196533203125,179.81454467773438,168.4843292236328,151.84181213378906,241.4709930419922,99.47969818115234,111.5922622680664,86.30367279052734,87.89881896972656,68.8430404663086,116.18841552734375,65.31365966796875,67.72941589355469,49.72957229614258,2132.3336372329263,1515371.7684451088,0.1073722581681351,0.00819640396562904,0.07150591909885406,0.0031012333929538727,German
68,-292.80450439453125,78.26869201660156,11.758591651916504,30.0609073638916,26.504945755004883,4.8261566162109375,2.0721497535705566,2.3592936992645264,-8.895023345947266,-6.339979648590088,-7.91375207901001,5.306709289550781,-5.605170726776123,-2.585390567779541,0.6344595551490784,1.432106614112854,-10.25682258605957,-0.2609252333641052,-5.633426666259766,1.4220579862594604,23394.884765625,4115.4580078125,676.3460083007812,706.1298828125,667.3202514648438,210.88961791992188,162.6990203857422,161.87905883789062,160.43951416015625,148.1011962890625,224.1644287109375,76.66791534423828,108.7331771850586,104.03412628173828,86.22738647460938,67.28175354003906,110.08084869384766,60.71654510498047,69.71170806884766,45.44670867919922,2307.4870983791284,1760230.2944138472,0.11618532974255667,0.010467466252426477,0.06293711066246033,0.0030143829062581062,German
69,-260.2211608886719,81.73719787597656,12.36513614654541,31.971391677856445,26.607398986816406,7.974667549133301,1.0479315519332886,2.911585569381714,-10.319887161254883,-8.11755084991455,-7.026793479919434,4.836634159088135,-7.335648059844971,-1.0845623016357422,0.957072913646698,0.49827805161476135,-11.290750503540039,-1.131374716758728,-8.170525550842285,2.6248793601989746,18781.572265625,3728.627197265625,737.6939697265625,808.0343627929688,619.0258178710938,240.70907592773438,185.28330993652344,158.154296875,143.7793426513672,157.1800994873047,240.38479614257812,92.42699432373047,119.16646575927734,80.11316680908203,112.1882095336914,65.52339935302734,106.31632232666016,64.2183837890625,77.90092468261719,50.47165298461914,2319.074633243461,1592916.3402361544,0.11786445446966437,0.009006505614063657,0.07206515967845917,0.003005377948284149,German
70,-270.6037902832031,80.65803527832031,11.218756675720215,31.46709442138672,29.60056495666504,8.667215347290039,0.2869337797164917,0.4109541177749634,-10.53754997253418,-6.744483470916748,-5.753653049468994,6.104661464691162,-7.82277774810791,-1.7680861949920654,0.7418444156646729,0.9331773519515991,-11.62698745727539,-0.492206335067749,-5.110175132751465,1.0904754400253296,18197.76953125,3564.180908203125,691.724365234375,795.6300659179688,664.3646240234375,221.17529296875,177.7363739013672,186.22862243652344,153.74774169921875,156.97549438476562,217.0959930419922,86.44913482666016,124.80054473876953,89.69058227539062,90.44074249267578,68.70753479003906,109.45748138427734,59.52358627319336,63.176002502441406,49.43562316894531,2307.425801998341,1556437.8433100153,0.11453273042719415,0.009173902873120168,0.06689141690731049,0.00305503630079329,German
71,-282.1933898925781,78.2305908203125,12.920429229736328,31.198959350585938,28.76923179626465,7.815504550933838,3.1162497997283936,-1.522842526435852,-14.114638328552246,-6.89365816116333,-5.6495771408081055,1.2435961961746216,-3.3010447025299072,-0.3942779302597046,0.44515034556388855,3.6750681400299072,-12.44145393371582,-1.3716394901275635,-6.813586235046387,1.977706789970398,21366.662109375,3688.842529296875,605.3773193359375,770.9218139648438,642.32470703125,208.440673828125,134.44140625,166.69625854492188,175.2049102783203,141.53970336914062,215.7959442138672,73.74962615966797,95.74764251708984,71.15007019042969,73.70836639404297,66.17985534667969,130.46182250976562,53.33635330200195,70.10630798339844,48.17832946777344,2057.531960087351,1482478.8667520317,0.09922126377242589,0.008202889416783507,0.06992092728614807,0.003423512913286686,German
72,-300.4011535644531,76.80554962158203,9.508895874023438,24.791202545166016,24.288272857666016,6.6390767097473145,2.9093451499938965,-0.17222529649734497,-12.158063888549805,-4.478651523590088,-3.3854079246520996,5.02818489074707,-4.689579963684082,2.576982259750366,-1.3398990631103516,2.5677337646484375,-8.97988510131836,-3.618886947631836,-4.966778755187988,2.1783344745635986,30091.9921875,3775.52978515625,618.6229248046875,688.0895385742188,629.4257202148438,200.36163330078125,167.79356384277344,157.42520141601562,195.3070068359375,128.12660217285156,196.24620056152344,81.38555145263672,113.74771118164062,66.53504180908203,108.72441101074219,60.24957275390625,126.90306854248047,64.92278289794922,68.76673126220703,45.65065383911133,2110.8663079633625,1270294.4105034259,0.09760290674990246,0.007893221238870306,0.06512580066919327,0.003699451917782426,German
73,-252.78396606445312,85.17338562011719,12.103079795837402,28.051799774169922,28.77149200439453,8.706840515136719,0.9439100623130798,-3.066828727722168,-16.2624568939209,-6.294716835021973,-5.300302982330322,6.065454959869385,-6.255834579467773,-0.29535552859306335,0.9801558256149292,2.3609354496002197,-13.2782564163208,-0.920393705368042,-8.059276580810547,0.6272820830345154,17509.568359375,3727.8359375,791.4257202148438,749.852294921875,664.6361694335938,233.56858825683594,184.6918487548828,182.34991455078125,189.87396240234375,146.5721893310547,231.19424438476562,94.58291625976562,107.33629608154297,81.2364501953125,107.35399627685547,68.88829803466797,120.21383666992188,63.846641540527344,62.752281188964844,53.3097038269043,2166.3552138902423,1523532.0859907449,0.11000174084477247,0.008707249526988425,0.07741326838731766,0.0034152804873883724,German
74,-257.2779541015625,84.25888061523438,13.953855514526367,28.9405517578125,27.641334533691406,7.350879669189453,3.7380833625793457,-0.9680088758468628,-13.891982078552246,-7.989286422729492,-6.121156692504883,5.790085792541504,-6.4105401039123535,2.3813843727111816,-1.4619579315185547,0.23165731132030487,-12.679588317871094,-2.2321383953094482,-8.261697769165039,0.29917073249816895,20776.630859375,3808.6787109375,578.0944213867188,750.0130004882812,691.3866577148438,213.09268188476562,171.9482421875,171.47286987304688,174.98812866210938,142.76756286621094,197.1925506591797,93.85846710205078,100.90097045898438,90.85452270507812,119.16661834716797,64.03426361083984,108.88440704345703,60.42536926269531,72.9432601928711,44.63867950439453,2061.154248685286,1507083.6630071492,0.09992037144532746,0.007521662005410492,0.07951313257217407,0.00348836206831038,German
75,-295.5871276855469,80.02433013916016,11.535198211669922,28.193944931030273,27.382244110107422,9.407517433166504,3.4065792560577393,-0.9892351031303406,-11.573249816894531,-6.075555324554443,-6.815227508544922,3.9648654460906982,-5.791807651519775,3.470646381378174,-0.13626424968242645,1.836625576019287,-9.642300605773926,-2.66259503364563,-6.273199558258057,0.9233672022819519,25850.283203125,3514.3037109375,641.8718872070312,732.4840087890625,590.474853515625,206.40390014648438,153.65762329101562,166.9593505859375,150.23272705078125,121.21504974365234,197.950927734375,83.64010620117188,103.95240020751953,72.94385528564453,87.01078796386719,55.9035530090332,116.9443588256836,80.16707611083984,62.903987884521484,47.07533645629883,2032.4499050664635,1274192.3108072095,0.09418450236083499,0.0066344132709172604,0.06480836868286133,0.0032045936677604914,German
76,-289.88702392578125,79.09114074707031,11.965651512145996,25.782560348510742,21.205631256103516,7.605061054229736,0.30189329385757446,-4.435150146484375,-11.902253150939941,-3.9277422428131104,-3.627523183822632,2.9529998302459717,-5.142181396484375,3.0282065868377686,-2.5265510082244873,0.39038410782814026,-8.678061485290527,-3.822194814682007,-5.623607158660889,3.569167137145996,24073.41796875,3906.576416015625,700.3191528320312,668.681396484375,597.6384887695312,209.85792541503906,153.39395141601562,187.432861328125,181.1140594482422,142.3921356201172,183.7344970703125,78.01060485839844,100.43993377685547,75.00545501708984,101.42228698730469,57.213043212890625,114.2467269897461,57.43809127807617,65.4789810180664,47.606170654296875,2144.298037815057,1384775.351905788,0.10479901155028215,0.007651737202598019,0.06317894905805588,0.0034069090615957975,German
77,-262.9117431640625,87.3431625366211,11.963029861450195,27.2022762298584,27.08193016052246,9.445881843566895,4.937413692474365,-3.172109603881836,-17.91484260559082,-2.5152292251586914,-3.4072155952453613,-0.24554142355918884,-7.771101474761963,6.494332790374756,-0.4108816385269165,0.6915543079376221,-10.751948356628418,-1.642087697982788,-8.902573585510254,-0.436574786901474,19362.900390625,3316.960693359375,699.1470336914062,760.5936889648438,591.4658203125,231.36465454101562,190.57577514648438,197.12945556640625,188.45941162109375,135.06585693359375,188.06639099121094,92.49698638916016,111.7509994506836,81.740966796875,120.94194030761719,62.987037658691406,121.52204895019531,49.95713806152344,75.05776977539062,56.46247482299805,2127.003602600794,1303602.0000815133,0.10232446524684484,0.00707910070066316,0.07386279851198196,0.003538269316777587,German
78,-277.3178405761719,81.49333953857422,9.817733764648438,24.013153076171875,24.842571258544922,7.771788597106934,3.70487642288208,-5.281105995178223,-18.197587966918945,-3.669818878173828,-5.815985202789307,-3.2367589473724365,-6.551545143127441,3.361990451812744,-1.611159324645996,1.1674282550811768,-11.953879356384277,-2.288304567337036,-8.653575897216797,-2.2319116592407227,22283.57421875,3677.63818359375,724.3959350585938,620.7215576171875,586.7556762695312,215.95065307617188,189.42889404296875,184.32728576660156,235.2070770263672,151.34091186523438,199.048828125,98.0961685180664,136.04446411132812,91.02192687988281,118.52775573730469,63.36622619628906,138.3189697265625,59.97331237792969,99.7934341430664,56.411373138427734,2065.6857253486623,1337873.627688583,0.09838083382877527,0.008306326215992085,0.07824137061834335,0.004817618522793055,German
79,-352.5491943359375,90.10131072998047,2.645937204360962,30.366958618164062,5.599441051483154,11.981786727905273,-0.8870657682418823,6.110956192016602,-1.083344578742981,1.143354892730713,-8.437506675720215,-5.54427433013916,-4.260686874389648,-1.74405038356781,6.741011142730713,-1.8251368999481201,-6.143576622009277,5.144837379455566,-4.473478317260742,-3.2195065021514893,18998.30859375,4479.21484375,1070.8541259765625,951.3455200195312,506.7531433105469,231.78819274902344,224.9855499267578,136.46890258789062,152.68841552734375,141.5445556640625,203.9649658203125,108.4303207397461,112.25064086914062,137.8656463623047,76.99613952636719,74.27227783203125,91.13755798339844,63.232521057128906,73.71781921386719,57.8564338684082,1926.0198624347738,1502224.9199108854,0.08960981592286789,0.007395304062180048,0.03855420649051666,0.0011020565871149302,German
80,-356.6482238769531,79.15718841552734,3.0410900115966797,36.952327728271484,6.951995372772217,14.35832405090332,-2.7794597148895264,4.240368366241455,1.9580934047698975,6.707962989807129,-6.087512969970703,-2.9879438877105713,-6.980393409729004,-1.1462801694869995,9.569239616394043,-0.5432625412940979,-6.063648223876953,3.948051691055298,-5.332441329956055,-2.044757843017578,22840.478515625,4491.15771484375,1001.11083984375,1166.4110107421875,540.5477905273438,250.4609832763672,241.38104248046875,172.9189453125,170.68218994140625,157.75518798828125,220.07456970214844,129.27928161621094,155.5197296142578,149.42616271972656,78.44788360595703,84.26119232177734,120.9048080444336,76.57392883300781,123.33476257324219,65.0941162109375,2000.910764046156,1487933.9084098744,0.0945336681547619,0.009745847550857096,0.03903455287218094,0.0014574795495718718,German
81,-346.65966796875,76.94070434570312,3.774055242538452,35.21227264404297,10.478734016418457,12.519083976745605,-2.9505064487457275,6.8845930099487305,4.045658588409424,5.604350566864014,-7.709127426147461,-4.365374565124512,-4.856522560119629,-0.18403194844722748,7.027647495269775,-0.8989185690879822,-8.552608489990234,5.302152156829834,-2.304033041000366,-3.6970274448394775,22965.056640625,3993.9296875,1047.237060546875,1043.799560546875,522.2772827148438,233.95025634765625,275.74871826171875,147.7720184326172,191.10357666015625,168.73516845703125,220.58258056640625,113.69163513183594,128.3127899169922,141.8557586669922,71.78948211669922,71.4488296508789,135.55072021484375,71.2812271118164,91.2362060546875,65.95091247558594,1954.6511317422996,1611723.7069477607,0.08999937390613486,0.010288477058974432,0.04254353418946266,0.0016638553934171796,German
82,-325.7969055175781,69.11839294433594,3.512355089187622,35.45524215698242,9.142341613769531,13.013197898864746,-5.096856117248535,4.600137710571289,2.060347557067871,2.084531784057617,-6.935636520385742,-4.801633834838867,-6.199465751647949,-0.12417939305305481,5.488917827606201,-2.2356605529785156,-7.258040904998779,3.9073166847229004,-3.6951780319213867,-3.083097457885742,21509.333984375,4161.24755859375,1040.9207763671875,1197.5859375,451.94183349609375,194.1123046875,271.7914123535156,147.34703063964844,173.02796936035156,148.14852905273438,195.05384826660156,115.08142852783203,128.65179443359375,123.31778717041016,70.08163452148438,76.20801544189453,120.1684799194336,65.60081481933594,84.77277374267578,61.96281433105469,2156.753487607453,1744292.0634347443,0.09953692036290322,0.011387251991533025,0.04927461966872215,0.0023205806501209736,German
83,-297.1217346191406,81.82585144042969,9.789539337158203,23.690458297729492,24.873966217041016,6.280060768127441,5.639961242675781,1.0303285121917725,-10.808961868286133,-10.194999694824219,-6.934790134429932,1.6522681713104248,-7.525007724761963,-1.5422457456588745,1.703883409500122,3.1153790950775146,-9.864691734313965,-1.6120778322219849,-9.264883041381836,-2.0369675159454346,22565.2265625,3828.547119140625,561.9265747070312,749.695556640625,617.7047729492188,208.74417114257812,144.6608123779297,160.1019287109375,156.1605224609375,159.17039489746094,217.10626220703125,82.60578155517578,106.43717193603516,73.85479736328125,86.92121887207031,58.01945877075195,95.73802185058594,56.25651931762695,83.2882308959961,44.79833221435547,2222.562030209038,1275955.7773336966,0.10264632885871784,0.0064774005265420456,0.0626755878329277,0.00350103504024446,German
84,-288.5898742675781,81.70352935791016,10.431876182556152,24.55823516845703,23.461257934570312,9.243941307067871,6.698847770690918,2.7231011390686035,-11.491535186767578,-6.982710361480713,-9.720114707946777,3.399752140045166,-5.310429573059082,-1.4857960939407349,2.8854568004608154,6.745694637298584,-10.5419921875,-0.8798489570617676,-5.215701103210449,-5.5418701171875,21448.279296875,3960.269775390625,614.0017700195312,700.2875366210938,600.305419921875,230.0697021484375,158.11917114257812,176.55947875976562,193.6856689453125,134.80377197265625,185.75775146484375,84.46117401123047,95.17333984375,61.80784225463867,96.43744659423828,73.60348510742188,96.90868377685547,56.044227600097656,60.52887725830078,49.730201721191406,2202.360354180767,1464536.4310023014,0.1058589828062249,0.007101407070082695,0.06525392085313797,0.0036900294944643974,German
85,-293.4666442871094,87.87975311279297,10.129999160766602,25.68182945251465,26.182514190673828,9.810914039611816,2.1350741386413574,0.6254514455795288,-14.408767700195312,-4.668160438537598,-5.864292144775391,0.19196653366088867,-6.483911037445068,0.6288572549819946,1.2869800329208374,-0.30880019068717957,-9.397564888000488,-1.214798927307129,-8.749591827392578,-0.2805209159851074,22035.49609375,4072.737060546875,677.0254516601562,657.5313110351562,614.9923095703125,227.338134765625,182.83206176757812,165.36329650878906,200.4009246826172,142.75547790527344,167.29205322265625,102.1593246459961,89.88929748535156,83.73674774169922,85.16230010986328,53.82892990112305,95.27386474609375,58.903316497802734,70.55648803710938,51.31288146972656,2171.7122719846407,1493629.7900250515,0.10494557930166375,0.007491098846818654,0.06208797171711922,0.0029127311427146196,German
86,-267.7981872558594,87.49151611328125,9.552576065063477,25.24166488647461,25.452144622802734,12.039776802062988,8.533803939819336,1.6591401100158691,-11.697144508361816,-3.619000196456909,-7.621835231781006,-2.2576258182525635,-7.539872169494629,-1.1676937341690063,-1.9278523921966553,6.594339847564697,-10.854548454284668,-2.4194529056549072,-4.071565628051758,-4.8218512535095215,20279.001953125,3852.336181640625,712.3640747070312,735.0624389648438,623.0803833007812,225.35684204101562,165.43019104003906,156.09820556640625,162.8734893798828,136.9884033203125,198.3776397705078,90.67121887207031,105.81211853027344,80.07933044433594,111.32074737548828,85.11634826660156,102.91677856445312,61.5840950012207,57.508304595947266,52.37051773071289,2180.1492814334524,1603657.5612015924,0.10716811812858508,0.00848951364664505,0.067757248878479,0.0026714594569057226,German
87,-306.3033447265625,74.541259765625,7.923981189727783,25.923152923583984,24.480716705322266,12.414791107177734,8.43570613861084,1.0009008646011353,-8.719959259033203,-3.6668202877044678,-8.611541748046875,-2.345198631286621,-5.659050941467285,-0.3950125277042389,-0.7036556005477905,6.235747814178467,-9.39892578125,0.783804178237915,-5.965752601623535,-3.28680682182312,24462.45703125,3786.0419921875,634.04345703125,720.3147583007812,605.8704833984375,201.51361083984375,146.13137817382812,138.9636688232422,148.53985595703125,132.13922119140625,200.79458618164062,86.41279602050781,98.86961364746094,71.46163177490234,89.41466522216797,67.35826873779297,97.51053619384766,57.03383255004883,72.09160614013672,57.6391716003418,2375.096657967162,1422857.034413065,0.11276431224385246,0.007430827226385061,0.05551211163401604,0.0026682887692004442,German
88,-299.2255554199219,75.44905090332031,10.080565452575684,24.790700912475586,24.77420997619629,11.849438667297363,6.554561138153076,1.2090671062469482,-8.682880401611328,-5.796905040740967,-8.506417274475098,-1.456412434577942,-6.377588748931885,1.0732948780059814,0.5772290825843811,3.7439517974853516,-8.735788345336914,-0.4172595739364624,-8.278632164001465,-2.3986616134643555,22714.859375,3839.2939453125,689.9268188476562,703.1629638671875,601.664794921875,196.39549255371094,151.94476318359375,150.0460968017578,160.40896606445312,136.77882385253906,192.8858184814453,81.00564575195312,101.1763916015625,70.52677154541016,87.9157485961914,60.28067398071289,101.07412719726562,62.93393325805664,74.20265197753906,49.285430908203125,2317.665203348313,1476789.87590134,0.10879248303415061,0.007854373539383057,0.06134922429919243,0.003248154651373625,German
89,-270.9842224121094,83.34716796875,11.147908210754395,26.62305450439453,25.250762939453125,13.259340286254883,6.174633026123047,1.926546335220337,-12.227404594421387,-3.7236485481262207,-7.137506008148193,-0.9717913866043091,-5.768946170806885,-0.03844193369150162,-0.665462851524353,3.4557182788848877,-11.746587753295898,2.137328863143921,-7.496539115905762,-3.081340789794922,18226.435546875,3592.522216796875,812.6205444335938,769.6268310546875,658.1638793945312,240.369140625,167.24354553222656,168.28952026367188,168.90858459472656,128.3482666015625,205.99673461914062,85.04222106933594,102.94485473632812,75.42092895507812,118.79480743408203,64.084716796875,96.93706512451172,54.18373489379883,72.13469696044922,53.85519027709961,2269.122959045842,1567032.6314893065,0.11338186862578452,0.009247716601626073,0.06589211523532867,0.002872021868824959,German
90,-309.88409423828125,62.03485107421875,10.17195987701416,13.291414260864258,5.708577632904053,-1.7583141326904297,-10.391724586486816,-3.2850940227508545,-15.13783073425293,-0.27940982580184937,-2.6953461170196533,-3.155217170715332,-3.474522829055786,5.251472473144531,-0.0018094913102686405,-3.689052104949951,2.3234851360321045,0.162386953830719,-2.748734474182129,-0.2109045684337616,21326.3203125,3741.29248046875,992.8306884765625,718.3469848632812,378.03106689453125,308.11492919921875,314.2618713378906,208.6123809814453,350.25531005859375,136.50209045410156,114.46187591552734,111.38725280761719,123.52608489990234,73.39187622070312,87.9168701171875,115.5833511352539,56.34032440185547,67.83465576171875,73.5929183959961,60.00510787963867,2430.6454449102985,2627605.758744473,0.11421248510671364,0.018268688477569496,0.06243935227394104,0.0032091056928038597,German
91,-320.8902282714844,65.53961181640625,10.945040702819824,14.000439643859863,6.6237688064575195,2.2346458435058594,-6.847902774810791,-4.536304473876953,-9.214967727661133,-0.5414237976074219,-1.1291987895965576,-3.2737934589385986,-2.2808120250701904,4.548854827880859,-0.4824986457824707,-1.8062673807144165,-0.2163066565990448,0.4547463059425354,-2.572394609451294,0.07043483853340149,16179.6513671875,3277.658447265625,850.339111328125,661.0604858398438,307.5096435546875,265.6143493652344,230.24623107910156,207.0579833984375,228.5279541015625,131.92697143554688,93.6563491821289,122.14710235595703,117.53721618652344,59.0691032409668,88.28399658203125,72.27149963378906,49.16776657104492,52.063507080078125,52.06974411010742,44.47315216064453,2428.1737103676187,2046308.0228785418,0.10732773289535985,0.013261000935169565,0.04142417386174202,0.0012413040967658162,German
92,-315.7601318359375,64.04878997802734,14.077021598815918,15.190549850463867,6.252231597900391,-0.8132230639457703,-10.594152450561523,-5.3713154792785645,-12.508040428161621,-2.448852777481079,-1.3363533020019531,-2.206951141357422,-4.0640974044799805,4.3134541511535645,-2.1966776847839355,-2.8718907833099365,0.020477253943681717,-0.5127832889556885,-3.3793699741363525,-0.0001482769730500877,20480.685546875,4004.232666015625,968.543212890625,811.150390625,358.92022705078125,322.94879150390625,256.3299560546875,222.1771240234375,247.00338745117188,157.3250732421875,93.31298828125,101.79767608642578,120.29679107666016,65.82401275634766,103.2530288696289,73.07978820800781,46.44629669189453,56.25725555419922,53.45944595336914,37.055633544921875,2580.682971971837,3103030.9428950623,0.1305930698467141,0.019289276295992752,0.048424623906612396,0.0014754632720723748,German
93,-324.8798522949219,58.77536392211914,7.306117534637451,9.349175453186035,3.153292655944824,2.116022825241089,-7.637425899505615,-4.460305213928223,-9.383942604064941,-0.8474511504173279,-1.6782305240631104,-2.6523561477661133,-3.8479294776916504,2.6172971725463867,-1.0452706813812256,-1.815564751625061,-0.8202979564666748,1.1275172233581543,-0.9795399308204651,-0.07677307724952698,20670.474609375,3469.076904296875,878.1470947265625,598.51611328125,349.4857177734375,244.59254455566406,245.2930908203125,214.68540954589844,209.99183654785156,127.39280700683594,105.53743743896484,115.70549011230469,137.12925720214844,72.50940704345703,79.48027801513672,74.3429183959961,56.6942024230957,62.75225830078125,67.64229583740234,56.76731872558594,2614.0122445316883,2541637.626523444,0.12371455551018447,0.016316638439673015,0.04549330100417137,0.0018928040517494082,German
94,-338.0686340332031,62.095088958740234,12.413792610168457,13.291077613830566,5.67197322845459,2.9171674251556396,-6.83418083190918,-1.2402868270874023,-7.201299667358398,-1.0994476079940796,-1.1900532245635986,-0.9125385880470276,-1.705183744430542,3.4397377967834473,-0.06222441419959068,-1.3715646266937256,-0.7981858849525452,1.5781595706939697,-0.7729001641273499,-0.3093894422054291,20990.83203125,3184.40380859375,785.9644165039062,636.95556640625,315.75189208984375,260.6683044433594,256.5574645996094,191.0823211669922,236.9185028076172,155.45608520507812,93.27201843261719,103.41876983642578,115.70726013183594,68.45291137695312,74.60075378417969,80.09066772460938,51.78929901123047,51.21091842651367,50.528892517089844,44.06884765625,2560.5597931431403,2081884.0567773266,0.11318513944551542,0.013827855278852351,0.039232172071933746,0.001283413846977055,German
95,-323.3296203613281,67.41413116455078,11.623482704162598,12.766324043273926,6.21058988571167,-0.4856036305427551,-8.975417137145996,-4.3594841957092285,-10.847383499145508,-0.9873861074447632,-2.8715145587921143,-2.00862979888916,-3.0067930221557617,1.8924850225448608,-2.2553939819335938,-3.0767574310302734,-0.3878437578678131,-0.543958842754364,-1.3917405605316162,-0.42550259828567505,20568.51171875,3922.627197265625,931.9227294921875,693.2435913085938,378.786376953125,306.56939697265625,241.616943359375,238.45147705078125,224.91476440429688,164.43896484375,108.99261474609375,117.31919860839844,115.84065246582031,82.37049865722656,91.72579193115234,75.37467193603516,57.6982307434082,54.758079528808594,55.99211883544922,43.546932220458984,2490.253671576514,2926762.6096639056,0.12156859569355447,0.01862687135266939,0.046466756612062454,0.0014667032519355416,German
96,-275.0308837890625,75.24728393554688,8.915143013000488,14.800978660583496,-8.867629051208496,-6.179113864898682,-14.557790756225586,-1.7134766578674316,-5.594247341156006,-12.349451065063477,-8.193753242492676,-9.54815673828125,-5.937570571899414,-4.980675220489502,-2.2214648723602295,-8.624451637268066,-0.949951708316803,-2.823866128921509,-7.251671314239502,0.9288045167922974,14309.9970703125,4831.35498046875,1255.2215576171875,740.1143798828125,397.115234375,300.1374206542969,186.0252685546875,177.3622589111328,153.06581115722656,231.7782745361328,117.84884643554688,145.0414581298828,82.01670837402344,80.26947021484375,64.20467376708984,105.18702697753906,48.78792190551758,63.43404006958008,53.014556884765625,46.69814682006836,2643.0931806546514,4157767.3469779235,0.16221795035992012,0.02651830833670006,0.06684979051351547,0.0026596281677484512,German
97,-264.9381408691406,78.8311767578125,7.710122108459473,12.085701942443848,-9.540282249450684,-6.4950995445251465,-14.23880386352539,-4.551669120788574,-5.197873592376709,-12.200529098510742,-8.219274520874023,-9.599398612976074,-7.031337261199951,-4.390801906585693,-2.340364456176758,-8.709571838378906,-1.0228649377822876,-2.7863688468933105,-7.865532875061035,1.807491421699524,14987.5380859375,4668.62939453125,1185.6334228515625,698.3516235351562,432.4286804199219,310.3436279296875,205.94195556640625,174.59556579589844,164.3470916748047,224.02490234375,113.51622772216797,139.43089294433594,95.77294921875,85.52886199951172,68.06766510009766,100.2100830078125,44.694705963134766,49.77629852294922,60.32919692993164,47.324710845947266,2518.0066068784236,3751844.294664022,0.14923631099232457,0.022424263164754207,0.07512211054563522,0.0031692334450781345,German
98,-273.0401306152344,73.4437026977539,9.032084465026855,16.42041015625,-7.773099899291992,-6.588804721832275,-12.561515808105469,-3.9334185123443604,-5.544456481933594,-12.716608047485352,-8.082529067993164,-9.863578796386719,-6.748883247375488,-3.7797513008117676,-1.6807804107666016,-8.431832313537598,-2.213589906692505,-2.4080772399902344,-7.880128383636475,0.6329832077026367,13937.099609375,4174.93017578125,1269.26123046875,827.0747680664062,372.7566223144531,307.0974426269531,206.78875732421875,190.4683380126953,147.79591369628906,231.67660522460938,104.4776382446289,127.62670135498047,97.30169677734375,71.02251434326172,63.37621307373047,113.96900177001953,52.301692962646484,50.31707000732422,51.82066345214844,42.048580169677734,2620.8371662231857,3978611.66327604,0.15613125806005895,0.025930737386042756,0.06880835443735123,0.0031276890076696873,German
99,-271.9182434082031,74.92857360839844,12.1054105758667,14.815314292907715,-5.121798992156982,-9.616626739501953,-10.610565185546875,-4.382514476776123,-11.597290992736816,-6.509449005126953,-14.55102252960205,-9.421804428100586,-5.5716352462768555,-5.666664123535156,-0.5031017065048218,-8.232769012451172,-2.0356388092041016,-2.4356441497802734,-7.081607341766357,0.6290602087974548,11658.095703125,4878.5068359375,1361.734130859375,803.2385864257812,365.1993713378906,341.6910705566406,170.26792907714844,190.39317321777344,144.17929077148438,199.30970764160156,108.24263763427734,141.87191772460938,88.8155517578125,76.26870727539062,67.44940948486328,104.6713638305664,51.52063751220703,52.94921875,49.37178421020508,33.60222625732422,2651.2322414038313,4272847.784089395,0.16100754147337637,0.02663490000257575,0.06402715295553207,0.0019763167947530746,German
100,-263.7804260253906,68.54525756835938,10.460794448852539,13.692665100097656,-6.755558013916016,-10.38419246673584,-12.216185569763184,-3.4903969764709473,-12.884570121765137,-8.036630630493164,-12.700818061828613,-10.381828308105469,-4.540062427520752,-6.399505615234375,-0.773533821105957,-7.431887149810791,-2.8700926303863525,-2.409013271331787,-6.160580635070801,1.1554279327392578,11457.685546875,4490.94384765625,1320.076904296875,904.2642822265625,386.8815002441406,349.7069396972656,207.72610473632812,176.65255737304688,169.13980102539062,169.020263671875,113.02974700927734,150.82958984375,81.29451751708984,73.83212280273438,60.28053665161133,100.16929626464844,46.1169319152832,54.3020133972168,55.63542556762695,55.52936935424805,2695.6138969006392,4276356.83055986,0.16551466610936272,0.029128995144900766,0.07147898524999619,0.002934730611741543,German
101,-242.27249145507812,77.6603775024414,4.824386119842529,13.673267364501953,-8.406606674194336,-14.119841575622559,-13.646797180175781,-3.6484787464141846,-13.161805152893066,-7.977345943450928,-13.646797180175781,-9.886195182800293,-3.767098903656006,-7.484961986541748,-2.5020089149475098,-8.680312156677246,-2.7977957725524902,-3.3898677825927734,-4.242188930511475,3.20219087600708,10873.08984375,4080.422607421875,1465.396484375,836.3995971679688,492.9151916503906,388.3887023925781,200.01219177246094,173.70416259765625,189.8762664794922,184.3304443359375,105.19005584716797,138.8658905029297,88.8216552734375,93.0811767578125,78.75446319580078,126.05500030517578,73.92105102539062,83.91615295410156,84.2624282836914,81.6375503540039,2616.543249221835,4033968.620159281,0.16174123324912126,0.027644967175369236,0.08497662842273712,0.003083728952333331,German
102,-238.8341827392578,68.38990020751953,8.004457473754883,9.8508882522583,-7.778261661529541,-6.55277681350708,-11.123917579650879,-5.042393207550049,-7.904677867889404,-10.138689041137695,-8.461262702941895,-10.071744918823242,-4.149377822875977,-3.986394166946411,-1.0483691692352295,-7.865281105041504,-3.0502848625183105,-2.0067081451416016,-8.267400741577148,-0.2878357470035553,16893.13671875,4560.70166015625,1222.7734375,730.9281005859375,427.10552978515625,306.3406982421875,191.20111083984375,175.146240234375,139.53965759277344,236.5006561279297,109.27267456054688,139.0782928466797,82.39066314697266,68.04891204833984,70.77618408203125,129.33718872070312,46.20775604248047,53.73375701904297,60.24543762207031,40.671058654785156,2558.414991590407,4082646.240780334,0.1520650407909292,0.024894730145168135,0.10277873277664185,0.006329049356281757,German
103,-229.58840942382812,71.09679412841797,15.509074211120605,14.437341690063477,-1.8235442638397217,-6.635961055755615,-11.073485374450684,-4.37837553024292,-7.430027008056641,-10.698098182678223,-10.055590629577637,-11.899566650390625,-4.1059250831604,-2.9082980155944824,-2.3951499462127686,-6.385746002197266,-2.6955926418304443,-2.0823025703430176,-7.144198894500732,-0.673283040523529,14579.2861328125,4814.46044921875,1215.362548828125,808.6583862304688,371.26422119140625,298.038818359375,160.00830078125,164.10340881347656,139.33517456054688,194.64622497558594,117.3966064453125,146.06918334960938,94.21209716796875,69.57400512695312,68.63892364501953,99.2064208984375,48.168556213378906,55.10581588745117,45.81549835205078,38.987464904785156,2735.476019254657,4631860.893942123,0.16865679186076604,0.03158691653056035,0.11668289452791214,0.007741962093859911,German
104,-220.3562774658203,78.03348541259766,11.116312026977539,16.61638069152832,-4.193382740020752,-10.367740631103516,-12.11328125,-5.136224746704102,-8.55626106262207,-11.77023696899414,-10.88428020477295,-11.740127563476562,-5.805384635925293,-4.487383842468262,-1.413967251777649,-9.326116561889648,-2.030993938446045,-1.9105304479599,-7.562441349029541,1.5649253129959106,14904.6435546875,3926.083251953125,1206.9609375,837.7295532226562,425.07452392578125,361.5137023925781,201.72225952148438,173.98147583007812,149.9556427001953,233.96945190429688,116.2398681640625,132.5560302734375,103.08412170410156,79.08235931396484,78.71869659423828,127.72294616699219,59.4302864074707,60.673851013183594,57.78459930419922,48.80693054199219,2528.986939765087,3574929.2679749993,0.14361225895316804,0.02230665858035496,0.11741296947002411,0.007166943978518248,German
105,-236.85084533691406,66.50435638427734,13.136401176452637,14.207722663879395,-5.290989398956299,-7.9620771408081055,-9.757975578308105,-4.065928936004639,-11.155582427978516,-8.06336498260498,-12.526973724365234,-8.541500091552734,-4.872364521026611,-4.824540138244629,-2.112889528274536,-7.031444549560547,-1.2923203706741333,-2.9130682945251465,-6.745650768280029,0.5757835507392883,14237.2705078125,4605.56201171875,1201.729248046875,875.0389404296875,432.3638000488281,307.0653991699219,202.57171630859375,166.22763061523438,158.03411865234375,187.8685302734375,103.2053451538086,148.2521514892578,90.4153060913086,67.28497314453125,62.63726043701172,102.81412506103516,47.8159294128418,48.83903884887695,52.95973587036133,36.9118766784668,2806.386616679117,4506666.045681835,0.1703403162673682,0.028991191586787566,0.09235423058271408,0.004514090251177549,German
106,-441.7619934082031,62.36260986328125,10.209489822387695,9.376935005187988,4.848006248474121,2.4028820991516113,-5.3645758628845215,0.9268427491188049,-5.081814765930176,1.7018005847930908,-0.8131706714630127,-0.5321647524833679,-1.479403018951416,1.5459610223770142,-0.150518998503685,0.29013553261756897,0.5600679516792297,1.7704476118087769,0.2524522840976715,0.6978453993797302,27386.9296875,2969.7900390625,865.4451293945312,519.1011962890625,321.15643310546875,272.0958251953125,270.0598449707031,180.4017791748047,217.29652404785156,155.89353942871094,118.78822326660156,116.60726928710938,104.96309661865234,74.50534057617188,86.98399353027344,70.326171875,61.47434616088867,61.41533660888672,65.17988586425781,51.489288330078125,2734.2232323765083,2331366.472615858,0.12276946377159309,0.016422416075220516,0.016640320420265198,0.00026584003353491426,German
107,-383.3412170410156,71.6404037475586,10.698274612426758,18.480453491210938,6.732554912567139,-0.7445323467254639,-8.514634132385254,-1.1268264055252075,-8.78913402557373,-2.3091893196105957,-4.672165870666504,0.3205333352088928,-3.828688144683838,3.5814061164855957,-3.4017674922943115,-2.605598211288452,0.8673743009567261,-2.4569504261016846,-2.5096933841705322,-0.11614286154508591,21320.8984375,3434.779541015625,935.73828125,737.930908203125,344.7401123046875,336.9632568359375,224.33029174804688,225.86856079101562,248.83746337890625,176.97396850585938,112.05354309082031,92.85700988769531,129.8944549560547,65.78376007080078,93.290283203125,76.4768295288086,47.19697570800781,66.21578979492188,49.806968688964844,35.653526306152344,2605.5924878930878,2413386.7221289715,0.12610526925453047,0.014725112571500542,0.021809911355376244,0.00026247004279866815,German
108,-388.85516357421875,67.7708511352539,6.260148048400879,10.553815841674805,1.7699037790298462,-1.72890305519104,-7.4734721183776855,-0.3418390154838562,-6.012324810028076,-2.2702157497406006,-4.852326393127441,0.26632365584373474,-3.2970046997070312,0.6349952220916748,-5.2351508140563965,-0.7989910244941711,-0.47669991850852966,-1.9178138971328735,-0.9935567378997803,-0.5345748662948608,26608.958984375,3374.550048828125,1005.1597900390625,695.7304077148438,359.4507141113281,309.4621276855469,225.62472534179688,223.36614990234375,212.02610778808594,155.52613830566406,110.72490692138672,90.84729766845703,106.98162078857422,59.5173225402832,105.28478240966797,61.3002815246582,56.23368453979492,65.33617401123047,41.71831130981445,38.125770568847656,2541.8756832533886,2756145.5099765914,0.1244394383580382,0.016679713409425128,0.022191597148776054,0.0003119605826213956,German
109,-414.5582275390625,63.663848876953125,10.325443267822266,13.268902778625488,4.057866096496582,0.8991252183914185,-4.0216288566589355,1.4891860485076904,-3.747995138168335,-0.4189273715019226,-3.4684982299804688,0.5662932395935059,-2.801415205001831,1.4971917867660522,-3.1389272212982178,0.06963655352592468,-0.705062210559845,-0.43631404638290405,0.07581295073032379,0.18884515762329102,28457.224609375,3191.488037109375,819.018310546875,613.106689453125,317.7560729980469,292.0699462890625,242.10018920898438,180.6995849609375,236.15000915527344,179.89939880371094,124.65435028076172,96.83230590820312,115.37832641601562,63.01988220214844,94.0600357055664,60.63838195800781,52.1793212890625,58.64861297607422,49.021026611328125,37.777496337890625,2588.7076855624496,2377269.5110460557,0.11770609368821669,0.014262130888657578,0.01939327083528042,0.0003063273034058511,German
110,-393.6097717285156,68.82840728759766,9.425139427185059,14.587892532348633,3.649289846420288,-0.7451080083847046,-5.224398612976074,1.6866663694381714,-6.2854108810424805,-3.043966770172119,-3.893829822540283,-0.050480954349040985,-2.582298994064331,0.7690860629081726,-2.9939651489257812,0.23351158201694489,-2.027897834777832,-1.5120363235473633,-0.6363766193389893,0.0011022866237908602,25486.57421875,3497.31982421875,867.1729125976562,667.5064086914062,355.7440185546875,273.8185729980469,203.6827850341797,186.865478515625,195.849365234375,165.4476776123047,97.98844146728516,100.29415893554688,104.34500885009766,63.87333297729492,86.40058135986328,57.462730407714844,55.24644470214844,54.47624969482422,41.278202056884766,36.64060974121094,2428.1078321543805,2785711.595878205,0.11708663261605416,0.01747816717492784,0.020704619586467743,0.000263755617197603,German
111,-426.16192626953125,65.96027374267578,12.811897277832031,16.852886199951172,7.287250995635986,2.8858578205108643,-6.2684712409973145,-2.0009539127349854,-6.76072883605957,0.5781638622283936,-1.614365816116333,-1.3275761604309082,-0.8177786469459534,2.0137054920196533,-1.744882583618164,-0.3700956702232361,-0.25972115993499756,0.2952692210674286,-1.2714096307754517,0.6878868937492371,23409.830078125,3332.094970703125,809.6622924804688,608.8892822265625,337.06915283203125,248.2224884033203,237.1654052734375,220.57884216308594,230.85305786132812,146.8456268310547,101.47533416748047,127.2502212524414,106.3067398071289,63.43122863769531,89.98336791992188,61.7558479309082,55.34819412231445,57.23677062988281,53.76430130004883,42.81954574584961,2535.6871294938815,2487563.536840171,0.12150954895750199,0.016880942150099467,0.016766497865319252,0.00021243545052129775,German
112,-377.185791015625,73.64248657226562,10.701869010925293,14.18278980255127,6.14860725402832,1.4086140394210815,-7.868803977966309,-4.343820095062256,-9.186038970947266,-1.5440057516098022,-2.3898160457611084,-0.42443811893463135,-4.981533527374268,4.443530559539795,-2.4151113033294678,-3.954862356185913,0.713242769241333,0.07105866074562073,-2.4455037117004395,-0.6022471785545349,21556.3515625,3414.860107421875,865.1062622070312,669.3484497070312,346.81903076171875,298.2134704589844,247.3391571044922,227.95962524414062,234.44073486328125,169.76910400390625,103.48151397705078,94.84661102294922,129.40953063964844,70.8439712524414,86.81517791748047,81.23983001708984,51.68025588989258,56.59765625,54.59535598754883,35.872711181640625,2610.275081936578,2820538.153556706,0.13136833987329805,0.01683782045632675,0.022823190316557884,0.00027937584673054516,German
113,-400.25128173828125,62.826637268066406,12.967307090759277,15.601962089538574,6.763087272644043,0.4021247327327728,-8.060627937316895,0.3112271726131439,-8.175760269165039,-0.6121883988380432,-2.8659627437591553,-0.037897128611803055,-2.442840814590454,2.267094135284424,-2.6626405715942383,-1.548105001449585,0.08955822885036469,-0.012120137922465801,-1.0948566198349,-0.020932622253894806,26039.791015625,3420.11328125,937.6270141601562,691.7846069335938,311.0460205078125,289.5912170410156,245.36306762695312,208.2147979736328,237.3985137939453,153.79510498046875,110.65419006347656,104.0871810913086,107.12679290771484,59.96451950073242,88.94000244140625,72.26056671142578,48.10237503051758,55.38249588012695,49.42198181152344,38.07377243041992,2733.628615039814,2769978.2136968365,0.1316864311889251,0.017539846367665955,0.020779091864824295,0.0002918250975199044,German
114,-421.2691955566406,57.92388916015625,10.481582641601562,13.818294525146484,5.500635623931885,1.5653146505355835,-5.932674407958984,-1.2749119997024536,-5.732362747192383,-0.5887290835380554,-3.5182971954345703,0.39494842290878296,-3.641988515853882,2.408985137939453,-2.5443525314331055,-1.615803837776184,-0.2137061059474945,-0.7996752858161926,-0.18046703934669495,-0.39212334156036377,29370.119140625,3232.0498046875,837.3378295898438,627.2848510742188,337.07415771484375,252.62733459472656,208.2989959716797,222.490234375,231.0086669921875,170.26995849609375,118.40670013427734,99.71701049804688,118.83425903320312,64.47607421875,89.98253631591797,66.97579193115234,56.073341369628906,61.23509216308594,44.71703338623047,40.72270202636719,2590.275384170776,2854965.0123868273,0.12050739516559829,0.017449636944535142,0.01979132369160652,0.0003230523143429309,German
115,-236.2362518310547,61.791969299316406,-38.0876350402832,49.37969207763672,-14.240015983581543,-11.032931327819824,14.769311904907227,-15.929014205932617,-28.809785842895508,-18.302406311035156,-12.740877151489258,-0.939846396446228,-14.558965682983398,-10.167146682739258,1.7158054113388062,-3.8488929271698,5.391555309295654,-7.95965576171875,-5.67578649520874,4.223637580871582,14383.1943359375,2891.774169921875,1821.361572265625,715.3099975585938,504.57696533203125,382.3851013183594,171.13037109375,198.59524536132812,206.24220275878906,196.3873748779297,99.94950866699219,120.93879699707031,104.56192779541016,76.13310241699219,67.73519134521484,71.73066711425781,60.01969528198242,66.89254760742188,45.881107330322266,60.71648406982422,2777.0254368396922,1620246.41449314,0.17784505934132294,0.012481956818985885,0.07142248749732971,0.002204375807195902,German
116,-225.66455078125,76.43685150146484,-39.81898880004883,33.69293975830078,-4.409491539001465,-16.72141456604004,18.277202606201172,-19.91578483581543,-23.98677635192871,-25.408517837524414,-5.979937553405762,-8.228145599365234,-10.682466506958008,-7.042636394500732,-2.399351119995117,-2.7442514896392822,0.1165245771408081,0.9959036111831665,-10.79883861541748,3.0185835361480713,10433.2509765625,3317.4599609375,1862.649658203125,771.6287231445312,428.90289306640625,482.5315246582031,182.8528594970703,211.02975463867188,188.1818389892578,279.0133056640625,86.80030059814453,116.33502960205078,101.66898345947266,83.61756134033203,75.31005096435547,90.1596908569336,58.85535430908203,51.0526237487793,48.55181884765625,45.66891860961914,2663.4782223300454,2405751.109479528,0.16538937547600913,0.016388170276193274,0.0756889209151268,0.0020636434201151133,German
117,-171.011474609375,53.14577102661133,-51.70722198486328,29.902904510498047,-16.063400268554688,-15.363905906677246,7.824923992156982,-24.192502975463867,-25.05466651916504,-27.44462013244629,-13.375401496887207,-9.29385757446289,-18.672035217285156,-4.770049571990967,-4.672582626342773,-6.904129505157471,-1.674931526184082,-7.067716121673584,-8.83284854888916,-3.9601082801818848,14993.2421875,3254.1171875,1697.0618896484375,779.81494140625,416.98681640625,373.8316345214844,158.77020263671875,244.69436645507812,186.3114776611328,268.614013671875,95.4929428100586,132.4479217529297,120.4738540649414,88.05656433105469,71.6949462890625,111.36400604248047,54.86016082763672,51.613372802734375,47.80165100097656,40.56454849243164,2900.0902795961906,1922762.9221791583,0.19048960165103557,0.015460222619069658,0.1234038770198822,0.005212754942476749,German
118,-304.38604736328125,74.82649993896484,3.76578426361084,17.191465377807617,5.109313488006592,1.1267821788787842,-11.54088020324707,-7.18921422958374,-9.387165069580078,-3.239262580871582,-1.2913028001785278,-4.089513778686523,-3.9028987884521484,4.944004058837891,-1.864508867263794,-2.074859857559204,-1.5491448640823364,-0.4956793189048767,-5.270098686218262,-1.536133885383606,18442.15234375,3761.958740234375,1309.0684814453125,786.3482055664062,350.8813171386719,293.1988525390625,281.48870849609375,242.95816040039062,243.0209197998047,170.7235107421875,99.77005767822266,125.72244262695312,125.9996337890625,65.10611724853516,110.5624771118164,87.14656066894531,65.79173278808594,60.96320724487305,66.37285614013672,48.534576416015625,2511.7114214269673,2497346.794032753,0.13074431788613655,0.01721373769955824,0.04650295153260231,0.0012884123716503382,German
119,-323.1137390136719,74.91399383544922,10.731363296508789,17.998441696166992,6.001767158508301,0.04632432758808136,-6.685030460357666,-7.18037748336792,-12.403236389160156,-5.092333793640137,-1.7360706329345703,-3.1470673084259033,-4.8830437660217285,4.2937703132629395,0.3374571204185486,-2.5220155715942383,-2.4698705673217773,0.10406696051359177,-4.228493690490723,-2.017656087875366,19067.4296875,3555.05126953125,979.5514526367188,788.8452758789062,327.88031005859375,297.8941345214844,250.19969177246094,225.67201232910156,261.6238098144531,187.29641723632812,94.67611694335938,110.40449523925781,125.51383972167969,74.08197784423828,79.89326477050781,83.86678314208984,67.29963684082031,53.429386138916016,61.47997283935547,48.82973861694336,2396.2731500592827,2402377.0824405607,0.11802311736727897,0.015233500388944271,0.04344365745782852,0.0011373002780601382,German
120,-325.7966003417969,66.26399230957031,10.855365753173828,16.325340270996094,6.9356794357299805,1.3878047466278076,-6.152228832244873,-1.9593522548675537,-9.102757453918457,-6.532784461975098,-2.8337793350219727,-3.8131213188171387,-3.0197980403900146,2.447446823120117,-0.7221734523773193,0.10939154773950577,-3.7675223350524902,-0.7671907544136047,-3.106929302215576,-1.7795909643173218,17851.58203125,3360.753662109375,883.9286499023438,665.630859375,325.34991455078125,263.3183288574219,221.81919860839844,178.89031982421875,208.68577575683594,154.32774353027344,90.97428131103516,141.69497680664062,113.03996276855469,64.637939453125,85.8450698852539,70.22071838378906,64.44322967529297,50.579288482666016,47.58298873901367,46.33861541748047,2544.4348071765394,2548866.292396236,0.1241901273295214,0.01626012435832893,0.038343753665685654,0.0009753244812600315,German
121,-304.8108825683594,59.75590133666992,10.447625160217285,15.04924488067627,4.771677494049072,-0.7955607771873474,-6.518709182739258,-2.2017452716827393,-9.769330978393555,-5.421974182128906,-3.6737477779388428,-2.3669145107269287,-3.7726800441741943,2.539264678955078,0.014651259407401085,-0.5847064256668091,-2.1113696098327637,-0.3305520713329315,-2.6772232055664062,-1.5132914781570435,18280.8828125,3272.3447265625,815.2562255859375,629.7911987304688,318.8200378417969,313.6229553222656,222.94976806640625,178.13648986816406,232.77134704589844,164.74224853515625,106.3391342163086,120.296875,126.30899810791016,70.8070297241211,90.57318878173828,73.62152862548828,57.48869705200195,53.308990478515625,61.075016021728516,59.984153747558594,2640.2915493441665,2398139.694556334,0.1234091144718536,0.015558906955411001,0.04970523342490196,0.0022125288378447294,German
122,-304.7487487792969,62.002052307128906,9.11081600189209,13.842740058898926,1.595126748085022,0.5071748495101929,-4.555826187133789,-1.3118224143981934,-8.683789253234863,-5.235648155212402,-3.0958926677703857,-2.684019088745117,-2.5171921253204346,1.2733110189437866,-0.35009974241256714,0.5783857703208923,-2.343935966491699,-0.5812466144561768,-1.5551576614379883,-0.17060984671115875,16626.94140625,3173.0341796875,866.3306274414062,674.2212524414062,385.5245666503906,265.5560607910156,218.16856384277344,199.76171875,217.12496948242188,149.88336181640625,93.55754852294922,122.15979766845703,105.43498992919922,68.07173156738281,78.1402587890625,66.72498321533203,54.329708099365234,58.38447189331055,65.50714874267578,76.63003540039062,2642.0200770233714,2259184.9617176643,0.12630940399836244,0.01607414696723554,0.04356612637639046,0.0014626288320869207,German
123,-312.974365234375,60.96205520629883,12.826384544372559,16.868722915649414,5.08425760269165,-0.5655585527420044,-6.9751458168029785,-1.7499028444290161,-9.026219367980957,-4.793718338012695,-4.173923015594482,-3.325544595718384,-1.7979986667633057,1.633169174194336,-1.7089112997055054,0.43557479977607727,-1.9157508611679077,-1.2511284351348877,-2.417440891265869,-1.552710771560669,20282.529296875,3828.448974609375,892.5001831054688,658.2791137695312,326.542724609375,276.5590515136719,225.77474975585938,227.28770446777344,226.5635986328125,150.13267517089844,106.63184356689453,125.65731811523438,101.36878967285156,65.63174438476562,96.6829605102539,69.7471923828125,54.371070861816406,48.07025909423828,49.743953704833984,49.1060791015625,2714.5907123275815,3137913.3055136115,0.14074046251780628,0.02051835023367416,0.04580257460474968,0.001457535196095705,German
124,-256.8484191894531,69.09391021728516,8.967340469360352,11.400248527526855,-4.657267093658447,-14.860403060913086,-9.275507926940918,-5.360109806060791,-11.561241149902344,-7.937551498413086,-13.224800109863281,-11.116260528564453,-6.535215377807617,-5.365772724151611,-1.9949156045913696,-8.088268280029297,-1.699705719947815,-4.116145610809326,-7.556380748748779,-1.6635490655899048,14848.658203125,4408.10205078125,1363.9503173828125,818.9889526367188,445.8367614746094,436.9631652832031,190.766357421875,196.35116577148438,177.36404418945312,271.8367004394531,115.64759826660156,173.70489501953125,99.07249450683594,88.47819519042969,65.46090698242188,118.72576141357422,50.96343994140625,59.13954544067383,58.28468704223633,41.964447021484375,2970.127677492983,4291728.614311098,0.18629002190245608,0.03222803402936619,0.08101414144039154,0.0032713711261749268,German
125,-277.5122375488281,74.91413879394531,9.94538402557373,15.302051544189453,-7.531318187713623,-9.107181549072266,-13.521512985229492,-2.9696455001831055,-10.060823440551758,-9.675634384155273,-12.731425285339355,-10.760655403137207,-7.500596046447754,-6.453366756439209,-0.6679206490516663,-9.268948554992676,-0.28733038902282715,-4.5997724533081055,-7.381796360015869,-0.639384925365448,13003.8876953125,4449.05908203125,1304.83203125,813.7183227539062,445.52484130859375,346.3094177246094,189.87168884277344,180.69407653808594,153.87351989746094,249.0440673828125,112.40193176269531,175.5800323486328,92.93160247802734,79.48535919189453,61.43497848510742,103.58338165283203,45.67527389526367,60.021995544433594,50.90171813964844,36.49822998046875,2816.7390683539084,4028228.8112997245,0.17454673124010683,0.029386155986196115,0.06433351337909698,0.0021514222025871277,German
126,-274.420654296875,71.85523223876953,11.215147972106934,12.188637733459473,-5.932840824127197,-8.573772430419922,-12.835954666137695,-1.9332066774368286,-10.77273178100586,-7.097165584564209,-12.637744903564453,-11.075788497924805,-4.8626790046691895,-6.710598468780518,-1.550865650177002,-8.093372344970703,-1.0880547761917114,-3.543882369995117,-7.672275543212891,-1.0535837411880493,13803.5791015625,4628.6708984375,1156.738037109375,747.5740356445312,428.340576171875,365.1823425292969,192.7640380859375,165.50927734375,154.62222290039062,246.84739685058594,106.32783508300781,177.77395629882812,91.33033752441406,83.692626953125,57.609859466552734,104.59412384033203,49.07383728027344,57.33709716796875,47.94777297973633,38.92145919799805,2963.44548477949,4330491.758841773,0.1905318391537238,0.03078214851445762,0.06411624699831009,0.0021341892424970865,German
127,-266.8634033203125,74.51045227050781,12.786008834838867,14.479405403137207,-3.9862687587738037,-7.522356986999512,-11.178733825683594,-6.343121528625488,-7.610758304595947,-9.724867820739746,-10.70742130279541,-11.199252128601074,-7.680874347686768,-3.244006872177124,-2.17639422416687,-9.482324600219727,-4.475860118865967,-2.7145791053771973,-9.10963249206543,-0.05473107844591141,15844.283203125,4834.146484375,1276.3973388671875,830.2633056640625,442.26629638671875,316.9415588378906,198.03158569335938,218.72747802734375,160.96604919433594,269.69525146484375,108.9002456665039,151.4360809326172,108.06016540527344,84.45396423339844,66.5052719116211,125.8339614868164,50.14179611206055,50.34209060668945,55.577823638916016,42.42195129394531,2880.5993622798637,4342555.251027824,0.18300040746487684,0.030893521709243806,0.07969100773334503,0.0034394124522805214,German
128,-267.17694091796875,77.47722625732422,14.173467636108398,14.950240135192871,-1.003377914428711,-4.65165376663208,-10.968379974365234,-6.341704845428467,-8.015843391418457,-9.641400337219238,-10.822554588317871,-12.638954162597656,-5.960849285125732,-3.0590028762817383,-1.6261265277862549,-9.655197143554688,-4.271583080291748,-3.026604652404785,-10.11902141571045,0.7941912412643433,12793.421875,4928.72705078125,1233.3172607421875,769.9892578125,389.9904479980469,271.7359924316406,188.99034118652344,215.06155395507812,142.34486389160156,262.0459899902344,111.70142364501953,156.04737854003906,94.97776794433594,83.0873031616211,69.75768280029297,139.35951232910156,48.888973236083984,43.8106689453125,54.80491638183594,36.81995391845703,2828.515629331983,4296676.948295877,0.17895041059061648,0.030439856134798843,0.07014860957860947,0.0027886847965419292,German
129,-252.33714294433594,73.690673828125,5.4371747970581055,10.280545234680176,-5.5389084815979,-9.041186332702637,-14.210335731506348,-6.077972412109375,-11.361769676208496,-9.994128227233887,-12.007372856140137,-12.722101211547852,-4.3440680503845215,-3.213714122772217,-4.719308376312256,-7.037071704864502,-3.2212164402008057,-4.483940124511719,-6.855497360229492,-0.7900056838989258,17106.158203125,4523.1220703125,1479.7369384765625,780.98046875,467.764404296875,357.74261474609375,218.1548309326172,215.33560180664062,193.1262664794922,260.63983154296875,132.74473571777344,172.54312133789062,97.57013702392578,106.0132827758789,66.61866760253906,104.7045669555664,62.313316345214844,67.15038299560547,80.7173843383789,74.64999389648438,2859.230749771716,4070548.316089321,0.17949609074750192,0.028753642221648713,0.09343058615922928,0.005324583034962416,German
130,-247.95684814453125,72.63595581054688,11.77914810180664,11.858834266662598,-2.9833076000213623,-8.770421028137207,-11.85927677154541,-4.400681018829346,-10.635685920715332,-8.795722961425781,-12.867692947387695,-11.661911010742188,-5.566015720367432,-2.897073984146118,-3.0642335414886475,-7.847789764404297,-2.5352907180786133,-3.789724349975586,-8.712010383605957,-0.4307253956794739,14690.4345703125,4666.68798828125,1265.427001953125,825.58056640625,418.4505615234375,323.5284118652344,177.7415313720703,184.6406707763672,155.03855895996094,218.59483337402344,125.84793090820312,157.0260009765625,96.79005432128906,83.73114776611328,62.600894927978516,112.52584838867188,49.2853889465332,46.34226989746094,47.705867767333984,38.38404846191406,3014.920281603686,4478141.131726909,0.19783643265845072,0.031218354782766713,0.08663162589073181,0.004340487997978926,German
131,-238.0186309814453,62.851402282714844,1.3772954940795898,6.12954044342041,-11.400419235229492,-11.370534896850586,-17.289936065673828,-7.351537227630615,-9.748702049255371,-13.544737815856934,-12.511821746826172,-9.828773498535156,-7.668059349060059,-5.045589923858643,-1.2137629985809326,-10.956504821777344,-1.8283579349517822,-2.2422218322753906,-8.345129013061523,0.4596341550350189,13590.3330078125,4323.97607421875,1408.58935546875,763.1077880859375,512.7296752929688,338.34600830078125,203.65110778808594,200.16001892089844,178.04949951171875,258.522705078125,116.98628234863281,137.6113739013672,114.16717529296875,97.16789245605469,72.47925567626953,124.77934265136719,55.06728744506836,55.98161697387695,81.67086029052734,73.27215576171875,3109.3504572249644,4394413.861847528,0.20793046451175407,0.0347640683049102,0.09524999558925629,0.004885443951934576,German
132,-374.8249816894531,57.19251251220703,9.205299377441406,18.446670532226562,-3.2836480140686035,-14.540131568908691,-3.9733026027679443,-6.631829738616943,-10.605167388916016,-10.324080467224121,-11.545018196105957,-10.683323860168457,-7.1291608810424805,-4.044921875,-2.4316892623901367,-5.714643955230713,-2.5560357570648193,-4.761839389801025,-4.328132152557373,-2.1348965167999268,13490.25390625,4105.642578125,1418.0035400390625,804.8093872070312,378.3302917480469,409.0591125488281,167.70742797851562,206.64303588867188,167.1894073486328,226.80743408203125,98.18810272216797,152.65367126464844,107.3132095336914,84.57128143310547,62.38477325439453,92.93755340576172,48.445960998535156,50.83989715576172,48.72937774658203,45.11000442504883,3075.5725158439514,4318150.611775685,0.1773349102450665,0.02908862571724684,0.019275235012173653,0.00014763549552299082,German
133,-373.3482360839844,56.31532287597656,7.369783878326416,17.9163875579834,-5.456417083740234,-13.738171577453613,-8.029533386230469,-7.297954559326172,-11.688958168029785,-8.732379913330078,-11.398760795593262,-9.850885391235352,-6.97352409362793,-4.183390140533447,-2.1638615131378174,-5.825891971588135,-3.250068426132202,-3.492743492126465,-5.59208345413208,-1.9232890605926514,12286.595703125,4051.27392578125,1353.4783935546875,833.0471801757812,407.3896179199219,377.8063049316406,170.38613891601562,186.9673309326172,158.15725708007812,211.01756286621094,107.4375228881836,154.05178833007812,104.70814514160156,80.27286529541016,66.88407897949219,89.33443450927734,55.062110900878906,58.05022048950195,52.24230194091797,49.98067855834961,3060.714348970149,4206644.752580109,0.18013948567708332,0.028072054101917484,0.018811115995049477,0.00014312272833194584,German
134,-389.9581604003906,53.179649353027344,6.572970867156982,13.982645988464355,-6.009786605834961,-11.32579517364502,-6.051511764526367,-4.418875694274902,-8.739026069641113,-7.97639799118042,-12.422823905944824,-10.053098678588867,-8.25158405303955,-4.255523204803467,-2.4882872104644775,-8.991833686828613,-1.0860695838928223,-3.8694982528686523,-6.579216480255127,-1.7033295631408691,13702.5634765625,3818.7529296875,1251.3087158203125,744.7550048828125,400.7240295410156,332.5049743652344,161.0433807373047,194.11892700195312,167.31922912597656,287.31365966796875,120.43641662597656,151.36166381835938,93.79397583007812,92.00851440429688,65.55386352539062,121.56360626220703,55.767242431640625,53.5559196472168,62.03900909423828,44.535675048828125,3135.884880165386,4167662.370311059,0.18307165701374745,0.027741061522189168,0.015914853662252426,0.00011681044270517305,German
135,-399.597900390625,63.722412109375,5.464529037475586,15.9129638671875,-4.395452976226807,-10.935602188110352,-4.893621444702148,-6.466681957244873,-6.717836856842041,-9.405019760131836,-11.840991973876953,-10.87770938873291,-9.325998306274414,-4.836019515991211,-2.8293614387512207,-9.37354564666748,-1.7179924249649048,-3.533602237701416,-7.323306083679199,-1.8687134981155396,12521.626953125,4255.462890625,1294.9449462890625,760.4906616210938,370.4012145996094,357.0377502441406,164.3325653076172,182.05592346191406,139.46871948242188,294.2911071777344,109.06153106689453,152.67108154296875,116.13249206542969,96.22982788085938,63.612308502197266,122.82344055175781,47.91650390625,53.23509979248047,53.65583801269531,43.68614959716797,2909.3494849892923,4036248.3132238006,0.1692451468669901,0.026488732018785568,0.014926462434232235,8.900190732674673e-05,German
136,-407.4574890136719,62.46738052368164,9.966330528259277,18.027502059936523,-2.3387644290924072,-11.733027458190918,-4.268832683563232,-3.7196033000946045,-8.519024848937988,-7.07299280166626,-12.558013916015625,-11.814484596252441,-7.474275588989258,-5.868770122528076,-2.563913345336914,-8.16523551940918,-1.8426862955093384,-4.74604606628418,-5.855964183807373,-1.5238988399505615,12052.1962890625,4284.94189453125,1292.723388671875,826.24755859375,357.1107482910156,350.0262451171875,169.97454833984375,165.8711700439453,145.89939880371094,271.6374816894531,101.80529022216797,169.496826171875,116.13150787353516,91.76920318603516,58.37809371948242,101.52381134033203,48.01826858520508,54.54348373413086,49.807918548583984,36.98806381225586,2912.415173599512,4249143.865517679,0.1704751048511549,0.02808453860800169,0.014774413779377937,9.777616651263088e-05,German
137,-317.1805419921875,66.8910140991211,3.412559986114502,13.156505584716797,3.78402042388916,0.26781946420669556,-6.872201919555664,-4.49524450302124,-8.99349308013916,-1.3741620779037476,-4.055501937866211,1.1063803434371948,-4.077901840209961,3.3311493396759033,-0.04077907279133797,-3.9475207328796387,0.9752054214477539,-0.24849678575992584,-2.4012298583984375,-0.7049907445907593,25250.744140625,3827.478515625,942.9176635742188,646.0462036132812,444.869384765625,273.1534423828125,245.61834716796875,248.28428649902344,263.2536926269531,167.01231384277344,118.19490051269531,85.06903839111328,142.9341278076172,70.67581176757812,85.34881591796875,109.4505386352539,49.28834915161133,57.53160095214844,60.52529525756836,41.386009216308594,2422.058235552099,2541357.029894412,0.11035815279907975,0.01612068446912173,0.05176197737455368,0.002264932729303837,German
138,-329.74700927734375,61.99761962890625,3.717819929122925,11.592750549316406,4.792909145355225,-2.1847877502441406,-6.445850849151611,-2.486748456954956,-11.17813777923584,-1.259901523590088,-4.586517810821533,0.07851513475179672,-3.2306463718414307,1.764338731765747,0.9721910357475281,-3.0175204277038574,0.45882856845855713,-0.409300833940506,-2.133718967437744,-0.07005626708269119,22841.142578125,3783.313720703125,1007.6123046875,685.9992065429688,428.4851379394531,297.6663513183594,256.657958984375,197.2255096435547,295.1993103027344,144.84364318847656,166.19512939453125,109.57872009277344,130.8367462158203,81.74638366699219,77.25933837890625,117.93941497802734,57.58425521850586,67.77458953857422,83.29572296142578,64.6735610961914,2407.291658215025,2267359.5938568264,0.10970671512740594,0.014348411180992017,0.051517732441425323,0.00283676921389997,German
139,-320.79742431640625,59.27486801147461,6.037041187286377,15.102008819580078,6.023200035095215,-2.8585469722747803,-9.53310489654541,-3.791594982147217,-11.176332473754883,-0.631812334060669,-3.276636838912964,-1.2276818752288818,-2.4577791690826416,4.405722141265869,-0.8671855330467224,-3.094128370285034,0.38559892773628235,0.008853268809616566,-1.115613341331482,0.4397469758987427,19733.263671875,3801.298828125,978.2708129882812,768.8736572265625,306.9796142578125,304.66021728515625,235.29734802246094,249.00196838378906,258.23028564453125,157.28382873535156,102.67737579345703,117.74993133544922,138.0542755126953,77.12960815429688,88.73445129394531,91.66729736328125,59.59273910522461,59.86579513549805,61.85397720336914,55.831695556640625,2679.2139655296887,2683613.6298235473,0.13064523872089262,0.01732545260814838,0.04628270864486694,0.0018796968506649137,German
140,-334.1602783203125,64.93164825439453,5.067038536071777,12.453084945678711,6.113094806671143,-2.623272180557251,-4.102768421173096,-0.5075070858001709,-8.6478271484375,-3.130378246307373,-4.193614959716797,-0.13843445479869843,-4.238666534423828,2.7830464839935303,0.09337079524993896,-1.4275404214859009,-0.8303008675575256,0.2567269802093506,-0.48329824209213257,0.4725078344345093,24516.203125,3360.0498046875,865.4926147460938,619.0426635742188,330.75128173828125,297.2674560546875,219.9692840576172,183.88778686523438,241.62144470214844,161.09054565429688,124.61016082763672,107.07804107666016,139.76959228515625,68.01596069335938,90.82331848144531,92.93251037597656,67.64384460449219,70.18134307861328,71.50887298583984,52.951011657714844,2363.2806708929475,2082995.325149135,0.09791626969004065,0.011944187510234853,0.048716165125370026,0.002191908424720168,German
141,-337.2723388671875,64.27247619628906,4.108386516571045,11.821779251098633,3.2207190990448,-1.2964788675308228,-4.617920398712158,-3.007835626602173,-8.277353286743164,-2.726468324661255,-3.8898720741271973,-0.8152837157249451,-4.156981945037842,1.7892032861709595,-0.5214966535568237,-1.1061404943466187,-1.3483171463012695,-0.2783879339694977,-1.1623235940933228,0.03142108395695686,27476.873046875,3732.499755859375,888.04931640625,686.031494140625,392.01226806640625,290.09564208984375,212.83677673339844,216.75067138671875,256.2828674316406,164.68470764160156,130.1522979736328,111.20285034179688,125.03462982177734,77.02104949951172,90.5072250366211,75.00601196289062,64.63003540039062,62.07204055786133,63.998836517333984,50.135902404785156,2298.1869523673113,2527536.850835469,0.10445621905940594,0.013726826875385798,0.046658553183078766,0.0019139436772093177,German
142,-272.7351379394531,61.427207946777344,4.176817417144775,7.6285080909729,-6.5878520011901855,-7.997805118560791,-11.552519798278809,-1.9613914489746094,-12.061745643615723,-6.224623203277588,-13.257020950317383,-9.831707954406738,-6.2564239501953125,-6.315384387969971,-1.9561787843704224,-10.716863632202148,-2.3657002449035645,-4.4446120262146,-8.297491073608398,0.32420793175697327,16784.041015625,4121.51025390625,1253.05517578125,691.830078125,450.88031005859375,318.3365173339844,173.3770751953125,158.8223114013672,156.2477569580078,228.6103515625,109.67852783203125,140.46861267089844,93.13639831542969,89.55130767822266,62.75083541870117,126.05402374267578,50.07255935668945,60.17354965209961,56.112892150878906,42.15967559814453,3189.9736705656987,4110082.809247311,0.19775347905730534,0.029343643213324895,0.06510557979345322,0.0023251231759786606,German
143,-266.5520324707031,65.38556671142578,4.250421524047852,6.643172740936279,-5.666684150695801,-11.099886894226074,-11.370038986206055,-2.1076345443725586,-12.75950813293457,-7.2038092613220215,-13.998703002929688,-10.872261047363281,-6.592504501342773,-6.76976203918457,-2.196247100830078,-10.261672973632812,-2.081902265548706,-4.207836627960205,-7.621431827545166,0.798615574836731,14887.8896484375,4061.060546875,1262.043701171875,706.6382446289062,409.539794921875,325.194091796875,176.80714416503906,159.16297912597656,177.51190185546875,221.2461700439453,105.91642761230469,143.7555694580078,92.69396209716797,91.0207290649414,60.61815643310547,118.43464660644531,48.91737747192383,56.1621208190918,65.76115417480469,53.606685638427734,3077.0676531902473,4065686.8226680146,0.19327625564204126,0.030433788432602183,0.06766790896654129,0.002519834553822875,German
144,-281.9494323730469,63.59877014160156,8.003255844116211,10.17230224609375,-3.432295799255371,-9.774962425231934,-10.011425971984863,-4.321802616119385,-12.6211576461792,-7.050845623016357,-13.323141098022461,-10.787832260131836,-6.146242141723633,-5.9568352699279785,-1.3788833618164062,-9.554004669189453,-2.608846426010132,-4.3663105964660645,-7.7339186668396,0.5748113393783569,14613.810546875,4295.79638671875,1065.24658203125,787.20458984375,390.8573913574219,361.46148681640625,172.50108337402344,171.5883331298828,179.15243530273438,242.40818786621094,116.40462493896484,162.9175262451172,99.69490814208984,81.75270080566406,60.23374938964844,112.32258605957031,45.26654815673828,49.29550552368164,51.25040817260742,38.0467414855957,3057.0786425997053,4225376.682529032,0.19562528518111194,0.03228185213095853,0.06291727721691132,0.002298149513080716,German
145,-274.08721923828125,63.38703918457031,6.8473310470581055,11.853001594543457,-4.445249557495117,-9.81679630279541,-10.153423309326172,-1.5310442447662354,-11.425378799438477,-6.899362087249756,-13.070777893066406,-10.830387115478516,-6.12612771987915,-6.299810409545898,-0.8651504516601562,-8.833998680114746,-2.3709704875946045,-4.08282470703125,-7.411556243896484,0.44412466883659363,15488.4755859375,3953.40478515625,1093.020751953125,749.89306640625,399.0841979980469,357.3330383300781,155.92405700683594,171.12696838378906,155.15628051757812,255.20484924316406,114.57878112792969,155.1335906982422,101.42184448242188,82.5403823852539,56.50468063354492,111.61237335205078,46.557613372802734,48.933448791503906,48.96607208251953,40.322227478027344,3094.9413927666287,3897779.460963996,0.20112142179034442,0.031367688301858675,0.0638914406299591,0.002476297551766038,German
146,-272.1019287109375,63.64866638183594,7.278952121734619,9.931164741516113,-4.7069220542907715,-9.84557056427002,-9.081279754638672,-2.7912871837615967,-11.777436256408691,-7.220174312591553,-12.344491004943848,-11.608854293823242,-5.846351146697998,-6.73687744140625,-1.3365947008132935,-8.324679374694824,-2.8875041007995605,-3.873981237411499,-7.912595748901367,0.6754447817802429,17836.076171875,4152.7744140625,1163.0048828125,717.7525024414062,411.87823486328125,374.8758239746094,167.2411651611328,169.1611328125,166.34048461914062,223.5165252685547,112.50357818603516,162.4663543701172,101.78987884521484,77.5489273071289,57.19520950317383,105.48374938964844,51.88420104980469,53.352638244628906,54.427955627441406,37.76577377319336,3028.804773738484,3867694.9279893315,0.19267497449105037,0.0310363293925634,0.0699767991900444,0.0028535660821944475,German
147,-261.76055908203125,69.18766784667969,6.791600704193115,11.26330280303955,-5.547144889831543,-10.27308177947998,-10.729111671447754,-2.6453471183776855,-11.4344482421875,-7.648192405700684,-13.251668930053711,-13.236562728881836,-4.891692161560059,-7.662105560302734,-2.562960147857666,-8.516728401184082,-3.3619937896728516,-4.357088565826416,-7.1777424812316895,-0.6985192894935608,14793.5,3732.009765625,1177.1861572265625,687.4954223632812,429.956787109375,359.9046936035156,182.88819885253906,181.26510620117188,157.0013885498047,243.11343383789062,110.44407653808594,148.88568115234375,98.8199234008789,80.05128479003906,58.28771209716797,109.04351043701172,48.56287384033203,53.033077239990234,48.546966552734375,38.801509857177734,2927.9094374578,3694427.3160697827,0.18338272395252694,0.02896272062972641,0.07274065911769867,0.0027703566011041403,German
148,-265.1806945800781,62.29281234741211,10.018827438354492,12.6901273727417,-4.574429035186768,-10.219634056091309,-9.613207817077637,-0.9491694569587708,-10.186927795410156,-7.266956329345703,-11.973640441894531,-11.9720458984375,-4.131630897521973,-6.6519999504089355,-2.2579948902130127,-7.708125114440918,-2.414720296859741,-4.7786712646484375,-5.269078254699707,-0.4571071267127991,14797.0859375,3854.36083984375,1104.317626953125,746.7562866210938,360.0245056152344,300.4124450683594,171.76565551757812,163.31661987304688,161.5769805908203,239.88232421875,101.73461151123047,148.1482696533203,84.68682098388672,80.64427185058594,58.53440475463867,111.41332244873047,54.96590042114258,71.33436584472656,73.6932144165039,49.43873977661133,3025.3719578870127,3810012.3340646955,0.190763671875,0.03041929019546509,0.07608422636985779,0.0034338936675339937,German
149,-230.93728637695312,61.783573150634766,5.663608551025391,8.785406112670898,-3.664524793624878,-11.870709419250488,-10.743185997009277,-3.957489490509033,-10.916629791259766,-8.746487617492676,-11.462203979492188,-12.597434043884277,-4.328761577606201,-5.482074737548828,-1.7129908800125122,-8.657917976379395,-2.8117504119873047,-3.5817012786865234,-7.645519733428955,0.6478556394577026,14791.0126953125,3875.28857421875,1346.1185302734375,719.2706298828125,490.43475341796875,391.5533142089844,192.5240478515625,183.24452209472656,154.45071411132812,248.61741638183594,106.90612030029297,140.97593688964844,104.88764953613281,86.26667022705078,64.29161071777344,107.8882064819336,60.59568786621094,68.93316650390625,75.45978546142578,67.69671630859375,3169.7020270191147,4179472.660154846,0.19872630672462224,0.032050938794011136,0.09362983703613281,0.004313634242862463,German
150,-260.43267822265625,60.896060943603516,8.456937789916992,11.004796028137207,-5.24406623840332,-10.733415603637695,-10.163687705993652,-1.635239601135254,-12.004825592041016,-7.712352275848389,-12.452011108398438,-11.769902229309082,-4.927148818969727,-5.585022926330566,-2.280611515045166,-7.161510467529297,-3.5925474166870117,-3.5789380073547363,-7.356708526611328,-0.1715058535337448,15268.732421875,3901.97021484375,1229.625244140625,759.7847900390625,455.9977111816406,344.51544189453125,186.15354919433594,166.6136474609375,168.80882263183594,254.3225555419922,113.61544036865234,158.50856018066406,101.1686019897461,83.80328369140625,60.172035217285156,90.41958618164062,47.901878356933594,53.197120666503906,52.72466278076172,47.07938766479492,3148.9838561834276,4070228.8919371953,0.2002819804873217,0.032413851863587424,0.07638242840766907,0.003197353333234787,German
151,-314.15570068359375,70.97013854980469,8.868014335632324,16.942474365234375,6.87986421585083,0.4526500999927521,-5.8879523277282715,-6.671420574188232,-9.763191223144531,-1.643897533416748,-2.7126505374908447,-0.6699773073196411,-1.3759804964065552,4.130159378051758,-0.763678252696991,-3.5267608165740967,0.05299772694706917,0.5089011192321777,-4.135362148284912,-0.19942735135555267,21050.404296875,3849.3544921875,875.7451782226562,606.5119018554688,428.95880126953125,280.3464660644531,233.4324951171875,253.87152099609375,245.3944549560547,148.769287109375,129.75070190429688,96.66474914550781,126.15399169921875,61.60623550415039,93.80646514892578,99.18180847167969,59.68064880371094,60.68643569946289,62.78742599487305,40.894309997558594,2288.3497441872078,2513633.6047861134,0.11300020074946467,0.016547231082851454,0.05163992941379547,0.0021995704155415297,German
152,-328.6469421386719,66.66722869873047,9.9925537109375,11.655025482177734,3.9951772689819336,1.6706116199493408,-6.278589725494385,-4.564697265625,-7.606984615325928,0.5260971188545227,-1.5970207452774048,-1.6060267686843872,-2.0564866065979004,4.524581432342529,-2.15617036819458,-2.0289790630340576,0.1556393802165985,0.35111719369888306,-3.3926613330841064,0.45721638202667236,25084.900390625,4039.87939453125,903.873046875,609.78173828125,377.50244140625,260.5654296875,255.06768798828125,196.54376220703125,208.79112243652344,116.26805114746094,98.08220672607422,101.31040954589844,127.47937774658203,70.13700866699219,92.61793518066406,77.78260040283203,51.646697998046875,51.182212829589844,53.442230224609375,37.08470153808594,2245.4197783283635,2981656.9419439128,0.11148263294550333,0.017625365095823905,0.04624589532613754,0.0018958551809191704,German
153,-296.6347961425781,77.93566131591797,9.22911262512207,15.064502716064453,6.213068008422852,-0.7120178937911987,-7.69696569442749,-5.6203532218933105,-10.32069206237793,-0.8107072710990906,-3.36179256439209,-2.5098378658294678,-2.591149091720581,4.205190658569336,-3.364685535430908,-2.9177491664886475,-0.6613740921020508,-0.5030401945114136,-4.515275478363037,-0.844013512134552,18228.517578125,3850.938720703125,1121.228271484375,689.7011108398438,418.9346008300781,289.5735778808594,245.8832244873047,215.33999633789062,238.0228729248047,145.92784118652344,110.58001708984375,109.03913879394531,135.791015625,74.75037384033203,103.69437408447266,70.762939453125,54.57476806640625,55.6751823425293,49.71418762207031,39.337589263916016,2399.2949405310437,2712792.2493551564,0.12358841241574754,0.018419067053104973,0.04895239695906639,0.0012159717734903097,German
154,-314.7725524902344,65.8371810913086,11.724915504455566,13.187668800354004,6.092606544494629,0.7803732752799988,-6.061706066131592,-3.0718672275543213,-8.48823356628418,-2.509382963180542,-3.272153615951538,-2.6236722469329834,-1.9172600507736206,2.8503823280334473,-2.403097629547119,-0.41951948404312134,-1.3407343626022339,-0.7729006409645081,-2.402061939239502,-0.4073386490345001,21323.595703125,4016.411865234375,961.2012329101562,735.27734375,355.2716979980469,319.5292663574219,249.01004028320312,189.45205688476562,216.70289611816406,141.78302001953125,101.06185150146484,124.44222259521484,114.8197021484375,72.80912780761719,91.6531982421875,67.00006103515625,58.765586853027344,55.22814178466797,49.27878952026367,43.38248825073242,2431.356843687225,3344448.622531724,0.12264301439536963,0.018942228541591728,0.04626566544175148,0.0014048097655177116,German
155,-293.87298583984375,63.47512435913086,7.467932224273682,14.973067283630371,5.991692066192627,-2.3177928924560547,-10.251209259033203,-7.929376125335693,-10.862760543823242,-1.947617530822754,-3.2619056701660156,-3.117335081100464,-4.148777484893799,3.378887176513672,-2.978830575942993,-3.2911171913146973,-1.319960355758667,-2.0353922843933105,-4.4789814949035645,-1.8010367155075073,22155.12890625,3632.326171875,1043.4420166015625,654.9024047851562,362.1421203613281,311.787841796875,267.7660217285156,225.0916748046875,210.18064880371094,148.33641052246094,101.39503479003906,103.30438995361328,116.49359130859375,74.00237274169922,89.08732604980469,92.9793701171875,57.094669342041016,54.542659759521484,51.100746154785156,38.94530487060547,2430.2732512541606,3192558.100376196,0.12084481213489114,0.01846156884660916,0.062298428267240524,0.003010934917256236,German
156,-301.25836181640625,57.805179595947266,9.452696800231934,12.413790702819824,5.385100841522217,-0.3016315698623657,-7.591567039489746,-5.1940717697143555,-8.320228576660156,-1.9501255750656128,-2.2326159477233887,-1.2544770240783691,-2.7614197731018066,4.309694766998291,-1.8284556865692139,-1.3697142601013184,-1.3533703088760376,-1.1637580394744873,-2.8463211059570312,-0.22085052728652954,23215.404296875,3503.522216796875,1000.8384399414062,642.013916015625,305.3175354003906,285.53131103515625,268.1065979003906,241.31423950195312,225.19760131835938,145.38780212402344,98.71007537841797,98.29502868652344,134.93885803222656,67.0585708618164,84.80220031738281,78.60850524902344,50.57192611694336,53.553977966308594,55.21977615356445,41.031497955322266,2620.560663089293,2604518.884694515,0.12361402962997746,0.018352954083232988,0.05975671857595444,0.0032654604874551296,German
157,-290.4818420410156,54.881561279296875,4.409273147583008,13.472597122192383,5.779474258422852,-3.4774293899536133,-10.624959945678711,-6.396692276000977,-9.936243057250977,-1.7407686710357666,-2.0870425701141357,-3.0765109062194824,-3.045088768005371,4.593027591705322,-2.073432683944702,-3.506863594055176,-0.744441032409668,0.5467919707298279,-4.062626838684082,0.5870575308799744,24478.33203125,3653.706298828125,1008.500732421875,702.2875366210938,342.6344909667969,302.0575256347656,259.7071228027344,216.67091369628906,218.6532745361328,152.6676025390625,109.29061889648438,119.73333740234375,132.76724243164062,65.45535278320312,87.48027801513672,94.76368713378906,50.329349517822266,52.22935485839844,71.55370330810547,54.473724365234375,2684.7413741784408,3140919.919364547,0.14143404848827643,0.021493837783456045,0.06696125119924545,0.0037060328759253025,German
158,-289.14447021484375,54.81249237060547,5.453113079071045,13.990856170654297,2.328965187072754,-1.6066349744796753,-7.661628246307373,-4.6026291847229,-8.09145450592041,-2.423487663269043,-3.2379462718963623,-2.1999423503875732,-2.526190757751465,4.0681257247924805,-1.8235633373260498,-1.4860258102416992,-0.5281558036804199,-0.7167977690696716,-3.5138168334960938,-0.5197773575782776,24046.580078125,3507.80908203125,887.2279052734375,612.1060791015625,373.7700500488281,309.4512939453125,250.96359252929688,226.36521911621094,208.3275604248047,146.07920837402344,128.15196228027344,102.15324401855469,125.99091339111328,66.2643051147461,91.11823272705078,74.46978759765625,52.85170364379883,52.19861602783203,55.64398193359375,41.07454299926758,2599.828003174641,2192702.703285152,0.12090349872995898,0.014889156510085148,0.06845779716968536,0.00431174086406827,German
159,-314.9715270996094,68.55776977539062,10.428834915161133,16.619638442993164,5.820056915283203,-1.2497130632400513,-6.837963104248047,-7.301248073577881,-9.830244064331055,-4.228147506713867,-3.2492854595184326,-2.589660167694092,-3.030316114425659,2.557993173599243,-2.3459408283233643,-1.0363177061080933,-1.8674606084823608,-2.330380439758301,-4.565146446228027,-1.209483027458191,20067.47265625,3670.346435546875,946.9443359375,768.0014038085938,353.9315490722656,317.5910949707031,235.87539672851562,207.49429321289062,203.85772705078125,166.976318359375,99.37403106689453,101.08599853515625,124.75420379638672,76.91669464111328,80.130615234375,68.35639190673828,47.185176849365234,58.177337646484375,52.31147766113281,37.53307342529297,2271.762686165778,2772804.8596427594,0.11330695815546069,0.015571849383289664,0.047503046691417694,0.0014552187640219927,German
160,-259.6835632324219,72.78810119628906,9.508450508117676,14.782806396484375,-4.140222549438477,-11.20335865020752,-9.118245124816895,-8.092577934265137,-8.364184379577637,-9.842041015625,-12.935262680053711,-11.076414108276367,-7.636274337768555,-3.7148311138153076,-4.310037612915039,-8.109366416931152,-2.8927855491638184,-3.9800662994384766,-7.493083953857422,0.2318885177373886,12787.193359375,4286.802734375,1226.160400390625,818.130615234375,379.877685546875,330.1656494140625,166.63563537597656,188.0087890625,151.48069763183594,230.4493408203125,107.7708511352539,180.94049072265625,92.36308288574219,87.22161865234375,69.6286392211914,122.96263885498047,47.29346466064453,50.60332107543945,49.087249755859375,35.38623046875,2594.685456032092,4291735.905027854,0.1494488536686459,0.026823674399989214,0.08165553957223892,0.003634937107563019,German
161,-252.11326599121094,60.91984176635742,13.92055606842041,13.969549179077148,-1.3445346355438232,-10.081664085388184,-11.623943328857422,-1.4414258003234863,-11.024349212646484,-8.041251182556152,-12.824419021606445,-10.146531105041504,-5.120424747467041,-5.250027179718018,-1.4350184202194214,-9.329328536987305,-1.8207730054855347,-3.422140121459961,-8.019542694091797,0.4951038360595703,16600.478515625,4782.67138671875,1174.203857421875,730.32861328125,372.30914306640625,312.19195556640625,179.6053009033203,181.36509704589844,153.79087829589844,207.0819854736328,122.6473617553711,184.12635803222656,84.79918670654297,75.95698547363281,58.66402053833008,124.13890075683594,44.464298248291016,52.24620056152344,45.48749923706055,31.8955135345459,2878.689966504228,5009868.436742368,0.1709056525905061,0.032648216318101234,0.08718004822731018,0.004370357375591993,German
162,-365.8415222167969,66.74735260009766,14.495950698852539,15.948479652404785,6.442428112030029,2.5756185054779053,-6.0677080154418945,-0.634312093257904,-7.692598819732666,0.12563571333885193,-2.0072975158691406,-0.03345496580004692,-1.2636998891830444,4.117910861968994,-2.5180184841156006,-0.19260019063949585,-0.8642777800559998,-0.8354061841964722,-2.625861167907715,-0.799390435218811,26575.703125,3274.1103515625,834.781982421875,624.715087890625,344.78863525390625,270.9473876953125,254.67747497558594,231.32684326171875,259.992919921875,149.0288848876953,113.71495819091797,100.94268798828125,106.68829345703125,68.4288558959961,96.82404327392578,61.979896545410156,51.88202667236328,47.28670120239258,48.155975341796875,36.78691864013672,2513.171793803401,2726126.7611747393,0.11734876878084244,0.015299032768068663,0.0309709794819355,0.0006474823458120227,German
163,-357.4529113769531,60.1885986328125,13.17936897277832,14.62887954711914,5.54137659072876,-0.3839132487773895,-7.219969272613525,1.6963481903076172,-5.5185980796813965,-0.07808493822813034,-4.556663990020752,-1.7252142429351807,-0.04520082846283913,4.186213493347168,-4.116998195648193,1.878433346748352,-1.2794837951660156,-1.4815657138824463,-3.4387056827545166,-0.435659795999527,26768.818359375,3634.422607421875,948.1655883789062,675.491943359375,347.7776794433594,279.46856689453125,253.54946899414062,193.86883544921875,221.09124755859375,139.0189971923828,126.89850616455078,102.67532348632812,104.62629699707031,54.44309997558594,99.01416015625,53.334434509277344,51.950157165527344,49.569427490234375,48.023468017578125,39.26188278198242,2667.4169666886387,3174275.0403188425,0.13503925030048078,0.019609162855113042,0.03041522018611431,0.0006338469684123993,German
164,-364.3604431152344,59.51652908325195,8.36274242401123,15.8456392288208,5.876883029937744,-0.22807005047798157,-6.118506908416748,-2.0984177589416504,-7.0178070068359375,-1.298660397529602,-2.3990111351013184,-0.23734141886234283,-0.7711310386657715,3.8300533294677734,-2.77567982673645,0.18029183149337769,-1.1694031953811646,-0.698789656162262,-2.4742393493652344,-0.5177381634712219,22109.873046875,3361.58642578125,830.1165771484375,633.5531616210938,284.0652770996094,281.3501281738281,193.31353759765625,208.11427307128906,216.577392578125,136.0304412841797,98.32960510253906,95.09326934814453,113.54888916015625,67.4140853881836,97.9059066772461,61.033966064453125,54.33076477050781,48.379146575927734,42.61406707763672,37.57252502441406,2379.897751604926,2832309.975185269,0.11415488052512278,0.016995273662413837,0.029493175446987152,0.0007071427535265684,German
165,-365.88372802734375,61.884971618652344,5.996199607849121,18.186784744262695,1.2591056823730469,-0.8684906959533691,-7.30199670791626,-3.5406365394592285,-9.872597694396973,0.5118758678436279,-1.8762757778167725,-0.8892114162445068,-2.8417530059814453,4.930171012878418,-4.8532843589782715,-1.346977949142456,0.2986529469490051,-1.5807843208312988,-3.4791839122772217,-0.2155061960220337,28173.775390625,3733.54931640625,944.95263671875,728.0885620117188,396.16143798828125,304.5513000488281,255.1824951171875,230.78854370117188,267.2026672363281,158.0796356201172,110.07532501220703,98.38048553466797,128.2969970703125,66.76593780517578,113.23585510253906,63.13999938964844,52.251136779785156,53.407997131347656,47.94782638549805,42.88956832885742,2553.957752342433,2725375.418449852,0.12823531944833708,0.01660187634297055,0.029760796576738358,0.0006657572230324149,German
166,-335.6994934082031,68.83959197998047,11.09007740020752,14.298367500305176,3.908785343170166,-1.2171051502227783,-7.980930805206299,-3.9681882858276367,-10.752104759216309,-0.6512019634246826,-3.5818634033203125,-2.2543113231658936,-2.8121156692504883,3.991623640060425,-4.577596187591553,-0.6916806697845459,-1.170172929763794,-1.0545574426651,-3.9207637310028076,-0.15450753271579742,22074.943359375,3452.61181640625,1043.7691650390625,731.2892456054688,424.3094177246094,323.81829833984375,253.44383239746094,219.7245330810547,271.7904357910156,146.4969940185547,117.35697937011719,97.39324188232422,118.50425720214844,67.864013671875,101.4218521118164,64.00654602050781,58.96915817260742,56.869384765625,55.474815368652344,46.61556625366211,2566.9463901739014,2641995.058483071,0.12945971165105385,0.016906382028352613,0.034230731427669525,0.0006383582367561758,German
167,-348.63507080078125,71.16590118408203,11.523175239562988,11.110705375671387,5.1352996826171875,-0.07745121419429779,-6.533568859100342,-1.1717627048492432,-9.761136054992676,-0.49319565296173096,-2.839099407196045,-0.5833864808082581,-3.4891319274902344,3.2678184509277344,-4.355993270874023,0.3973708152770996,-2.191865921020508,-1.5425935983657837,-2.639948606491089,-1.882049560546875,22854.74609375,3225.79150390625,1044.006103515625,695.2099609375,391.7672424316406,313.2279357910156,256.6594543457031,208.1769256591797,264.81048583984375,145.78623962402344,109.52193450927734,88.68408203125,134.41737365722656,58.256629943847656,97.12004089355469,60.08407211303711,48.19163131713867,54.42681884765625,42.93030548095703,38.17192459106445,2627.126955233922,2517385.3295394448,0.12549497727580297,0.016965264275880937,0.03220370039343834,0.0005993290105834603,German
168,-275.9999084472656,64.99445343017578,5.205173969268799,7.812662124633789,-4.115080833435059,-13.765300750732422,-12.961808204650879,-5.248234272003174,-12.636700630187988,-10.662768363952637,-14.110369682312012,-10.685888290405273,-8.501947402954102,-6.808640003204346,-0.3104896545410156,-11.798169136047363,-2.020693063735962,-3.6489152908325195,-9.911373138427734,0.3192349076271057,14142.2138671875,3778.770263671875,1205.2193603515625,732.0865478515625,403.6240234375,382.63494873046875,189.44883728027344,162.33865356445312,181.5039520263672,287.1249084472656,112.77245330810547,153.463134765625,115.25995635986328,91.07164764404297,67.17292785644531,121.0479965209961,50.10165023803711,54.7766227722168,65.36402893066406,42.45378112792969,3072.2375476028988,4033787.80738287,0.2037306231472332,0.034240964833714464,0.06234635040163994,0.002056281315162778,German
169,-277.4005126953125,62.68236541748047,8.178008079528809,6.651306629180908,-3.862912654876709,-11.004549026489258,-11.149015426635742,-4.410312175750732,-11.303669929504395,-8.278873443603516,-12.673425674438477,-12.131269454956055,-5.889089107513428,-7.277042388916016,-2.033872604370117,-10.779205322265625,-2.2360177040100098,-4.555006980895996,-8.160648345947266,0.03834299370646477,15649.3955078125,4214.5859375,1177.77490234375,708.0904541015625,379.8009338378906,347.8145751953125,176.075927734375,182.56243896484375,166.65728759765625,240.01441955566406,115.44263458251953,154.9775848388672,101.8759765625,98.82588958740234,55.00456619262695,128.61712646484375,46.643707275390625,57.293235778808594,63.14041519165039,45.180477142333984,3123.4696087723023,4189275.202904469,0.21635091756566605,0.038148689894211954,0.06506947427988052,0.0025727227330207825,German
170,-275.6969909667969,62.1265754699707,4.294991970062256,8.3429536819458,-4.649898052215576,-11.38163948059082,-11.424702644348145,-4.723711967468262,-10.97803783416748,-8.35159969329834,-12.388181686401367,-11.379061698913574,-6.298004627227783,-6.608008861541748,-1.6084882020950317,-10.097240447998047,-3.214355945587158,-3.7675740718841553,-9.437311172485352,-0.542486846446991,14555.8974609375,4198.4609375,1243.7891845703125,730.522705078125,413.28094482421875,371.28826904296875,159.0140838623047,196.84165954589844,149.28477478027344,268.8739013671875,105.5431900024414,158.41140747070312,112.01973724365234,102.70652770996094,61.18144989013672,121.45796203613281,47.161197662353516,52.357147216796875,57.155540466308594,38.49824523925781,3163.3311317427165,4365275.546817527,0.21606828357246077,0.03651842328273095,0.06085442751646042,0.002074062591418624,German
171,-279.83795166015625,58.877098083496094,7.666763782501221,8.205179214477539,-4.484493255615234,-10.913253784179688,-10.810007095336914,-4.349323749542236,-10.521920204162598,-8.315024375915527,-11.988069534301758,-10.509783744812012,-5.2972636222839355,-5.564216136932373,-1.4831533432006836,-8.931550979614258,-2.3296189308166504,-4.6729536056518555,-8.122639656066895,-0.6539530158042908,14735.890625,3776.69970703125,1166.7904052734375,697.0489501953125,415.8060607910156,336.66278076171875,186.85826110839844,173.9115753173828,163.26309204101562,257.79815673828125,102.125244140625,136.5675506591797,103.32672882080078,90.6547622680664,65.1954116821289,109.77644348144531,48.8504753112793,60.4129524230957,66.65031433105469,58.2301025390625,3221.533254004408,4054731.553840651,0.22165791012025432,0.03765225257579937,0.060322634875774384,0.0024619223549962044,German
172,-263.06634521484375,65.93807983398438,4.708588123321533,8.85110092163086,-3.1929924488067627,-18.99349594116211,-8.658814430236816,-9.447322845458984,-11.55209732055664,-12.051902770996094,-13.117042541503906,-11.773646354675293,-11.436436653137207,-3.675621509552002,-5.2773003578186035,-8.92087173461914,-4.027976989746094,-3.9576849937438965,-8.175373077392578,-2.609590530395508,12365.3134765625,4050.56640625,1393.701416015625,843.1299438476562,450.4324035644531,408.7113342285156,167.3022003173828,213.4067840576172,176.73951721191406,331.7878723144531,122.32125854492188,146.08001708984375,145.4690399169922,98.1767578125,67.62300872802734,96.79448699951172,55.97859573364258,55.59617614746094,59.794822692871094,53.48097229003906,3048.619675323302,4322116.373132946,0.19875598287817114,0.035806890852845386,0.06619871407747269,0.001825779676437378,German
173,-302.73822021484375,63.664459228515625,5.691300392150879,9.219867706298828,-3.951997756958008,-12.378680229187012,-8.184968948364258,-4.051783561706543,-11.22496509552002,-9.186762809753418,-12.183908462524414,-12.031481742858887,-7.234598159790039,-6.228564262390137,-3.3748252391815186,-9.207298278808594,-1.8722560405731201,-5.6212544441223145,-6.742950439453125,-1.8728389739990234,17371.4453125,4208.751953125,1156.7430419921875,705.1823120117188,401.2637634277344,332.4280700683594,166.9167022705078,179.082763671875,158.9164581298828,259.064453125,112.05960083007812,162.26181030273438,96.03970336914062,91.60567474365234,56.13092041015625,126.89183044433594,44.36661911010742,59.0793571472168,53.4580078125,39.282108306884766,3064.9957121758744,4277021.042838952,0.21760839457479325,0.04340121166284835,0.05383356660604477,0.0016387180658057332,German
174,-322.9001770019531,66.52227020263672,0.8447464108467102,14.242835998535156,0.8525198698043823,-3.6051878929138184,-7.329507350921631,-4.462661266326904,-8.113429069519043,-7.078220844268799,-3.4614641666412354,-3.6826095581054688,-3.9735968112945557,1.3988142013549805,-2.1282596588134766,-0.0963955670595169,-2.2358362674713135,-0.787546694278717,-2.1768860816955566,-1.0691550970077515,20964.80078125,3660.328369140625,1080.0328369140625,651.3848266601562,356.0638732910156,298.65240478515625,232.1195831298828,234.19931030273438,203.3729248046875,175.95558166503906,109.38726806640625,126.63555908203125,132.36656188964844,72.77677917480469,95.36541748046875,80.12230682373047,60.97914123535156,53.58803939819336,60.00910949707031,51.13082504272461,2540.41122130365,2671892.367237732,0.12454820279229578,0.01681042221311276,0.043906886130571365,0.0015086742350831628,German
175,-343.3233642578125,65.36946105957031,3.070929765701294,11.908516883850098,1.7489593029022217,0.27013376355171204,-5.482110977172852,-1.3935762643814087,-5.929272651672363,-4.124009609222412,-2.737100601196289,-3.900794744491577,-2.3509011268615723,0.7300275564193726,-0.751685380935669,-0.07637149095535278,-2.724107265472412,0.16825249791145325,-0.4029805064201355,-0.8368602991104126,23745.416015625,3447.877197265625,950.8535766601562,579.1179809570312,393.1480407714844,279.50653076171875,241.76846313476562,219.7189178466797,201.10467529296875,161.9942169189453,118.68213653564453,141.4831085205078,109.66544342041016,80.89353942871094,90.44715118408203,69.12384033203125,69.21792602539062,58.556800842285156,61.398780822753906,56.05763626098633,2551.8476698278223,2457358.2167363963,0.11794544655327215,0.014848229572287305,0.038881901651620865,0.0013470974517986178,German
176,-337.57720947265625,67.43840789794922,3.1209557056427,13.526378631591797,3.4324002265930176,-2.434493064880371,-6.181802749633789,-4.526063919067383,-8.317947387695312,-3.220313549041748,-2.6143641471862793,-1.8025195598602295,-3.838467597961426,3.5103659629821777,-1.162081241607666,-1.6799237728118896,-1.0266642570495605,-0.7628803253173828,-2.0458102226257324,-0.9431830644607544,22153.71484375,4057.65283203125,962.9597778320312,690.3609619140625,367.5325012207031,337.2255859375,216.20486450195312,239.89427185058594,251.18678283691406,162.89625549316406,100.8572998046875,113.88778686523438,141.4200897216797,56.68655014038086,95.15364074707031,84.28697204589844,58.26853561401367,52.54150390625,55.865447998046875,44.77942657470703,2544.3399703296523,2460747.47898609,0.1213757128292917,0.015173345642321763,0.04304753616452217,0.0016606590943410993,German
177,-322.1106872558594,67.4201431274414,3.302049398422241,16.560890197753906,2.2994580268859863,-2.099482536315918,-8.54047966003418,-7.214882850646973,-9.621755599975586,-3.6565897464752197,-3.1649320125579834,-3.19234561920166,-5.34110689163208,3.816542625427246,-2.8017218112945557,-2.616649866104126,-1.5869580507278442,-2.573662519454956,-3.52372145652771,-2.070262908935547,18119.794921875,3958.184814453125,1049.76025390625,820.608154296875,357.2674560546875,297.0935974121094,227.78244018554688,226.85501098632812,225.03981018066406,174.8753662109375,99.05101776123047,116.61087799072266,158.07957458496094,62.5898323059082,98.58342742919922,81.32499694824219,57.35226821899414,61.775630950927734,53.13656234741211,42.79203414916992,2532.3726139804503,2478838.1293267286,0.12695494997144935,0.014876487144833993,0.04399812966585159,0.0015615649754181504,German
178,-330.8709716796875,70.15742492675781,2.1990740299224854,12.564770698547363,2.4337193965911865,-3.8156800270080566,-6.45011043548584,-7.939995765686035,-11.07125473022461,-2.293452501296997,-4.8368096351623535,-2.0782840251922607,-5.965261936187744,4.639045715332031,-2.093998432159424,-4.438414573669434,-1.1173958778381348,-2.0102882385253906,-3.2700963020324707,-1.8630070686340332,21496.44140625,4293.79931640625,924.8322143554688,754.6589965820312,378.0774841308594,289.6708984375,225.93814086914062,226.8327178955078,227.800048828125,151.8995819091797,104.09170532226562,96.02729797363281,142.3037109375,67.24342346191406,84.16471862792969,89.26549530029297,54.451107025146484,54.16328811645508,48.52113723754883,41.87720489501953,2243.7183305383746,2857634.8470031777,0.11713560244778742,0.01693766285551294,0.04316268488764763,0.001365687232464552,German
179,-319.7061767578125,70.29987335205078,1.04931640625,16.62860679626465,3.2962656021118164,-4.087763786315918,-7.309772968292236,-6.762355804443359,-9.590889930725098,-3.6337335109710693,-3.6697583198547363,-3.3223886489868164,-5.429922580718994,4.092113971710205,-2.3562684059143066,-2.7025976181030273,-2.0519087314605713,-1.3181668519973755,-4.15359354019165,-1.696324110031128,19812.05859375,3660.156005859375,1044.664306640625,716.25,355.82159423828125,309.0703125,216.12510681152344,218.74098205566406,211.22239685058594,165.34515380859375,91.54200744628906,99.10169982910156,140.98318481445312,58.79827117919922,89.8479232788086,76.92281341552734,57.643959045410156,46.452754974365234,54.914405822753906,40.04197692871094,2432.6779807374314,2311677.385604109,0.11864034175286768,0.013502487880896915,0.04493087902665138,0.0016537363408133388,German
180,-412.68408203125,118.54351043701172,7.497732162475586,74.50959014892578,35.594600677490234,-3.8200252056121826,19.461841583251953,-8.941258430480957,-34.265846252441406,6.52518892288208,3.8569741249084473,3.3578972816467285,-0.47747841477394104,-3.683908224105835,-2.6807339191436768,9.523300170898438,0.8948859572410583,7.9065141677856445,13.593857765197754,6.747364521026611,8076.6708984375,2870.78857421875,932.6602783203125,634.6936645507812,514.1264038085938,389.8871154785156,231.16769409179688,290.826904296875,507.26116943359375,143.04429626464844,224.98863220214844,173.11585998535156,139.16265869140625,128.41583251953125,118.88801574707031,65.62860107421875,70.65177154541016,75.91163635253906,47.66215896606445,51.999176025390625,791.5864593973147,344014.53960249305,0.013584928472487582,0.00010060872483321179,0.06215102970600128,3.844689126708545e-05,Italian
181,-431.1564636230469,113.32405853271484,7.226696014404297,72.6963119506836,41.13199996948242,1.412833571434021,20.362476348876953,-9.388805389404297,-32.4903564453125,9.943347930908203,2.9519903659820557,3.5031626224517822,0.2593038082122803,-3.22188663482666,-0.9822140336036682,10.679594993591309,1.2783881425857544,8.834850311279297,13.80984115600586,7.540031433105469,10420.748046875,2611.869140625,932.4180297851562,684.28515625,456.8001403808594,375.0618896484375,208.44436645507812,360.0608215332031,680.5154418945312,135.1650390625,219.6292724609375,171.2970733642578,138.12884521484375,132.03208923339844,125.18531036376953,60.71353530883789,73.15382385253906,77.99967956542969,41.67789077758789,42.66486740112305,725.8263611207904,302332.88058266975,0.012080078125,9.132082679054954e-05,0.060981232672929764,2.7122774554300122e-05,Italian
182,-424.4149475097656,115.68860626220703,5.544116497039795,73.96792602539062,40.48072814941406,-1.0724546909332275,19.251379013061523,-9.751302719116211,-33.35975646972656,9.249862670898438,3.5778675079345703,2.76877760887146,-0.9075995087623596,-3.592487335205078,1.5079567432403564,12.069986343383789,-0.5681646466255188,7.424605369567871,14.834699630737305,8.274494171142578,9511.169921875,2578.519287109375,933.3776245117188,676.562255859375,450.3475646972656,410.43701171875,215.0382080078125,326.55780029296875,598.5509033203125,139.2699432373047,229.66136169433594,166.96844482421875,142.96669006347656,134.63148498535156,116.51264953613281,64.0544204711914,81.12054443359375,76.94711303710938,47.72136306762695,49.42934799194336,743.0879388814576,283833.5270648107,0.012554257480605837,9.096387442059824e-05,0.061497338116168976,3.164362715324387e-05,Italian
183,-434.10284423828125,114.33912658691406,7.284454345703125,72.34799194335938,40.58036804199219,3.114856719970703,20.935623168945312,-9.961220741271973,-33.69363784790039,12.83611011505127,0.3369632363319397,2.247736692428589,0.10964690893888474,-3.0778467655181885,1.9351154565811157,10.177474975585938,-0.26413413882255554,10.808088302612305,12.58549976348877,9.164198875427246,11386.2939453125,2782.0029296875,1011.6607666015625,693.7449951171875,463.71722412109375,407.40972900390625,220.6757354736328,376.028564453125,717.5465698242188,158.35025024414062,257.855224609375,155.7706756591797,136.13418579101562,135.03262329101562,120.36334991455078,56.38339614868164,81.91094970703125,74.30574035644531,44.6821174621582,46.33829879760742,726.7888404921719,321160.03158502234,0.013037487089047117,0.00011185003218085551,0.06181151419878006,3.71334572264459e-05,Italian
184,-423.41949462890625,118.30252075195312,4.474597454071045,69.3952407836914,40.7834587097168,5.589950084686279,18.188549041748047,-14.713261604309082,-34.157859802246094,14.44379711151123,0.299392431974411,1.4325088262557983,-0.23411069810390472,-2.807241916656494,3.804236650466919,9.18631362915039,-2.09236216545105,12.64105224609375,11.442496299743652,9.458181381225586,9979.443359375,2583.984619140625,955.0601806640625,667.4520874023438,484.69390869140625,349.7029724121094,235.17074584960938,365.8737487792969,584.6659545898438,150.0084228515625,241.12770080566406,181.7101287841797,140.64984130859375,128.75906372070312,112.8833999633789,67.5570068359375,82.51822662353516,93.55162048339844,53.70400619506836,49.30752944946289,747.5754644029489,302487.6403231746,0.013125643065658499,9.534727817559545e-05,0.06190809607505798,3.764862412936054e-05,Italian
185,-426.0758361816406,114.44570922851562,8.382190704345703,75.8375015258789,37.410335540771484,-2.900761604309082,21.562509536743164,-6.436214447021484,-33.69947052001953,4.131353378295898,2.628955364227295,7.231165885925293,0.019833125174045563,-4.598690032958984,-0.9351406693458557,12.719996452331543,3.090383529663086,4.632410526275635,13.901103973388672,7.217203617095947,9758.1318359375,2552.38134765625,955.9080200195312,641.339599609375,521.6860961914062,430.21539306640625,220.90396118164062,335.6304931640625,654.708251953125,146.7631378173828,227.39913940429688,182.5399932861328,148.05897521972656,130.61639404296875,139.70904541015625,73.31881713867188,59.66535949707031,74.5534896850586,44.02955627441406,43.56949996948242,749.7946379608742,282462.2010979212,0.01265501937245935,9.882200523837637e-05,0.06129366159439087,3.23697277053725e-05,Italian
186,-427.173095703125,122.93855285644531,3.8630592823028564,75.45262908935547,39.5392951965332,-4.88475227355957,19.525836944580078,-7.536084175109863,-34.128761291503906,7.107539653778076,3.142537832260132,5.13203239440918,0.07726085931062698,-2.91675066947937,-2.219489574432373,10.215032577514648,2.2858176231384277,6.96193790435791,12.258246421813965,8.922606468200684,10290.7236328125,3007.09912109375,1008.3560791015625,658.7311401367188,498.2682800292969,447.0643005371094,238.4905242919922,311.23388671875,570.456298828125,150.66098022460938,243.19374084472656,160.40008544921875,155.68984985351562,127.79102325439453,124.75141906738281,73.36213684082031,72.14496612548828,81.92230224609375,54.813480377197266,57.30986404418945,749.9949386775139,301104.36807199486,0.012777092611076986,8.595609727030776e-05,0.06136086583137512,2.764055534498766e-05,Italian
187,-258.22210693359375,105.1160659790039,-30.764503479003906,10.99310302734375,19.03676414489746,-15.428483009338379,18.016735076904297,-20.114686965942383,-9.25307559967041,-8.265901565551758,-9.948312759399414,0.8416176438331604,-13.433177947998047,-3.6617655754089355,-7.935096263885498,1.4432600736618042,-25.098220825195312,5.832045078277588,-7.021707534790039,-2.050314426422119,21982.224609375,3892.638671875,733.7245483398438,429.0819396972656,551.433837890625,258.6681823730469,247.9152374267578,225.1640625,187.5620880126953,124.27607727050781,168.27200317382812,125.4031753540039,98.83745574951172,68.6646728515625,76.1530532836914,61.47572326660156,145.7958984375,71.06588745117188,51.660316467285156,40.381900787353516,2238.9028254703035,1533113.8624717912,0.12099678634751773,0.0095440492438213,0.07094720751047134,0.0018606373341754079,Italian
188,-307.3257141113281,85.302978515625,-23.459850311279297,16.601503372192383,18.261354446411133,-13.014719009399414,14.110671997070312,-13.305070877075195,-5.807156562805176,-5.017280101776123,-9.759970664978027,-0.6676081418991089,-7.296562671661377,-4.460072040557861,-5.51456356048584,1.0251907110214233,-21.103940963745117,0.8870888948440552,-5.2229204177856445,-2.622426986694336,26387.875,4510.7041015625,707.0570678710938,603.9552001953125,554.2962036132812,255.7435760498047,268.0482482910156,282.7457275390625,196.5743408203125,114.63166809082031,183.51739501953125,122.76913452148438,110.6336441040039,76.51659393310547,78.80940246582031,61.209171295166016,156.44244384765625,78.59966278076172,51.1938591003418,42.762638092041016,2607.2263667005286,2059097.6496639843,0.16184425024810148,0.01924013596874385,0.05617901682853699,0.0019652838818728924,Italian
189,-265.01806640625,91.80316162109375,-26.660234451293945,17.034961700439453,25.105663299560547,-14.339593887329102,12.613649368286133,-15.10226058959961,-5.465330123901367,-8.261235237121582,-9.82570743560791,3.0371837615966797,-4.112360000610352,-4.925264835357666,-6.703343868255615,3.88022518157959,-20.302778244018555,-6.734621047973633,-3.156675100326538,0.4480392038822174,19233.361328125,3233.037841796875,705.3460083007812,445.17950439453125,518.9246215820312,263.94403076171875,227.9446563720703,297.1610412597656,243.0806884765625,174.8561248779297,177.5658416748047,114.58182525634766,101.785888671875,74.70999908447266,74.75411987304688,62.79612350463867,63.02231216430664,46.53916549682617,45.43109893798828,69.30276489257812,2413.2374031483,1243195.7941909614,0.13674872688761847,0.009972463663241555,0.06156497076153755,0.001737801474519074,Italian
190,-253.1025848388672,98.86064910888672,-27.8736572265625,18.0166015625,29.598337173461914,-15.665379524230957,10.444825172424316,-16.480560302734375,-6.9970479011535645,-9.50014591217041,-10.041803359985352,2.2698686122894287,-6.022233009338379,-4.0482587814331055,-7.520074367523193,4.992264270782471,-20.770296096801758,-7.151042461395264,-2.3691775798797607,0.8547497391700745,15669.90234375,2963.06591796875,764.6630249023438,540.81591796875,559.7033081054688,263.7340393066406,221.7256622314453,273.0900573730469,238.0098876953125,151.51113891601562,191.62680053710938,120.6642074584961,104.99507904052734,84.48536682128906,84.57679748535156,66.96705627441406,60.52548599243164,56.03688430786133,48.750797271728516,72.6644287109375,2288.667395961398,1225133.005764313,0.12364462681174598,0.008838166261571799,0.06611647456884384,0.0015782774426043034,Italian
191,-256.974853515625,99.63742065429688,-30.21965789794922,17.577245712280273,23.89041519165039,-19.29063606262207,15.407965660095215,-17.970624923706055,-9.713149070739746,-6.918329238891602,-9.296706199645996,0.8425238728523254,-4.394474029541016,-4.450204372406006,-6.359649658203125,4.311175346374512,-22.67887306213379,-5.50280237197876,-1.7230337858200073,-1.0070610046386719,17071.822265625,3192.991943359375,899.053466796875,434.8885192871094,623.4253540039062,340.0580749511719,240.70074462890625,304.0577392578125,240.22178649902344,133.1885528564453,206.08189392089844,108.38787841796875,107.25163269042969,83.17276000976562,85.58977508544922,59.476905822753906,74.50282287597656,51.42649459838867,45.6175422668457,59.967742919921875,2325.399098874118,1311693.9657587807,0.1338496451911822,0.00977895546784349,0.06444808840751648,0.0016644832212477922,Italian
192,-259.215576171875,98.02479553222656,-28.598743438720703,19.665348052978516,24.490345001220703,-19.084218978881836,15.940361976623535,-16.902971267700195,-8.534427642822266,-6.9007110595703125,-8.771248817443848,1.020830512046814,-4.409847259521484,-4.776275634765625,-8.225184440612793,5.2056884765625,-21.886150360107422,-3.498262882232666,-3.072279453277588,-0.2234957069158554,17837.998046875,2902.2744140625,801.277587890625,551.1431884765625,592.3899536132812,299.6045227050781,228.02572631835938,278.57122802734375,219.6390380859375,152.88998413085938,192.80142211914062,151.1757354736328,109.75196838378906,80.5541763305664,88.46676635742188,70.99372863769531,73.73995208740234,55.8908576965332,43.03048324584961,60.13564682006836,2354.5235922081147,1158301.8954575881,0.13059877545646068,0.009170966983467132,0.06492535769939423,0.0017300329636782408,Italian
193,-255.58224487304688,100.84609985351562,-28.76401710510254,19.309598922729492,26.549814224243164,-16.398881912231445,13.344101905822754,-17.9925537109375,-8.765076637268066,-4.989015102386475,-11.507105827331543,2.5865046977996826,-6.327591896057129,-3.79445743560791,-7.644449234008789,4.703354358673096,-19.743026733398438,-5.685550689697266,-1.8835159540176392,0.1347399652004242,15566.74609375,3061.730224609375,831.5208129882812,526.7296142578125,576.80712890625,302.0225830078125,236.64630126953125,289.5333557128906,231.2076416015625,150.25962829589844,191.99656677246094,148.6903839111328,121.76663970947266,81.56366729736328,100.09944152832031,65.68367767333984,64.80500793457031,62.457237243652344,47.06886672973633,67.97537231445312,2247.0776260904427,1176804.9423719086,0.12242175977138643,0.008671912209882934,0.06689700484275818,0.0016646642470732331,Italian
194,-260.8371887207031,90.98651885986328,-28.036104202270508,21.06696128845215,24.573862075805664,-14.76938247680664,10.81958293914795,-19.313411712646484,-6.123888969421387,-2.0687215328216553,-12.266353607177734,1.9739307165145874,-7.662938117980957,-3.7541110515594482,-6.332528591156006,3.7954483032226562,-21.796756744384766,-6.222225666046143,-1.3785591125488281,-1.1750988960266113,17902.533203125,3000.926513671875,718.5310668945312,522.0514526367188,577.6598510742188,292.3345947265625,272.1431884765625,286.8699645996094,247.63746643066406,132.43650817871094,218.10939025878906,133.6455535888672,108.38536071777344,84.37246704101562,108.4943618774414,68.33880615234375,65.84790802001953,62.14974594116211,44.24907684326172,61.057044982910156,2404.4420028325444,1196104.6135327532,0.1354508032004353,0.009150376949509507,0.06438159942626953,0.0018760309321805835,Italian
195,-263.6107177734375,100.5353012084961,-30.931564331054688,17.881982803344727,25.908796310424805,-11.2984037399292,10.662069320678711,-17.664899826049805,-9.686935424804688,-0.5720566511154175,-12.799555778503418,7.021166801452637,-10.184797286987305,-0.2362583428621292,-6.796919345855713,1.8908307552337646,-18.554397583007812,-6.5146942138671875,0.34617263078689575,-2.390854835510254,19164.6796875,3236.563720703125,800.6484985351562,555.6561279296875,502.02947998046875,263.1875915527344,236.64175415039062,264.70526123046875,252.51768493652344,115.76303100585938,188.64732360839844,159.01280212402344,120.4649658203125,87.12720489501953,93.1213607788086,60.667118072509766,66.41181182861328,58.72063064575195,48.24213409423828,57.77097702026367,2257.6850416336347,1113931.2822368848,0.1272711856820185,0.00847663468000351,0.061482105404138565,0.0016660616965964437,Italian
196,-247.47634887695312,108.88028717041016,-42.87348175048828,18.266889572143555,23.47705841064453,-16.89811134338379,11.465527534484863,-21.276222229003906,-11.073585510253906,-0.9500142931938171,-13.516122817993164,6.665545463562012,-8.602267265319824,-1.4447444677352905,-6.5363359451293945,1.4877345561981201,-18.775970458984375,-7.115124702453613,-0.9309912323951721,-4.791663646697998,16672.052734375,3141.3662109375,956.0132446289062,455.21881103515625,560.6026000976562,375.3931579589844,227.75454711914062,294.06695556640625,246.6863250732422,135.79898071289062,239.7416534423828,149.09786987304688,114.46501159667969,85.9654541015625,113.88957977294922,64.13323211669922,58.31194305419922,65.2964859008789,54.315155029296875,58.90431594848633,2108.375712461323,875893.7196228555,0.12316077213822894,0.0059436348418911615,0.07078450918197632,0.0020950816106051207,Italian
197,-261.5293273925781,106.0662612915039,-31.19022560119629,19.708398818969727,21.32332420349121,-13.136699676513672,13.422054290771484,-19.607524871826172,-12.166361808776855,-1.7242004871368408,-16.445283889770508,6.995664596557617,-9.613507270812988,-0.19756291806697845,-6.032529830932617,2.645287275314331,-19.624353408813477,-8.497681617736816,-0.5907183885574341,-3.8697590827941895,15996.486328125,2832.05029296875,795.9694213867188,572.0897216796875,676.9033203125,322.93450927734375,228.99151611328125,300.2826843261719,237.7331085205078,129.7579345703125,243.89541625976562,185.28465270996094,117.18401336669922,89.44123077392578,114.88411712646484,68.05467987060547,56.47236633300781,60.441463470458984,45.605934143066406,56.83121109008789,2107.7415370968743,909097.7734222929,0.11455089354158682,0.005680145276087371,0.06468716263771057,0.0016131395241245627,Italian
198,-260.9489440917969,108.02631378173828,-35.841163635253906,20.681589126586914,22.505746841430664,-12.715494155883789,13.189278602600098,-21.285303115844727,-9.819549560546875,-0.21363535523414612,-14.68930435180664,6.819994926452637,-10.579376220703125,2.1890945434570312,-8.614113807678223,3.1599924564361572,-18.687768936157227,-9.1249361038208,-0.6825109124183655,-3.712599039077759,16709.095703125,3027.7744140625,870.2936401367188,598.9711303710938,530.229736328125,365.3929748535156,204.7233428955078,329.3948059082031,246.91842651367188,120.84117889404297,225.2706298828125,176.89117431640625,128.48219299316406,101.02974700927734,107.50237274169922,65.83650207519531,57.52519607543945,58.82984161376953,59.41383361816406,57.03400802612305,2121.191447396085,851444.9811939143,0.11529245335269792,0.005136580209815739,0.0638650506734848,0.001787886954843998,Italian
199,-280.54949951171875,107.00592041015625,11.66013240814209,62.50564193725586,18.09318733215332,-11.815694808959961,8.84453296661377,-18.231355667114258,-32.28654098510742,-21.62492561340332,-21.052104949951172,-4.446579933166504,-20.64552116394043,-13.20390510559082,-14.026626586914062,7.989835262298584,-13.746289253234863,-1.9844177961349487,-7.1724772453308105,-1.1771433353424072,12524.384765625,2536.408935546875,665.6641235351562,625.4607543945312,433.58111572265625,317.5469970703125,197.76614379882812,200.18377685546875,220.82476806640625,98.07162475585938,176.853271484375,156.8375701904297,127.84259033203125,87.55962371826172,98.69271850585938,95.43730163574219,76.1582260131836,82.52361297607422,48.16743850708008,53.734195709228516,1474.748349619801,743068.9166931383,0.06110221553414308,0.0028884069461600327,0.10590560734272003,0.0032615873496979475,Italian
200,-271.6310729980469,108.04704284667969,-1.1552202701568604,67.35720825195312,19.517396926879883,-18.36915397644043,7.82583475112915,-16.986326217651367,-31.600095748901367,-20.693744659423828,-21.430757522583008,-5.5149102210998535,-22.025901794433594,-11.029412269592285,-15.575723648071289,6.48689603805542,-12.703250885009766,-2.2851462364196777,-6.959876537322998,-2.1129350662231445,12460.3779296875,2500.52197265625,795.6102905273438,617.5499267578125,447.4748840332031,340.6624450683594,203.5946502685547,185.6328125,197.84759521484375,103.91594696044922,173.609130859375,145.6675262451172,121.50244903564453,92.13494873046875,87.18157196044922,79.0013198852539,68.50160217285156,75.2834701538086,53.70646286010742,61.43929672241211,1515.3705503557485,681100.9873318836,0.06419754968672967,0.003019076753775432,0.10823323577642441,0.003402401227504015,Italian
201,-281.4959411621094,112.92501068115234,-4.666706085205078,62.48323059082031,17.140972137451172,-12.869909286499023,6.858545780181885,-19.182039260864258,-40.79014587402344,-14.556329727172852,-19.080169677734375,-9.176278114318848,-21.302886962890625,-12.943840026855469,-13.696303367614746,10.465914726257324,-19.39653205871582,3.5821447372436523,-8.241922378540039,-2.2317793369293213,13846.0087890625,2858.63818359375,885.1470947265625,596.9729614257812,482.335693359375,331.89447021484375,184.62033081054688,200.08839416503906,234.0717315673828,95.97010040283203,182.3970947265625,103.67950439453125,115.6441421508789,88.64569091796875,84.73334503173828,89.73081970214844,91.21478271484375,76.34098052978516,46.458518981933594,47.1280517578125,1510.7454971987718,783439.5391362167,0.06685799454808865,0.0033354303740642127,0.09654891490936279,0.0027133794501423836,Italian
202,-289.18951416015625,101.85428619384766,5.256944179534912,61.81134033203125,14.52804946899414,-6.427582740783691,8.192588806152344,-21.751914978027344,-40.599586486816406,-15.577990531921387,-17.63223648071289,-6.265562057495117,-26.912378311157227,-14.637166023254395,-9.82073974609375,9.322710037231445,-19.395605087280273,1.1564708948135376,-5.99061918258667,-4.04689359664917,15244.341796875,2555.886474609375,672.428955078125,588.23974609375,477.52032470703125,307.3018493652344,208.78578186035156,213.0435333251953,279.5060119628906,105.11412811279297,203.27569580078125,124.93673706054688,131.71168518066406,83.85111999511719,79.93557739257812,95.86965942382812,102.36962890625,84.65950012207031,59.95773696899414,59.3633918762207,1575.2766016276607,739768.2656597607,0.06934210408295063,0.0035655545570854627,0.09128671884536743,0.002955000614747405,Italian
203,-278.0598449707031,90.40443420410156,3.452049970626831,57.73917007446289,18.05196189880371,-5.928532600402832,6.157930374145508,-20.59133529663086,-26.909452438354492,-16.070171356201172,-17.919605255126953,-1.8787540197372437,-26.87221336364746,-9.979408264160156,-10.20379638671875,3.687129259109497,-13.72521686553955,0.01564936339855194,-8.4628324508667,-3.0025999546051025,20808.287109375,3218.5205078125,533.150146484375,866.5965576171875,339.001953125,237.15939331054688,162.57151794433594,224.88031005859375,306.30035400390625,118.1466064453125,192.46670532226562,183.1033477783203,187.27923583984375,89.65377807617188,99.56914520263672,77.90803527832031,84.81859588623047,85.43693542480469,58.60353469848633,51.09622573852539,1908.836427951137,1677504.252671512,0.08611148756377551,0.010203843596218924,0.10324573516845703,0.0041248188354074955,Italian
204,-308.5806579589844,77.11170196533203,-0.08553824573755264,48.59038543701172,13.28761100769043,-7.741027355194092,10.844316482543945,-17.807527542114258,-24.161775588989258,-16.632610321044922,-14.19322681427002,1.2079869508743286,-25.439697265625,-9.54389762878418,-6.721275806427002,4.417575359344482,-12.544596672058105,1.311622977256775,-7.118880271911621,-3.7355453968048096,30544.3203125,3589.58251953125,515.3551025390625,1040.7276611328125,327.9398498535156,285.44219970703125,193.37271118164062,233.13560485839844,307.8690490722656,151.6262664794922,183.8668975830078,125.1538314819336,269.1309509277344,87.89346313476562,84.99248504638672,64.37664031982422,104.37718963623047,54.58906173706055,49.40205383300781,41.56108856201172,1536.5076303400872,1547235.745165905,0.06837032301008969,0.007698858582902153,0.09432275593280792,0.005540850572288036,Italian
205,-241.2742919921875,96.7892074584961,2.919410467147827,66.30245208740234,13.566356658935547,-10.745331764221191,12.579041481018066,-24.014001846313477,-27.693336486816406,-21.273836135864258,-17.453765869140625,0.6569473147392273,-30.651355743408203,-11.636265754699707,-9.74216365814209,6.5634355545043945,-17.07027816772461,2.550229787826538,-9.439661979675293,-6.056944370269775,13788.6923828125,2475.577880859375,644.9498901367188,530.2537841796875,322.0524597167969,292.7868347167969,220.97386169433594,213.58531188964844,224.82810974121094,96.03071594238281,200.28689575195312,157.68516540527344,122.85411834716797,84.48603057861328,99.10506439208984,74.63175201416016,70.88961791992188,63.99123764038086,41.13630676269531,45.26055908203125,1830.7057554527153,999606.1434047987,0.07841788867107422,0.005631065744015896,0.11628075689077377,0.0038800742477178574,Italian
206,-250.5693359375,99.87828826904297,-13.8018159866333,60.283851623535156,16.680925369262695,-2.5947346687316895,8.62396240234375,-21.26249885559082,-36.60049819946289,-12.50418472290039,-16.15174674987793,-6.362475872039795,-26.996780395507812,-13.241146087646484,-11.652863502502441,5.6740264892578125,-19.268918991088867,3.9958720207214355,-11.695579528808594,-3.5316362380981445,17520.771484375,2269.203125,751.338623046875,544.0537719726562,355.5851135253906,294.47845458984375,190.26206970214844,166.28524780273438,204.0872039794922,87.21540832519531,191.1552276611328,127.99918365478516,101.53351593017578,76.75971984863281,77.01490783691406,84.98485565185547,73.44540405273438,84.88532257080078,41.87838363647461,47.53110885620117,1787.3368538604109,694482.8521222898,0.07590794411888308,0.0033989188519214196,0.1033606082201004,0.0038556791841983795,Italian
207,-375.1211242675781,85.40277099609375,25.79105567932129,14.043639183044434,43.20664978027344,-0.4611946642398834,7.083895206451416,-16.028152465820312,-3.940816640853882,-1.9450031518936157,-25.940956115722656,-2.2027487754821777,-16.227249145507812,-6.65261697769165,-7.815375804901123,-4.664027690887451,-11.046302795410156,-6.79412841796875,-1.2621220350265503,-4.567346572875977,13098.4619140625,3521.294677734375,811.3421020507812,604.4918823242188,839.9111938476562,301.4510192871094,213.6178741455078,266.1100158691406,185.43624877929688,102.37772369384766,287.38568115234375,209.26756286621094,121.27922821044922,80.3389892578125,79.51194763183594,63.26182174682617,60.69953536987305,76.88272857666016,57.08348083496094,51.6789665222168,2529.5066216625983,2758994.7952927654,0.13258288837166848,0.02301954398976369,0.03738551586866379,0.000639809702988714,Italian
208,-375.5595397949219,86.24463653564453,17.635147094726562,17.95442771911621,45.170597076416016,-1.452060341835022,6.668406009674072,-14.541816711425781,-6.202389717102051,0.9552796483039856,-26.915653228759766,-2.016885757446289,-15.141597747802734,-7.450012683868408,-6.539200782775879,-6.043125629425049,-11.167760848999023,-8.022784233093262,-1.8158605098724365,-4.7190752029418945,14813.8056640625,3477.04638671875,665.8055419921875,495.1346130371094,746.5447387695312,324.0038146972656,181.529296875,260.9801330566406,191.61849975585938,112.38684844970703,305.5401916503906,171.4086151123047,107.77232360839844,81.21870422363281,80.34880828857422,62.293460845947266,63.29134750366211,70.83382415771484,60.38075256347656,56.9697380065918,2424.2984648005363,2457075.8282045308,0.12218746947049629,0.016721120303511944,0.03736400604248047,0.0006722611142322421,Italian
209,-369.32281494140625,94.30388641357422,17.358858108520508,17.62866973876953,46.651023864746094,-1.0045020580291748,5.436376094818115,-19.71619415283203,-6.082299709320068,0.09033139050006866,-25.151269912719727,-3.999075174331665,-13.863773345947266,-8.708873748779297,-7.407469749450684,-3.1941475868225098,-13.86521053314209,-6.902434825897217,-1.8555655479431152,-5.385251522064209,13068.4169921875,3460.671142578125,715.9981079101562,493.289794921875,736.63134765625,329.5628356933594,203.358154296875,286.7416687011719,202.5559844970703,118.2008056640625,260.7021179199219,148.6657257080078,92.48385620117188,87.97515869140625,68.53800201416016,65.3677978515625,59.109291076660156,62.308921813964844,53.68888473510742,53.63213348388672,2245.389484007515,2391214.0090887207,0.11255718130346035,0.015615040578078184,0.04023609310388565,0.0006748773739673197,Italian
210,-383.9041748046875,88.39122009277344,21.168100357055664,20.130294799804688,42.73961639404297,0.824321985244751,5.547521114349365,-18.071563720703125,-1.9157450199127197,0.13732922077178955,-25.942352294921875,-3.0406832695007324,-14.434368133544922,-9.088610649108887,-6.734207630157471,-4.775292873382568,-13.30634880065918,-6.211837291717529,-2.762422800064087,-7.066908359527588,14156.8212890625,3684.866943359375,763.9754028320312,540.4332885742188,798.3346557617188,345.7156982421875,218.07264709472656,291.2851257324219,195.60011291503906,116.7732925415039,293.2651062011719,176.81517028808594,96.64813995361328,87.90138244628906,67.83155059814453,66.15113067626953,66.04915618896484,57.23545455932617,57.4097900390625,59.08528518676758,2319.2411169042316,2662409.1120423214,0.12104228095390841,0.019993912957743613,0.03901366516947746,0.0007035643793642521,Italian
211,-389.8966064453125,87.78153228759766,15.36313247680664,13.756620407104492,34.308048248291016,-0.4061717689037323,5.920917987823486,-17.081945419311523,-1.9464099407196045,0.4271731674671173,-22.055097579956055,-2.1875829696655273,-14.218358993530273,-9.226678848266602,-9.470013618469238,-5.9005045890808105,-14.6559419631958,-8.185081481933594,-3.6727659702301025,-7.233915328979492,16171.615234375,3256.4541015625,576.5171508789062,437.6045227050781,629.7420654296875,337.68212890625,183.0825653076172,293.997802734375,191.14752197265625,94.8751449584961,332.6546936035156,166.16236877441406,97.47856140136719,88.36981964111328,64.36565399169922,68.6239013671875,76.62005615234375,51.63452911376953,57.2383918762207,52.63265609741211,2300.6814462361544,2110330.5510337884,0.10784172863693711,0.012057519145036864,0.03691808879375458,0.0008722560596652329,Italian
212,-372.75146484375,90.30481719970703,17.57274055480957,19.30889129638672,40.416236877441406,-1.1063014268875122,2.737828493118286,-17.349937438964844,-3.4832444190979004,-2.107550859451294,-28.85822296142578,-5.473607540130615,-13.183005332946777,-11.201488494873047,-10.133563995361328,-3.927863121032715,-15.576772689819336,-9.318320274353027,-2.7868916988372803,-5.420932769775391,12435.96875,3532.373291015625,743.9335327148438,583.3641967773438,744.9751586914062,313.4930725097656,201.04652404785156,263.3453063964844,187.91188049316406,116.48662567138672,313.445068359375,152.94532775878906,92.64728546142578,82.91613006591797,68.25086212158203,73.95624542236328,79.7034683227539,57.80648422241211,57.14295959472656,51.68818664550781,2225.2906042258473,2554496.973097107,0.11177450631586376,0.01667868471298867,0.041876066476106644,0.0007883707294240594,Italian
213,-374.93408203125,86.87581634521484,16.45270538330078,20.755020141601562,41.75213623046875,0.6119335889816284,4.6541337966918945,-19.04595947265625,-4.005984306335449,-2.8753743171691895,-27.067989349365234,-4.779827117919922,-15.800984382629395,-9.273364067077637,-9.302689552307129,-5.2720513343811035,-14.221488952636719,-6.862473964691162,-4.932586193084717,-5.587695598602295,12947.927734375,3258.523681640625,614.664306640625,547.6561279296875,678.5697021484375,296.8914489746094,194.15443420410156,283.9012145996094,190.94969177246094,116.74193572998047,325.306884765625,154.23626708984375,92.60560607910156,85.4327621459961,74.6612777709961,62.041831970214844,70.47358703613281,60.894439697265625,52.380882263183594,45.91448211669922,2232.2722659983638,2375332.1060422487,0.10830842653297339,0.014331546740444009,0.042352184653282166,0.0008863654220476747,Italian
214,-378.3485412597656,88.88505554199219,26.03316307067871,13.848848342895508,29.785940170288086,-5.235908031463623,10.8768949508667,-20.49505615234375,-3.0601325035095215,1.6041693687438965,-24.39596176147461,-0.36840301752090454,-21.866710662841797,-4.583271026611328,-4.148641586303711,-9.36150074005127,-15.913545608520508,-3.451420545578003,-8.376984596252441,-8.334315299987793,14865.310546875,3346.201171875,776.0675659179688,563.4513549804688,677.1285400390625,353.6687316894531,234.72789001464844,342.9783935546875,206.48699951171875,120.15748596191406,308.45721435546875,171.85646057128906,129.20704650878906,80.96082305908203,76.70194244384766,71.01908111572266,87.24478912353516,55.917850494384766,51.60724639892578,60.37114334106445,2463.3457327288206,2302103.2103122845,0.12064415981576862,0.015728008742579895,0.03776514157652855,0.0006915091071277857,Italian
215,-372.6989440917969,89.55598449707031,25.637208938598633,14.189714431762695,30.786624908447266,-4.0854668617248535,8.828925132751465,-19.29403305053711,-3.1951725482940674,1.2070796489715576,-22.44750213623047,-2.8992373943328857,-22.115156173706055,-6.126845836639404,-3.886620044708252,-9.334012985229492,-16.244361877441406,-2.578336238861084,-7.132556915283203,-9.748144149780273,14555.95703125,3116.468505859375,675.350830078125,521.7284545898438,663.7981567382812,324.0727233886719,237.8275909423828,337.3708801269531,189.44573974609375,103.28819274902344,285.2782287597656,157.86566162109375,121.21272277832031,89.28107452392578,79.84281158447266,51.97706985473633,84.76971435546875,54.72306823730469,49.01233673095703,59.564456939697266,2323.692221940487,2198267.975845922,0.1111615463469185,0.015227493878686505,0.042639099061489105,0.0008908938034437597,Italian
216,-363.1558532714844,86.11959838867188,18.32840347290039,15.325992584228516,38.2261962890625,-4.237550258636475,8.120858192443848,-18.54206657409668,-7.467658519744873,-5.05973482131958,-23.818849563598633,-0.14945270121097565,-19.119661331176758,-6.266717433929443,-5.36677885055542,-8.206515312194824,-13.792076110839844,-4.22406530380249,-7.962863922119141,-7.5903449058532715,14512.814453125,3453.6044921875,716.3286743164062,538.523193359375,701.9053955078125,363.8972473144531,205.32911682128906,271.5822448730469,183.49896240234375,139.7446746826172,312.4751892089844,163.1065673828125,114.38844299316406,81.40642547607422,74.66460418701172,54.13778305053711,80.17791748046875,53.83775329589844,44.13484573364258,51.391597747802734,2437.736166453425,2491686.410479416,0.12042824897968869,0.018846022243066942,0.04376004636287689,0.0009798192186281085,Italian
217,-364.7490539550781,93.50958251953125,18.842496871948242,20.127683639526367,42.2467155456543,-3.995983123779297,7.044723987579346,-17.328927993774414,-8.298872947692871,-10.182931900024414,-27.20778465270996,-1.7533249855041504,-18.051551818847656,-6.31298828125,-4.959885120391846,-7.735261917114258,-12.386445045471191,-3.5926883220672607,-7.872513294219971,-7.640008449554443,13308.3935546875,3223.2763671875,748.1090698242188,531.5767211914062,748.8008422851562,345.2991027832031,204.0391387939453,275.43145751953125,188.74087524414062,117.47364044189453,293.3244934082031,158.02908325195312,108.60152435302734,86.86865234375,76.96698760986328,53.91162872314453,71.87562561035156,56.14946365356445,45.419769287109375,56.27216720581055,2183.7305708365648,2375232.124909996,0.10789572519173214,0.017460487387947428,0.04623875766992569,0.0009385638404637575,Italian
218,-373.7135009765625,94.20610809326172,24.797826766967773,17.696935653686523,40.992088317871094,-1.3421239852905273,7.285419940948486,-17.7782039642334,-6.8612446784973145,-8.548789978027344,-25.068485260009766,-0.3596719205379486,-19.196361541748047,-5.497910499572754,-5.560564994812012,-7.7410430908203125,-14.162971496582031,-3.971076488494873,-8.185592651367188,-7.68170166015625,11752.7451171875,3081.13623046875,721.8483276367188,480.61260986328125,734.540283203125,317.6159362792969,190.56626892089844,293.4787292480469,192.44627380371094,129.39013671875,291.81109619140625,181.32667541503906,105.7714614868164,77.30703735351562,69.86256408691406,59.55778884887695,68.68648529052734,58.15348815917969,46.73192596435547,53.673954010009766,2144.79047137347,2153648.4121012036,0.09416171368275468,0.013910059667910271,0.04300027713179588,0.0008406797423958778,Italian
219,-364.8975830078125,88.54041290283203,18.31553840637207,19.77734375,45.79182052612305,-1.8196717500686646,8.517557144165039,-17.715280532836914,-8.834803581237793,-6.767815589904785,-26.2812442779541,-0.8619001507759094,-17.069202423095703,-5.383913040161133,-6.106741905212402,-7.171768665313721,-12.574082374572754,-5.368851184844971,-6.295285701751709,-7.439401149749756,13263.01171875,2861.823486328125,679.9306030273438,547.7105102539062,709.5284423828125,364.8455505371094,173.5365753173828,266.0462341308594,191.42849731445312,105.48345947265625,298.0804443359375,170.31849670410156,101.77665710449219,74.85609436035156,69.65937805175781,45.38997268676758,59.141151428222656,56.51181411743164,48.08943176269531,48.80112075805664,2233.9194040094535,1844586.8252582261,0.09153377757352942,0.0104327390386984,0.04166777804493904,0.0007798019796609879,Italian
220,-371.6819152832031,88.09746551513672,20.88541030883789,21.254531860351562,44.08068084716797,-3.6555726528167725,3.1722896099090576,-17.720237731933594,-8.346233367919922,-6.145479679107666,-20.977680206298828,-3.3398044109344482,-17.97466468811035,-6.358074188232422,-7.218033313751221,-6.5121893882751465,-14.184745788574219,-6.441285610198975,-5.331475734710693,-8.496536254882812,13991.35546875,3116.2041015625,673.9609375,550.5663452148438,693.8464965820312,352.13055419921875,179.58680725097656,279.89898681640625,192.8565216064453,121.33435821533203,244.23634338378906,150.28106689453125,100.55423736572266,87.71980285644531,75.7640151977539,60.76720428466797,67.8708267211914,62.56929397583008,49.08754348754883,47.9776725769043,2201.271722144224,2039233.1688772468,0.09461972168905951,0.01190321507502526,0.042676474899053574,0.0008966052555479109,Italian
221,-318.3779296875,99.38140106201172,-8.869330406188965,54.447452545166016,25.370807647705078,-4.531684875488281,10.74279499053955,-24.208322525024414,-27.324859619140625,0.4149993658065796,-12.755374908447266,-1.6675376892089844,-17.032764434814453,-8.694266319274902,-1.1005688905715942,-5.3523077964782715,-11.437142372131348,3.794386863708496,-7.041900157928467,-6.032575607299805,11194.38671875,3080.688720703125,786.99853515625,899.465576171875,538.8197021484375,271.5050048828125,206.72967529296875,302.20037841796875,349.26226806640625,140.6394500732422,201.22337341308594,147.2084197998047,130.44088745117188,113.89265441894531,87.365234375,56.39728927612305,62.03390121459961,82.46175384521484,53.95482635498047,55.79253387451172,1687.2216955678139,870545.3330357841,0.08834375759970817,0.006645533795753749,0.06089344620704651,0.0014897023793309927,Italian
222,-331.0443115234375,99.32406616210938,-6.432277202606201,53.343467712402344,26.544113159179688,-0.593332052230835,11.089179039001465,-23.139923095703125,-30.451303482055664,-1.2797821760177612,-11.097373962402344,-1.457801103591919,-16.330076217651367,-9.03532886505127,-1.4709792137145996,-8.011911392211914,-12.452001571655273,3.8031115531921387,-7.664529800415039,-2.5499765872955322,12737.677734375,3046.586669921875,724.9329223632812,844.9984741210938,610.4036254882812,213.61680603027344,191.82073974609375,272.4502868652344,353.57366943359375,116.73277282714844,204.44395446777344,139.75169372558594,105.85717010498047,84.25242614746094,72.81720733642578,63.45701217651367,58.45671844482422,85.40094757080078,57.149559020996094,55.56361770629883,1616.1827568250924,751537.4480160603,0.07827125936059907,0.004456684589335354,0.05679554119706154,0.0013760665897279978,Italian
223,-328.18182373046875,95.35113525390625,-11.491036415100098,53.329742431640625,27.01766014099121,-0.5017844438552856,7.535432815551758,-25.371103286743164,-25.029979705810547,-0.8360940217971802,-10.038594245910645,-2.1928415298461914,-16.578115463256836,-9.259668350219727,0.18035462498664856,-7.791004657745361,-10.580743789672852,4.428779602050781,-7.479001045227051,-3.3542425632476807,13895.2333984375,3155.11376953125,736.00732421875,881.4464111328125,538.9972534179688,253.16311645507812,195.47665405273438,308.06097412109375,326.4767150878906,117.1916732788086,183.59268188476562,132.91261291503906,124.33975219726562,89.87700653076172,73.02283477783203,61.668766021728516,56.12937927246094,89.05281829833984,54.98175048828125,55.18341827392578,1712.6349791847574,736742.852405813,0.08867910644689835,0.004957780559612261,0.05470852553844452,0.0014053529594093561,Italian
224,-304.00933837890625,98.19618225097656,-8.593156814575195,57.65187454223633,34.818050384521484,-1.2958073616027832,9.653636932373047,-28.200448989868164,-23.868114471435547,4.776924133300781,-14.874980926513672,-3.1615593433380127,-15.304825782775879,-6.158985137939453,-6.999329566955566,-6.284348487854004,-9.896355628967285,3.79829478263855,-7.753439903259277,-5.676109790802002,11673.6376953125,2975.469482421875,538.3681640625,746.0407104492188,498.81036376953125,217.03492736816406,191.79600524902344,303.34136962890625,262.2735290527344,119.50251007080078,173.73268127441406,134.2489013671875,103.99267578125,81.60924530029297,68.75980377197266,49.20404815673828,41.53705978393555,73.3172378540039,53.83460235595703,44.26054000854492,1663.141559787541,997441.656763946,0.07740364679321785,0.005756509717599527,0.07100025564432144,0.0014750942355021834,Italian
225,-297.52032470703125,103.55917358398438,-13.984588623046875,58.45058822631836,35.062644958496094,2.8235034942626953,3.8406143188476562,-29.737916946411133,-23.15218162536621,4.659544944763184,-14.211143493652344,-0.7439953088760376,-16.97371482849121,-4.866562366485596,-7.472873210906982,-6.620603084564209,-8.094685554504395,2.215406656265259,-7.684977054595947,-4.5316081047058105,10882.2255859375,2888.6337890625,613.7843017578125,652.766357421875,432.5398864746094,202.7487335205078,182.71908569335938,272.8183288574219,232.9554443359375,117.02593231201172,169.5458526611328,143.98873901367188,104.44747924804688,102.11801147460938,73.64762115478516,53.818511962890625,44.194923400878906,67.03939056396484,52.71015930175781,50.525997161865234,1605.013271601634,907610.8076255397,0.0773896537545372,0.0052584754275046474,0.072435162961483,0.0014424099354073405,Italian
226,-308.21954345703125,96.55465698242188,-12.39011287689209,61.13380813598633,35.917362213134766,-5.189879894256592,3.8458287715911865,-28.64636993408203,-21.421939849853516,8.244738578796387,-13.505594253540039,-3.8111095428466797,-12.44216537475586,-5.637071132659912,-8.990206718444824,-6.428661346435547,-10.086736679077148,2.5792317390441895,-7.346458435058594,-3.4191718101501465,13533.541015625,2668.09423828125,667.931640625,756.7114868164062,498.0807189941406,221.01206970214844,183.58621215820312,326.3705139160156,244.63905334472656,127.3991928100586,173.08267211914062,127.45508575439453,104.60206604003906,75.0401382446289,79.8832015991211,49.27901840209961,47.336761474609375,75.6309814453125,52.93227767944336,49.38498306274414,1708.6709611796114,857723.3886696127,0.0793169005280052,0.0050553566024830136,0.06717893481254578,0.0015560837928205729,Italian
227,-298.270263671875,99.93537139892578,-9.094886779785156,63.50403594970703,34.63389587402344,-5.328983306884766,3.594356060028076,-29.69446563720703,-22.696514129638672,8.347648620605469,-12.340921401977539,-4.735953330993652,-13.46934986114502,-7.4937663078308105,-8.341654777526855,-6.520862579345703,-10.081538200378418,3.3845789432525635,-6.620656490325928,-4.821120738983154,10434.859375,2786.666748046875,660.7921142578125,709.6887817382812,452.22021484375,232.63116455078125,166.6005401611328,302.9910888671875,226.89468383789062,125.96674346923828,166.6578369140625,122.85205078125,105.68742370605469,80.4511489868164,77.32134246826172,42.76371383666992,40.66868591308594,73.66570281982422,54.265785217285156,43.84828567504883,1643.233635799662,845317.2325629945,0.07848116375061606,0.005246958214808395,0.07258264720439911,0.001434207079000771,Italian
228,-321.75738525390625,99.85989379882812,-9.06269359588623,55.113311767578125,19.277250289916992,-4.591844081878662,13.480880737304688,-16.9169979095459,-29.326824188232422,-1.930585265159607,-12.637670516967773,-2.0175957679748535,-17.552284240722656,-11.474742889404297,-0.7136921286582947,-6.313016414642334,-11.01702880859375,3.40883731842041,-5.191995143890381,-6.594324588775635,13002.1083984375,3151.4697265625,633.7470703125,864.7294921875,483.07379150390625,226.36412048339844,196.14788818359375,262.65753173828125,376.50421142578125,123.4111328125,212.798828125,174.47775268554688,115.255615234375,97.55217742919922,78.06114196777344,56.8969841003418,56.278343200683594,78.68704223632812,52.523231506347656,53.10854721069336,1687.4369662484935,959066.9888727653,0.09211579931473976,0.009260178732855553,0.06541725248098373,0.0019777854904532433,Italian
229,-315.9054260253906,103.37228393554688,-14.643510818481445,53.87724304199219,17.274568557739258,-5.724873065948486,14.563383102416992,-17.104427337646484,-31.103290557861328,-2.6557562351226807,-10.12360668182373,1.4016751050949097,-18.30777359008789,-9.533461570739746,-0.6179084777832031,-8.459081649780273,-12.462593078613281,3.852484703063965,-8.910775184631348,-4.281660079956055,13588.453125,3097.138427734375,829.75537109375,758.1956176757812,543.8358154296875,314.8857727050781,211.7487030029297,243.1350860595703,338.3356018066406,136.26138305664062,187.7240447998047,186.43641662597656,129.2653350830078,81.12881469726562,75.5377197265625,68.29255676269531,57.890220642089844,88.7437744140625,61.91526412963867,58.9925537109375,1712.0282355369443,787204.70096999,0.09119023901494061,0.006457340541997944,0.06013933941721916,0.0015987465158104897,Italian
230,-303.71490478515625,104.3843994140625,-20.38552474975586,53.11725997924805,23.295820236206055,-9.368919372558594,12.005311012268066,-17.808212280273438,-26.162765502929688,-2.1072733402252197,-12.081621170043945,-0.07584434747695923,-15.193014144897461,-12.341508865356445,-1.6675267219543457,-8.34058666229248,-8.598163604736328,1.3671519756317139,-11.396998405456543,1.0614078044891357,13641.1953125,2847.282958984375,871.9732666015625,795.106689453125,561.7623291015625,286.7425537109375,191.94281005859375,244.84129333496094,316.3673095703125,118.90995788574219,197.64549255371094,157.6763916015625,114.18864440917969,87.30018615722656,85.44618225097656,60.98466491699219,54.80504608154297,82.35973358154297,62.9100341796875,60.819278717041016,1709.1912557430887,708835.4469742596,0.09106436379436517,0.006211607023504033,0.06379272043704987,0.0017143297009170055,Italian
231,-331.39752197265625,97.7112045288086,-11.883248329162598,51.75379943847656,24.682621002197266,-2.8458640575408936,8.511168479919434,-22.05448341369629,-27.805513381958008,-2.835193634033203,-9.629085540771484,0.8240712881088257,-15.346328735351562,-10.923242568969727,-0.4497058689594269,-7.911080360412598,-11.868884086608887,1.6985406875610352,-7.081205368041992,-1.3901749849319458,15087.5712890625,3235.580078125,780.4661865234375,887.60009765625,593.4520263671875,217.09347534179688,196.76043701171875,275.76983642578125,352.3335266113281,124.691162109375,192.54122924804688,153.55262756347656,111.53572845458984,98.68352508544922,98.8259048461914,66.07796478271484,56.41822814941406,82.50653839111328,60.8195915222168,53.976036071777344,1737.9115957315744,843293.332749627,0.09272198328869698,0.006955859814750178,0.05525656044483185,0.0015296358615159988,Italian
232,-302.4927062988281,99.7647705078125,-16.662586212158203,55.83610153198242,19.55247688293457,-5.380796909332275,11.80163288116455,-20.399978637695312,-30.62203598022461,-0.3593820631504059,-12.468355178833008,-1.7513442039489746,-18.80552864074707,-9.466512680053711,0.05663899704813957,-8.420072555541992,-12.953317642211914,6.8351898193359375,-7.9958624839782715,-5.533854961395264,12051.0068359375,2983.44775390625,871.9579467773438,847.635498046875,562.2059326171875,319.8741149902344,230.35504150390625,262.396728515625,318.9194030761719,131.0341339111328,188.90191650390625,154.2875213623047,121.85087585449219,97.32638549804688,80.23138427734375,63.953853607177734,70.19940948486328,83.72720336914062,62.66376495361328,54.41782760620117,1757.7296575003647,867083.6428548093,0.0957777921327821,0.007061569690993124,0.06917184591293335,0.0021202187053859234,Italian
233,-317.7952575683594,97.60596466064453,-5.339914321899414,53.481224060058594,23.037134170532227,-0.9645835161209106,11.532464981079102,-21.271318435668945,-32.137149810791016,-1.7346935272216797,-10.216310501098633,-2.607959747314453,-16.908977508544922,-10.427132606506348,-0.9136129021644592,-7.761385917663574,-13.01805305480957,4.08251428604126,-5.947066783905029,-3.408949136734009,11269.416015625,3087.2470703125,764.8142700195312,854.2116088867188,538.2716064453125,263.1986389160156,229.12841796875,302.7572326660156,365.4312438964844,141.9912109375,178.60325622558594,140.935302734375,116.55571746826172,106.0599136352539,78.36202239990234,60.71165466308594,68.44715881347656,76.84315490722656,55.322959899902344,55.469520568847656,1656.2757158567017,898597.7930040921,0.08491614998753738,0.006281235296803731,0.061463065445423126,0.0015836083330214024,Italian
234,-333.4874267578125,88.74823760986328,-7.764170169830322,59.296207427978516,26.04363441467285,-7.2772345542907715,9.584964752197266,-21.448280334472656,-21.88562774658203,4.682263374328613,-13.513745307922363,-1.2729451656341553,-16.512861251831055,-10.064017295837402,-5.471015453338623,-7.044192314147949,-12.506926536560059,4.950754165649414,-7.954010963439941,-5.656283855438232,14002.6494140625,2719.61328125,504.8174133300781,803.1118774414062,453.7632141113281,235.0501708984375,173.94625854492188,234.7381134033203,257.00775146484375,97.45899963378906,177.0629119873047,114.96246337890625,117.33898162841797,80.57205200195312,71.57088470458984,45.5222053527832,57.596282958984375,89.76229095458984,54.110042572021484,42.866031646728516,1800.6357292482267,901472.0592912141,0.08340435467062,0.0055936258404000894,0.04908229783177376,0.0008418966317549348,Italian
235,-332.51007080078125,95.35736846923828,-10.87353515625,59.82786178588867,31.07453155517578,-5.125350475311279,9.139152526855469,-27.20851707458496,-23.931346893310547,5.793949127197266,-13.420304298400879,-2.6672518253326416,-17.689306259155273,-6.994832515716553,-5.06015157699585,-8.593838691711426,-13.21290111541748,4.978372097015381,-9.417831420898438,-5.284973621368408,13236.0302734375,2758.013671875,633.8887329101562,653.7362060546875,471.3567199707031,271.4551696777344,195.34056091308594,263.1426696777344,285.8393859863281,113.5616683959961,176.59510803222656,143.0796356201172,106.2012939453125,80.41388702392578,75.32190704345703,52.0311164855957,49.59886169433594,72.98567199707031,60.666107177734375,56.90964126586914,1761.5726636199822,868247.704944756,0.08338290207362953,0.0052623086755303975,0.049211449921131134,0.0007637861999683082,Italian
236,-336.1788635253906,90.75996398925781,-10.956266403198242,59.48257064819336,33.645423889160156,-3.720834970474243,6.853237628936768,-28.917665481567383,-23.192134857177734,4.296947002410889,-13.586688995361328,-3.6853137016296387,-15.697967529296875,-6.397583484649658,-6.913411617279053,-7.875791072845459,-11.435239791870117,2.7933855056762695,-9.6414155960083,-6.375179290771484,11528.07421875,2549.373291015625,574.0054321289062,676.276611328125,521.8562622070312,210.50057983398438,192.98973083496094,297.43267822265625,266.2840881347656,114.3786392211914,177.4115753173828,128.427978515625,92.48243713378906,85.53253173828125,67.85265350341797,48.11185073852539,48.77749252319336,71.99270629882812,48.847900390625,48.26940155029297,1747.8866325850904,798257.3033772092,0.07901914560111464,0.005009923703566467,0.050045497715473175,0.0008570544887334108,Italian
237,-326.17535400390625,96.73157501220703,-15.352212905883789,58.18588638305664,33.13037872314453,-4.892419338226318,8.346970558166504,-24.327329635620117,-23.400083541870117,2.8105101585388184,-13.614680290222168,-2.0210752487182617,-19.247535705566406,-6.892664432525635,-4.964709281921387,-8.593792915344238,-12.418280601501465,4.708935737609863,-8.224102020263672,-5.646969795227051,12373.66796875,2564.91552734375,644.3648071289062,754.4871215820312,504.54339599609375,230.7804718017578,176.42063903808594,273.3003845214844,264.43743896484375,115.15803527832031,174.7115936279297,140.9902801513672,119.5289535522461,94.0965347290039,72.10626220703125,49.89792251586914,49.063514709472656,73.54705810546875,58.37825012207031,58.51005554199219,1640.9670809999882,769843.1571578676,0.07088763346608679,0.0040511725252387635,0.052811723202466965,0.0008166557527147233,Italian
238,-337.4788513183594,92.92282104492188,-16.994539260864258,56.682533264160156,31.174415588378906,-6.2985711097717285,9.735586166381836,-24.324609756469727,-23.729354858398438,4.755019664764404,-10.842779159545898,-2.8402018547058105,-18.124296188354492,-5.771004676818848,-8.899306297302246,-7.410158634185791,-13.572888374328613,2.901782274246216,-7.471024513244629,-4.129030227661133,15298.630859375,2978.920654296875,636.4447631835938,750.2993774414062,484.0289306640625,253.9741973876953,192.12469482421875,306.4423522949219,296.5433349609375,111.81158447265625,175.65184020996094,119.8843994140625,129.22433471679688,86.40148162841797,78.49507904052734,49.487640380859375,52.822078704833984,76.24894714355469,56.48822784423828,41.882572174072266,1732.0441618130965,820578.2750974409,0.0803250512556031,0.005151056273752086,0.05003221705555916,0.0009122347692027688,Italian
239,-327.98223876953125,95.54640197753906,-14.031538963317871,58.09531021118164,27.97134017944336,-4.763712406158447,10.770071983337402,-23.59352684020996,-22.40589714050293,2.5713791847229004,-14.074090003967285,-1.5573339462280273,-18.2458438873291,-8.751660346984863,-6.888869285583496,-7.145868301391602,-12.936674118041992,2.09224009513855,-7.510285377502441,-3.812277317047119,11885.7939453125,2656.0654296875,622.8781127929688,657.3484497070312,477.9512023925781,220.5557861328125,180.38754272460938,264.5503845214844,283.5754089355469,115.84345245361328,204.1632080078125,138.52908325195312,128.27389526367188,80.09870910644531,77.0613021850586,49.65582275390625,55.81159210205078,83.69915771484375,59.06488800048828,51.12734603881836,1721.3099541815868,746168.146996186,0.07919434700963719,0.004838860589684691,0.05109025910496712,0.0008443519473075867,Italian
240,-334.654296875,92.48627471923828,-14.030357360839844,60.51667022705078,32.11150360107422,-5.87908411026001,8.067699432373047,-27.358572006225586,-23.207727432250977,3.3871688842773438,-14.501411437988281,-4.564218997955322,-14.177075386047363,-9.838810920715332,-7.387363433837891,-8.78426742553711,-10.273282051086426,2.7973756790161133,-8.818467140197754,-3.891759157180786,11414.4921875,2860.553955078125,649.96923828125,778.7696533203125,514.0120849609375,224.645751953125,178.4662322998047,265.84100341796875,253.32460021972656,112.41230010986328,164.6265869140625,143.84487915039062,103.52175903320312,70.82752990722656,68.54014587402344,54.099605560302734,55.5930290222168,75.26298522949219,60.982730865478516,50.03911590576172,1688.4690831525181,873075.3795476505,0.07856020720108696,0.005597736063559126,0.051474981009960175,0.0008760184864513576,Italian
241,-318.71124267578125,96.54205322265625,-17.888883590698242,56.21029281616211,30.98848533630371,-5.571381568908691,8.599064826965332,-26.468137741088867,-21.28566551208496,4.937717914581299,-15.510190963745117,-2.6036298274993896,-16.253986358642578,-9.198277473449707,-7.900145530700684,-7.825382232666016,-12.651627540588379,2.2964370250701904,-8.320854187011719,-4.36447286605835,12051.857421875,2722.8876953125,670.9727172851562,673.235595703125,462.1461181640625,265.5158996582031,183.7392578125,295.17291259765625,252.14822387695312,111.80854034423828,177.9790496826172,159.54220581054688,110.51158142089844,79.13584899902344,78.89704132080078,49.58932876586914,53.918670654296875,71.49154663085938,52.11703872680664,44.34029006958008,1756.8795772008318,830360.80760813,0.08285037506551363,0.00590055424211362,0.05327436327934265,0.0008633442921563983,Italian
242,-316.4436950683594,92.17882537841797,-27.279767990112305,55.130706787109375,13.957416534423828,-20.972505569458008,5.770607948303223,-16.209585189819336,-20.251605987548828,-6.7345404624938965,-12.71522045135498,-0.7991756796836853,-21.8603515625,-8.418184280395508,-8.531488418579102,-8.89909839630127,-10.61841106414795,3.038177728652954,-1.3900258541107178,-1.6661232709884644,14261.0791015625,2931.6318359375,615.0792846679688,724.8168334960938,512.8765258789062,291.7100524902344,181.23695373535156,222.14010620117188,236.2952880859375,106.47013854980469,243.49685668945312,130.1604766845703,162.26683044433594,106.57463836669922,73.08950805664062,68.80830383300781,74.23603820800781,55.0369758605957,67.7951431274414,45.58500289916992,1967.3205821649822,1098245.6180772476,0.1006477773546744,0.0055652389469764835,0.04335031285881996,0.0005784357781521976,Italian
243,-336.7987060546875,87.5714340209961,-26.85369300842285,54.09576416015625,16.073671340942383,-14.731711387634277,5.385471820831299,-20.770164489746094,-24.315059661865234,-7.9551239013671875,-8.006921768188477,-0.8357571959495544,-25.617794036865234,-7.5664873123168945,-7.736455917358398,-3.6633737087249756,-13.849138259887695,1.294634461402893,1.5420184135437012,-3.8109076023101807,17304.05078125,2743.7548828125,598.2250366210938,797.8561401367188,509.9927062988281,238.81886291503906,187.7552947998047,220.23240661621094,276.906494140625,97.47825622558594,199.13653564453125,126.42818450927734,182.9806365966797,83.07778930664062,72.81344604492188,50.99239730834961,74.90035247802734,64.29764556884766,50.69828414916992,41.49988555908203,2007.2428411895446,1061279.440457173,0.10538007236095347,0.006070943554047035,0.037660498172044754,0.0005038815434090793,Italian
244,-322.671630859375,86.01920318603516,-29.1939697265625,57.066650390625,12.415534973144531,-17.823083877563477,7.4476799964904785,-19.87944221496582,-23.817811965942383,-8.345223426818848,-8.247639656066895,-2.0478944778442383,-22.578935623168945,-8.155438423156738,-9.803766250610352,-1.5063989162445068,-14.737144470214844,1.2436803579330444,0.36214518547058105,-4.558346271514893,14675.001953125,2953.833984375,693.0951538085938,712.33740234375,525.4191284179688,285.6703796386719,196.44699096679688,217.73175048828125,221.2996826171875,106.49073028564453,199.34559631347656,99.6146240234375,139.74472045898438,90.18109130859375,79.34866333007812,57.34906005859375,83.12074279785156,48.19185256958008,46.33681106567383,39.01097106933594,2069.427830912626,1085275.665124283,0.11383541656422108,0.006678074454617691,0.03855641558766365,0.0004828439559787512,Italian
245,-321.3937683105469,90.06035614013672,-28.82898712158203,58.912479400634766,17.873416900634766,-24.340621948242188,3.1974966526031494,-15.532312393188477,-19.861953735351562,-5.898359775543213,-16.381019592285156,1.374968409538269,-22.097713470458984,-8.025758743286133,-8.933731079101562,-8.069954872131348,-9.530288696289062,-2.5698366165161133,-1.1446051597595215,0.16550947725772858,13740.6689453125,2761.845947265625,669.271484375,719.8877563476562,495.7610168457031,297.3053894042969,173.862548828125,214.71209716796875,251.8423614501953,96.7049789428711,200.69329833984375,134.198974609375,140.2021484375,92.35781860351562,74.70471954345703,55.359130859375,60.31589889526367,67.78832244873047,52.58721160888672,47.8663215637207,2013.4990681026284,960307.9701425923,0.10678345582862432,0.006192144563056555,0.04125547781586647,0.0005228673107922077,Italian
246,-328.5018005371094,87.87370300292969,-26.144832611083984,57.645877838134766,16.021921157836914,-23.713836669921875,4.4567389488220215,-13.88677978515625,-19.311019897460938,-5.1091790199279785,-15.47231674194336,3.0407755374908447,-21.090612411499023,-7.888481140136719,-10.04373550415039,-8.547407150268555,-10.025860786437988,-2.070155382156372,-0.8590235710144043,-0.43169426918029785,16226.6279296875,2810.347900390625,590.0267333984375,852.032470703125,525.1358032226562,331.91326904296875,179.1543426513672,197.26947021484375,241.3418731689453,103.55709075927734,223.7228546142578,124.55781555175781,153.3377227783203,90.41583251953125,81.2002944946289,55.83787536621094,57.69050598144531,68.75566864013672,50.40958023071289,44.297908782958984,1979.426581627419,1120446.9318474166,0.10147568236126578,0.005835421971470399,0.03996896743774414,0.0005262371269054711,Italian
247,-204.2268829345703,89.98011779785156,45.67506790161133,19.96469497680664,54.7996940612793,-4.746209621429443,-6.307708263397217,-22.847517013549805,-22.380491256713867,-12.685221672058105,-15.1250638961792,11.4971284866333,-9.291346549987793,-7.682509422302246,-9.648503303527832,-6.53394889831543,-10.740226745605469,-11.859906196594238,0.5981841683387756,-8.829877853393555,12910.4892578125,3192.895263671875,939.3244018554688,557.302490234375,795.346923828125,313.9187927246094,239.53443908691406,301.8765869140625,256.8728332519531,140.0432891845703,206.2637939453125,207.48553466796875,109.16755676269531,89.48937225341797,113.8567886352539,72.7831802368164,61.62834930419922,71.87317657470703,72.6053695678711,62.59321975708008,2472.954974153229,2951770.1657743976,0.11231108481121824,0.018705503662978705,0.25642696022987366,0.02004082128405571,Italian
248,-200.79946899414062,92.539794921875,39.62078094482422,18.893104553222656,54.76540756225586,-3.221360445022583,-4.439523220062256,-25.197368621826172,-26.125408172607422,-9.624025344848633,-14.011480331420898,13.696537017822266,-9.14261245727539,-4.937249660491943,-7.607411861419678,-4.895333290100098,-12.132964134216309,-11.952510833740234,0.4573032557964325,-6.180854320526123,13790.4150390625,2798.08154296875,689.6259765625,475.41815185546875,606.5689086914062,273.2262878417969,221.83949279785156,246.85816955566406,222.05125427246094,112.77252960205078,169.8800506591797,188.82217407226562,105.84395599365234,69.60786437988281,89.25313568115234,68.1927490234375,55.43007278442383,58.15711975097656,67.08009338378906,54.98835372924805,2421.939934364616,2405864.747383283,0.10240811091089397,0.013569636347227776,0.2310941517353058,0.018771030008792877,Italian
249,-198.3461151123047,88.1154556274414,37.432899475097656,15.150747299194336,51.64778518676758,-6.364553928375244,-2.777939558029175,-20.81072425842285,-25.358245849609375,-12.731535911560059,-12.132278442382812,14.460031509399414,-7.971064567565918,-9.740578651428223,-4.848576068878174,-5.61149787902832,-10.54640007019043,-14.840930938720703,2.7326407432556152,-7.936304092407227,15467.8837890625,2608.184326171875,803.378662109375,417.2469482421875,596.3685302734375,311.5605163574219,204.5140380859375,276.1637268066406,240.8028564453125,117.99505615234375,204.9933624267578,179.85044860839844,92.38460540771484,84.5714111328125,78.79798126220703,59.37493133544922,55.94721984863281,61.709007263183594,76.80388641357422,52.210880279541016,2595.952187926003,2401736.228283753,0.1093265563484252,0.012626862431926539,0.2416568249464035,0.02129233628511429,Italian
250,-194.0768280029297,89.84152221679688,42.932960510253906,14.971135139465332,54.036041259765625,-6.5763444900512695,-5.8120856285095215,-19.887859344482422,-24.506267547607422,-13.000494956970215,-14.637627601623535,14.33238697052002,-7.619814395904541,-7.3092145919799805,-4.9840264320373535,-6.000422954559326,-10.195608139038086,-13.036866188049316,2.393723964691162,-6.560820579528809,14470.2744140625,2882.244384765625,764.1272583007812,544.0011596679688,673.4689331054688,267.84942626953125,198.5427703857422,253.98129272460938,223.33193969726562,121.10425567626953,177.51466369628906,197.73660278320312,96.09859466552734,71.71074676513672,81.30000305175781,60.68476486206055,54.16507339477539,61.13107681274414,63.2047233581543,53.237361907958984,2573.0567126024716,2797984.161216295,0.11802944489057056,0.02019425826661315,0.25253087282180786,0.019150573760271072,Italian
251,-198.9441680908203,91.02371978759766,46.70851516723633,19.069965362548828,56.11565399169922,-5.6758575439453125,-5.419016361236572,-22.640195846557617,-23.726781845092773,-14.10932445526123,-13.397032737731934,14.67702579498291,-8.836204528808594,-7.450931549072266,-4.99929141998291,-5.428106784820557,-11.157066345214844,-13.269567489624023,0.8780490159988403,-8.343085289001465,12234.4521484375,2894.855224609375,750.6199340820312,575.3109741210938,606.1166381835938,280.25445556640625,204.388427734375,248.3020477294922,202.1186065673828,121.84130859375,193.0074920654297,207.10745239257812,112.90882873535156,72.683837890625,77.83387756347656,62.52775573730469,52.266841888427734,63.607120513916016,57.46512985229492,50.44194030761719,2451.5507631227897,2721945.3780486295,0.10963805028997316,0.016821904790234495,0.2550404965877533,0.018404105678200722,Italian
252,-217.9581298828125,82.6785659790039,45.1993293762207,18.445192337036133,50.43217086791992,-3.514582395553589,-2.715120315551758,-19.95922088623047,-24.207965850830078,-13.646833419799805,-11.838433265686035,12.597171783447266,-9.707603454589844,-6.896786689758301,-3.851243495941162,-5.009942531585693,-12.814699172973633,-11.38120174407959,0.3848761320114136,-10.379128456115723,15726.0869140625,3215.435302734375,727.5620727539062,425.10028076171875,612.2550659179688,301.0698547363281,211.41429138183594,266.4811706542969,285.23358154296875,122.9666976928711,170.3145751953125,164.75059509277344,97.25738525390625,61.12070846557617,74.8961410522461,53.60892105102539,54.14104461669922,42.10113525390625,64.5024642944336,45.488525390625,2716.0763110076364,3059731.8065494853,0.1208164320657786,0.017146612195789123,0.23655743896961212,0.023599741980433464,Italian
253,-206.45416259765625,92.81612396240234,46.05408477783203,23.979576110839844,57.70611572265625,-6.788210391998291,-6.986021518707275,-23.866302490234375,-22.7828426361084,-11.956327438354492,-15.81484603881836,10.606728553771973,-8.527161598205566,-8.340319633483887,-14.761826515197754,-8.654400825500488,-9.752829551696777,-13.11079216003418,0.6763793230056763,-11.984857559204102,13067.2685546875,3439.12744140625,980.5393676757812,591.8385009765625,940.9276733398438,318.49395751953125,241.51129150390625,303.0877380371094,258.2012939453125,137.23423767089844,231.95457458496094,214.9661407470703,100.10433959960938,89.23283386230469,116.37940979003906,77.58918762207031,71.6509780883789,84.51101684570312,92.39959716796875,68.9485092163086,2346.053038937976,3148045.5265691327,0.10994657972932481,0.021501491811416747,0.27429184317588806,0.02040133997797966,Italian
254,-207.0108184814453,94.50874328613281,54.32090377807617,20.560016632080078,55.5931282043457,-3.6600899696350098,-5.712893962860107,-24.170204162597656,-19.89175033569336,-16.045242309570312,-14.432990074157715,12.457643508911133,-9.751468658447266,-8.980091094970703,-15.144829750061035,-8.22435474395752,-9.365828514099121,-11.744677543640137,-0.34376174211502075,-11.54693603515625,11969.1083984375,3547.424072265625,1004.453125,609.6429443359375,888.819580078125,355.6187744140625,264.59576416015625,314.80279541015625,266.62152099609375,158.7926788330078,223.3695068359375,221.76759338378906,112.36829376220703,95.746826171875,105.32582092285156,75.85880279541016,65.48888397216797,78.38217163085938,78.82750701904297,66.66081237792969,2351.4424125520386,2831663.4634775864,0.10012123206142703,0.015436915580615775,0.27610474824905396,0.01927894726395607,Italian
255,-212.61351013183594,90.93643188476562,55.21567916870117,21.630495071411133,50.581478118896484,-6.627694606781006,-4.698029041290283,-21.447368621826172,-15.90191650390625,-16.598146438598633,-16.90914535522461,12.026725769042969,-9.3881254196167,-7.982025146484375,-16.05692481994629,-7.614750862121582,-9.599553108215332,-10.463966369628906,-1.107103705406189,-9.941253662109375,13155.7744140625,3603.873291015625,1206.83203125,654.9554443359375,877.8958129882812,412.2716369628906,304.8581848144531,356.6121520996094,259.829833984375,176.01611328125,236.8377685546875,212.86888122558594,122.87999725341797,118.80398559570312,115.66471099853516,74.3454818725586,63.214813232421875,85.54328155517578,73.18972778320312,75.60557556152344,2492.2540815850093,3256659.59388384,0.11516311813186814,0.02035627800552558,0.2719515562057495,0.021226635202765465,Italian
256,-188.42529296875,94.34811401367188,34.2323112487793,18.03453826904297,57.17916488647461,-5.519092082977295,-6.964283466339111,-25.982553482055664,-25.801176071166992,-9.036338806152344,-14.125120162963867,13.133187294006348,-9.73144245147705,-5.129879951477051,-8.902152061462402,-4.082091331481934,-12.121156692504883,-11.613292694091797,1.138635516166687,-7.052637100219727,12831.6298828125,2966.54248046875,769.7266845703125,480.8755798339844,685.766357421875,319.3361511230469,192.2899627685547,256.2086181640625,222.11709594726562,107.80158233642578,184.71900939941406,178.14523315429688,89.4004898071289,73.60922241210938,101.72422790527344,59.56782531738281,58.252166748046875,57.3034782409668,62.0230598449707,45.866451263427734,2391.6765477782255,2561532.337699768,0.10638620675115651,0.01448912572665386,0.2484104037284851,0.018250111490488052,Italian
257,-203.33306884765625,90.69651794433594,43.175376892089844,20.99081039428711,56.33422088623047,-3.303558588027954,-5.649228572845459,-25.261167526245117,-24.877492904663086,-9.550464630126953,-15.934361457824707,12.718820571899414,-8.86612319946289,-5.771975994110107,-8.11135196685791,-4.898508548736572,-11.663346290588379,-11.367719650268555,1.9484468698501587,-8.47027587890625,13082.6171875,3066.233154296875,772.4266967773438,596.5010375976562,747.9717407226562,294.4949951171875,227.7560577392578,278.6258544921875,220.84185791015625,138.9219970703125,216.2822723388672,204.04718017578125,102.5898666381836,78.56124877929688,102.49576568603516,70.82418060302734,59.64868927001953,67.81983184814453,63.43925476074219,53.07734680175781,2428.4744159503357,2853510.92120071,0.11026939707159399,0.0177897341995972,0.25174736976623535,0.018781745806336403,Italian
258,-210.6528778076172,90.22846221923828,46.28504180908203,21.310691833496094,58.0610466003418,-1.734649896621704,-9.728291511535645,-23.919836044311523,-23.196138381958008,-10.941268920898438,-14.565878868103027,11.902274131774902,-11.426447868347168,-2.9941492080688477,-9.209162712097168,-4.396039009094238,-11.647732734680176,-10.165105819702148,0.009697097353637218,-5.565901279449463,12403.4072265625,2906.8974609375,817.3612060546875,555.785400390625,802.906005859375,270.5960998535156,244.7556915283203,262.0442810058594,214.50881958007812,118.30411529541016,170.72329711914062,198.2050018310547,102.21200561523438,84.31951141357422,97.8957290649414,67.66948699951172,58.839080810546875,59.67634963989258,56.116065979003906,65.24813842773438,2452.019790256568,2817593.9235342587,0.11003919653069005,0.017428458717784888,0.2453177273273468,0.019487669691443443,Italian
259,-201.31687927246094,87.54754638671875,47.65332794189453,16.643436431884766,56.90022277832031,-2.1941771507263184,-9.314778327941895,-27.44099998474121,-22.158464431762695,-7.037026882171631,-16.104320526123047,12.199519157409668,-12.285120010375977,-4.2994585037231445,-8.120576858520508,-3.8119630813598633,-12.667154312133789,-10.639756202697754,1.4849169254302979,-6.30260705947876,12576.3955078125,3091.5517578125,896.154296875,518.483642578125,629.376708984375,277.5456848144531,249.47836303710938,305.4153747558594,204.77880859375,112.05293273925781,184.4685821533203,178.51820373535156,117.92500305175781,90.39668273925781,118.38581848144531,71.50563049316406,56.89046096801758,65.26543426513672,61.333492279052734,54.79579544067383,2606.3512415534287,3040326.9046066143,0.12267278708970533,0.020839558690378557,0.25404539704322815,0.019639432430267334,Italian
260,-197.12222290039062,84.8689193725586,41.9136848449707,18.851024627685547,55.55625915527344,-6.190670490264893,-4.992085933685303,-20.01708221435547,-25.002735137939453,-10.488364219665527,-15.611817359924316,11.53897476196289,-8.404080390930176,-8.402578353881836,-4.52561616897583,-4.765889644622803,-10.857892990112305,-12.600942611694336,3.783275842666626,-7.876026153564453,14417.8193359375,2930.089599609375,788.70849609375,516.7029418945312,683.0382690429688,296.1427001953125,222.41513061523438,281.83868408203125,273.14764404296875,112.76506805419922,229.29312133789062,196.77867126464844,99.03997039794922,81.61170959472656,85.71292877197266,64.1863021850586,57.16699981689453,69.76332092285156,73.09225463867188,50.831459045410156,2663.2526779826185,2933563.887851594,0.12549291565821943,0.02194093651024956,0.24408584833145142,0.018972786143422127,Italian
261,-188.63104248046875,93.95503997802734,36.745689392089844,15.929976463317871,54.46125793457031,-8.393227577209473,-2.798229217529297,-20.196516036987305,-28.61603546142578,-14.420170783996582,-11.774721145629883,15.065730094909668,-8.81209659576416,-8.462442398071289,-4.296403884887695,-5.687623500823975,-9.289253234863281,-13.919164657592773,3.0719616413116455,-7.412985801696777,13214.529296875,3173.834716796875,860.5399780273438,472.66510009765625,606.0213623046875,313.6650085449219,193.7738800048828,250.51625061035156,238.6243133544922,129.461669921875,189.08114624023438,187.22178649902344,99.41230773925781,90.09352111816406,81.80030822753906,63.345211029052734,62.85215759277344,65.08246612548828,64.57799530029297,56.42601013183594,2505.953213024061,3162505.5934855915,0.12337962962962963,0.02482864543200658,0.254494845867157,0.017911002039909363,Italian
262,-302.9583740234375,98.26177215576172,6.689136028289795,15.674513816833496,26.705684661865234,-10.02010440826416,16.51548957824707,-10.27515983581543,-14.795620918273926,-16.310775756835938,-14.880698204040527,1.207534909248352,-14.705551147460938,-7.395089626312256,-7.584671497344971,-1.0580365657806396,-17.845216751098633,-1.2442008256912231,-1.5018900632858276,-0.9860471487045288,13227.408203125,4009.626220703125,805.1441040039062,649.4393310546875,591.7105712890625,260.0924987792969,273.7408752441406,281.9910888671875,215.7332763671875,129.96409606933594,229.60121154785156,126.60447692871094,122.84020233154297,83.54814910888672,104.98426818847656,64.82182312011719,82.16287231445312,67.39903259277344,41.366119384765625,42.492305755615234,2158.34691262123,2342408.2370725875,0.10624805019381903,0.015810603982272336,0.05865800753235817,0.0009826672030612826,Italian
263,-319.1069641113281,105.2507553100586,7.6241631507873535,17.971105575561523,23.437110900878906,-10.580763816833496,16.853919982910156,-8.9861421585083,-11.824214935302734,-15.8932523727417,-15.171201705932617,1.0834379196166992,-11.527693748474121,-9.87965202331543,-8.285368919372559,0.5181862711906433,-19.14000701904297,-1.0156813859939575,-0.23118504881858826,-1.9801478385925293,14252.255859375,4021.685791015625,861.6194458007812,592.9899291992188,658.6544799804688,260.51129150390625,260.8264465332031,265.97283935546875,248.95919799804688,132.6045379638672,235.85708618164062,102.60956573486328,104.48809814453125,101.60816192626953,89.9499740600586,67.00629425048828,95.12854766845703,60.589969635009766,43.5831298828125,40.58852005004883,1909.4316646586046,2055113.2293699058,0.08885070008116883,0.011925533980645532,0.05725838243961334,0.0009694916079752147,Italian
264,-324.9091491699219,83.37115478515625,3.1055550575256348,7.232087135314941,26.325881958007812,-5.145289421081543,10.941887855529785,-10.662364959716797,-15.78874397277832,-7.937070846557617,-16.716981887817383,1.1622005701065063,-12.58945083618164,-6.5909528732299805,-3.4557971954345703,-5.257067680358887,-10.638995170593262,-6.480425834655762,-4.803998947143555,-3.477266788482666,18913.134765625,3862.43115234375,894.5076904296875,721.404052734375,779.5938110351562,332.65423583984375,268.95367431640625,298.7830505371094,291.9046630859375,159.39857482910156,255.44659423828125,173.55416870117188,133.2414093017578,94.88983917236328,90.75751495361328,75.7354736328125,88.6828842163086,84.86698150634766,54.14715576171875,53.96238708496094,2569.0112413604675,2245272.7619533935,0.146137773460655,0.020816587238201078,0.04142332449555397,0.000693776470143348,Italian
265,-323.5965270996094,84.88095092773438,4.389279842376709,6.385674953460693,21.192251205444336,-8.224202156066895,16.17686653137207,-2.8642024993896484,-16.59539222717285,-10.334823608398438,-16.18809700012207,5.30657958984375,-11.656432151794434,-10.002466201782227,-3.1884634494781494,-2.1032326221466064,-13.152227401733398,-7.992210388183594,-2.9342448711395264,-3.579488515853882,19563.4921875,4023.343994140625,971.8718872070312,698.0086059570312,793.7739868164062,397.9835205078125,317.63177490234375,314.417236328125,367.4101867675781,149.8492431640625,261.5768737792969,181.24583435058594,146.2559356689453,107.98431396484375,114.05181121826172,83.70447540283203,98.78097534179688,95.1951904296875,59.084381103515625,61.615779876708984,2603.539916229396,2245995.825826234,0.151613710359616,0.02161940382938384,0.04203403368592262,0.0006571674020960927,Italian
266,-339.03204345703125,84.57743072509766,3.164055585861206,9.916107177734375,20.276351928710938,-13.708888053894043,15.412240982055664,2.59187650680542,-18.220792770385742,-12.715465545654297,-15.796601295471191,4.278951168060303,-11.580842018127441,-12.059332847595215,-4.371298313140869,-0.909243106842041,-15.831799507141113,-7.606740951538086,-3.4109952449798584,-1.8561785221099854,21164.091796875,3952.033203125,860.6976318359375,688.2250366210938,736.9393920898438,411.84613037109375,275.9553527832031,300.72406005859375,347.76190185546875,200.97842407226562,275.09576416015625,172.4937286376953,138.59243774414062,109.5932388305664,107.92853546142578,83.78392791748047,115.2563705444336,92.4662094116211,58.25851821899414,56.68124771118164,2530.8048827927914,2434471.00938393,0.14963550049177396,0.02387692462354693,0.04377414658665657,0.0008500152616761625,Italian
267,-335.6148986816406,83.56829833984375,10.00661849975586,11.746809005737305,21.38565444946289,-8.104774475097656,14.087031364440918,-5.83451509475708,-14.831952095031738,-10.894096374511719,-15.106627464294434,4.749824523925781,-11.487627029418945,-7.78308629989624,-5.811711311340332,-0.5217837691307068,-14.752455711364746,-3.169454336166382,-2.0806431770324707,-0.7381618618965149,21600.72265625,3951.707763671875,758.8807373046875,692.3552856445312,791.0195922851562,279.1756896972656,267.6257629394531,309.1730651855469,258.9009704589844,148.87400817871094,239.63145446777344,172.57257080078125,136.19776916503906,125.11288452148438,96.4681396484375,71.34110260009766,105.3515396118164,99.49921417236328,52.93731689453125,53.031227111816406,2171.0886622778085,2395755.2606684845,0.1095200498163765,0.01635486263326016,0.04737301543354988,0.0009711450547911227,Italian
268,-320.3170166015625,103.65930938720703,5.871001720428467,14.550421714782715,21.54727554321289,-12.72136116027832,17.887767791748047,-9.668429374694824,-12.734769821166992,-12.451003074645996,-15.972089767456055,1.9398137331008911,-15.16950511932373,-6.517216205596924,-8.093259811401367,-1.0957772731781006,-20.410383224487305,1.6157615184783936,-1.7569665908813477,-2.4312937259674072,15805.166015625,3683.82568359375,908.225341796875,617.4605102539062,640.313720703125,285.53955078125,258.9125671386719,249.71014404296875,252.908935546875,133.17652893066406,233.09707641601562,125.6932373046875,118.3502197265625,79.294189453125,88.57999420166016,64.92939758300781,112.92217254638672,67.5663070678711,41.846527099609375,44.42902755737305,1986.4408551496113,2001427.3330534021,0.09347125982782643,0.012719471495142281,0.05565713718533516,0.0010679366532713175,Italian
269,-306.7502746582031,103.54300689697266,4.748469352722168,11.855215072631836,25.8719425201416,-9.937787055969238,16.891780853271484,-11.5396146774292,-12.034348487854004,-13.071279525756836,-13.500868797302246,2.6887590885162354,-16.20311164855957,-4.756140232086182,-7.595332622528076,-1.6861863136291504,-18.82364273071289,0.4380006790161133,-2.123478889465332,-0.36080050468444824,14903.5986328125,3345.01953125,927.32373046875,680.383056640625,598.4889526367188,243.02426147460938,237.48562622070312,234.08642578125,201.43637084960938,133.4102020263672,249.09446716308594,135.5655975341797,143.1166229248047,78.42572784423828,86.2196044921875,59.071693420410156,87.30106353759766,58.758026123046875,50.54833984375,47.06021499633789,2096.589622677178,1880244.7750357117,0.09484334417827144,0.010751324518883942,0.05593350902199745,0.0008870157762430608,Italian
270,-305.3400573730469,82.44923400878906,0.3020267188549042,20.388267517089844,0.49150893092155457,-8.694207191467285,1.0667295455932617,-14.413479804992676,-0.5419053435325623,-15.592646598815918,-5.640316009521484,-9.637646675109863,-6.229877471923828,-2.5482282638549805,-13.736894607543945,-2.214750289916992,-9.14071273803711,-10.00456714630127,-7.180263519287109,-5.372559070587158,17680.091796875,3376.929443359375,1086.7041015625,985.806396484375,269.932373046875,317.02667236328125,167.32131958007812,228.07688903808594,186.38827514648438,176.61328125,115.86898803710938,108.17981719970703,85.71327209472656,80.07811737060547,97.94326782226562,54.89876174926758,60.595760345458984,61.75569534301758,57.45143508911133,61.74734115600586,1840.528950021084,2186783.6070130602,0.07878658011091128,0.012909618826176658,0.06577116996049881,0.001745424815453589,Italian
271,-318.21405029296875,77.81936645507812,-0.04933648183941841,18.31835174560547,-4.150041580200195,-6.831823348999023,0.4743995666503906,-14.8097505569458,-3.195420742034912,-12.55910587310791,-4.466248512268066,-9.077831268310547,-5.239084243774414,-3.2605834007263184,-9.625532150268555,-2.906532049179077,-7.809504985809326,-8.799508094787598,-7.256988048553467,-4.086516380310059,21582.916015625,3979.29052734375,1040.7633056640625,923.0625610351562,303.4176940917969,315.82781982421875,195.2537384033203,262.1857604980469,185.58688354492188,179.8850555419922,119.76299285888672,115.83946990966797,89.66278839111328,80.70793151855469,84.35050964355469,58.50829315185547,60.8651008605957,65.66419982910156,66.44075012207031,54.87607955932617,1930.6635789930685,2675881.689111517,0.09237840784995936,0.0175611638809442,0.06079345941543579,0.0017900129314512014,Italian
272,-311.715087890625,81.59204864501953,0.5134872198104858,22.775325775146484,-2.878932476043701,-8.887758255004883,-0.47353389859199524,-15.998699188232422,-3.544327974319458,-12.707281112670898,-4.408223628997803,-10.211915016174316,-5.211961269378662,-1.338202714920044,-12.74101448059082,-4.063292026519775,-6.731510639190674,-8.349899291992188,-5.628236293792725,-3.0130295753479004,18667.88671875,3676.40625,1213.270263671875,1059.6962890625,361.57708740234375,305.4720153808594,192.7067108154297,242.146728515625,194.22279357910156,175.31666564941406,100.64324188232422,112.32011413574219,76.7787857055664,64.19570922851562,85.71038818359375,58.2202033996582,55.28982925415039,64.17168426513672,74.49461364746094,70.390625,1866.220009998622,2546210.337452057,0.09115284396827707,0.016920924769763063,0.06299030035734177,0.0016759376740083098,Italian
273,-295.4959716796875,83.21380615234375,0.9613648653030396,20.70456886291504,-0.3903515338897705,-10.49216079711914,0.23159383237361908,-17.027172088623047,-2.4403178691864014,-14.848663330078125,-3.110150098800659,-8.482067108154297,-8.993074417114258,-0.5243560671806335,-11.912384033203125,-2.2495081424713135,-10.056174278259277,-8.714046478271484,-7.474308490753174,-5.074924945831299,16719.244140625,3789.53466796875,1150.834228515625,1110.9237060546875,309.83087158203125,381.75091552734375,177.6799774169922,268.6836242675781,195.40740966796875,181.02816772460938,105.71810913085938,109.94339752197266,89.91236877441406,64.99616241455078,80.6445083618164,55.06692886352539,63.591156005859375,60.66594314575195,57.53540802001953,50.590667724609375,2017.0146765049426,2491003.762497798,0.09716575660265651,0.0166861713374628,0.06537821143865585,0.001469345181249082,Italian
274,-300.49005126953125,82.89253997802734,4.25083589553833,19.881866455078125,1.0642272233963013,-11.49710750579834,-0.276910662651062,-18.202449798583984,-2.0913846492767334,-12.792702674865723,-4.304873943328857,-8.402044296264648,-6.7223124504089355,-1.7399479150772095,-11.751082420349121,-1.1814322471618652,-10.241719245910645,-9.313309669494629,-7.732236862182617,-6.4601240158081055,17042.1875,3541.26611328125,1117.3292236328125,1010.0975952148438,286.4450378417969,373.3412170410156,195.0237579345703,256.3146057128906,207.5223846435547,175.64886474609375,105.77871704101562,106.44698333740234,74.79873657226562,71.72437286376953,81.39096069335938,52.14479446411133,57.196083068847656,60.41706085205078,64.27732849121094,54.5992546081543,1974.1433566638307,2628978.2054095226,0.09859031925720768,0.019015274365412345,0.06654525548219681,0.001629277947358787,Italian
275,-294.90789794921875,80.8453369140625,2.774348020553589,20.351024627685547,-1.329748511314392,-9.90919017791748,0.5845018625259399,-16.52056121826172,-3.1090517044067383,-14.878478050231934,-3.8605282306671143,-6.706242561340332,-6.793792724609375,-3.521158456802368,-10.717377662658691,-2.7601122856140137,-9.63232135772705,-9.395167350769043,-5.910524845123291,-5.462719440460205,16586.103515625,3541.009765625,1130.0072021484375,1057.2781982421875,311.7645568847656,338.177734375,185.8391876220703,266.9301452636719,200.85345458984375,188.75596618652344,102.57982635498047,102.16625213623047,84.77189636230469,73.8089370727539,77.44041442871094,52.91875076293945,59.584503173828125,69.55809020996094,66.76904296875,62.21143341064453,1959.5464595119167,2448881.6926292507,0.09645406107810921,0.017358556634641923,0.06809166073799133,0.0017092148773372173,Italian
276,-332.5556335449219,68.5456314086914,-3.435713291168213,22.13818359375,-4.509134292602539,-7.708154678344727,1.4981977939605713,-12.29092025756836,-3.765371322631836,-15.108067512512207,-5.049260139465332,-9.23076343536377,-4.21929931640625,-4.283900737762451,-8.921673774719238,-2.1387970447540283,-8.346247673034668,-11.407991409301758,-5.539957046508789,-5.012666702270508,23377.82421875,3953.53466796875,1175.7042236328125,1111.822021484375,332.8439636230469,275.4869079589844,168.3445587158203,229.58563232421875,154.3065643310547,207.63275146484375,103.87996673583984,120.47691345214844,84.59214782714844,75.06014251708984,80.75284576416016,55.38767623901367,61.7836799621582,84.9974594116211,55.93294143676758,67.94446563720703,2258.7628621757203,3369085.489835171,0.11677270339954164,0.022975706590082964,0.05224381014704704,0.0016410399693995714,Italian
277,-319.37030029296875,78.32861328125,-7.238101005554199,21.732677459716797,-4.962879657745361,-7.601366996765137,1.9997217655181885,-14.250509262084961,-5.252125263214111,-14.901535034179688,-6.320952892303467,-10.604330062866211,-5.651028633117676,-4.685235977172852,-8.879813194274902,-4.056642532348633,-8.89704704284668,-11.08659839630127,-7.067455291748047,-4.746101379394531,20409.87890625,4027.62451171875,1229.62451171875,1070.6849365234375,347.9875793457031,301.9874267578125,177.69728088378906,258.64349365234375,179.47283935546875,194.25648498535156,109.79143524169922,125.47471618652344,96.67313385009766,79.91698455810547,74.9559555053711,55.661808013916016,61.124271392822266,73.32266998291016,61.591163635253906,70.28227996826172,2174.0656578395656,2972858.1014897246,0.10971863397277228,0.021205558060585383,0.05738818645477295,0.0015466115437448025,Italian
278,-301.23150634765625,79.25003051757812,-11.730118751525879,31.010900497436523,-8.053235054016113,-10.064257621765137,3.5536391735076904,-18.823352813720703,-5.013479709625244,-14.542624473571777,-5.537815570831299,-7.216171741485596,-6.945030212402344,-4.05293083190918,-9.790217399597168,-6.598277568817139,-7.517804145812988,-10.416827201843262,-7.027644634246826,-3.975815773010254,20720.87890625,3683.065185546875,1521.3902587890625,1365.0797119140625,429.3734130859375,314.4972229003906,208.0391387939453,317.4776306152344,201.14266967773438,224.09681701660156,101.83458709716797,90.00037384033203,98.89869689941406,83.2975845336914,79.17462921142578,54.88499450683594,60.22203063964844,70.12540435791016,61.701995849609375,60.22303009033203,2144.472477554751,2573273.2432516464,0.10650950423164232,0.017355581843638026,0.0599098838865757,0.001418145140632987,Italian
279,-311.52490234375,82.4476318359375,-1.509521245956421,15.252570152282715,0.27362358570098877,-7.026030540466309,0.7141038775444031,-16.92852210998535,-2.6514925956726074,-15.3301420211792,-7.230451583862305,-7.540060520172119,-7.177591800689697,-2.2664849758148193,-13.314685821533203,-3.208824396133423,-10.040376663208008,-8.536736488342285,-7.023301601409912,-5.379549503326416,18289.427734375,3964.83984375,1033.46435546875,897.1131591796875,304.7554626464844,315.5517578125,167.6778564453125,273.74603271484375,201.06829833984375,188.9077606201172,114.86381530761719,103.01637268066406,90.06353759765625,72.88695526123047,104.73918151855469,56.171756744384766,63.426971435546875,69.20156860351562,63.574222564697266,79.8000717163086,2080.398305243326,2870676.1845521675,0.10049057326592624,0.020429559544108702,0.06224588304758072,0.0015636865282431245,Italian
280,-311.75762939453125,85.3165054321289,0.841488242149353,15.206991195678711,0.10272467136383057,-5.509546279907227,0.5394413471221924,-15.75737190246582,-5.7424774169921875,-12.590659141540527,-5.035247802734375,-8.019092559814453,-6.384744644165039,0.41581669449806213,-10.979706764221191,-3.9109344482421875,-8.17066478729248,-8.900554656982422,-8.288423538208008,-6.249899864196777,17227.37109375,4153.685546875,1076.3145751953125,817.7479858398438,351.70684814453125,298.6669006347656,172.04336547851562,244.2984161376953,177.82455444335938,168.3083953857422,107.26821899414062,102.56873321533203,82.60614776611328,74.51105499267578,77.84393310546875,58.053123474121094,55.93511199951172,59.857933044433594,56.7030143737793,51.97480010986328,2088.3867332541513,2841568.2296481193,0.10638250292463163,0.01967561348946003,0.05864748731255531,0.001455566380172968,Italian
281,-307.59906005859375,85.82933807373047,-2.978510856628418,16.363414764404297,-0.7711101174354553,-6.8273606300354,-1.166521668434143,-16.855976104736328,-3.78694224357605,-13.954970359802246,-4.204773426055908,-7.962954998016357,-7.7049407958984375,-1.1336121559143066,-11.757996559143066,-3.309177875518799,-10.43754768371582,-7.526116371154785,-7.626067161560059,-7.766613960266113,18125.04296875,4021.52392578125,1199.753173828125,959.437744140625,303.44891357421875,319.2344055175781,174.67408752441406,262.69281005859375,195.2285614013672,187.71644592285156,96.81350708007812,107.48460388183594,77.37861633300781,67.5750732421875,82.44377899169922,55.09482955932617,59.11225128173828,64.81785583496094,59.46065902709961,60.85822677612305,2039.994572350524,2623845.096175344,0.09933806404429489,0.016966785905943575,0.06148528307676315,0.0014459543162956834,Italian
282,-305.0872497558594,89.16011047363281,-5.714858055114746,17.7109317779541,-2.258573293685913,-8.601362228393555,-0.635000467300415,-16.305606842041016,-5.888671875,-13.60331916809082,-5.461407661437988,-7.391748905181885,-7.830574035644531,-1.2291524410247803,-12.506719589233398,-4.585133075714111,-9.231050491333008,-8.467909812927246,-6.132191181182861,-5.561371803283691,18590.55078125,4138.2919921875,1278.8226318359375,1022.008056640625,364.357177734375,320.80096435546875,205.35386657714844,263.1275634765625,206.0540313720703,180.2575225830078,98.52869415283203,105.32918548583984,91.40524291992188,76.34368133544922,92.117431640625,58.80990982055664,59.75633239746094,68.52322387695312,62.2898063659668,73.01777648925781,2019.9163299156762,2484812.442065514,0.10048677884615384,0.016480440247552634,0.06157322973012924,0.0013716289540752769,Italian
283,-311.6335144042969,77.54878997802734,1.9013699293136597,20.816038131713867,-0.8633998036384583,-9.686739921569824,1.4910739660263062,-15.456096649169922,-4.9845404624938965,-15.432205200195312,-7.973763465881348,-5.688388824462891,-6.094885349273682,-4.234518527984619,-12.896984100341797,-1.9131505489349365,-9.253475189208984,-10.344551086425781,-5.549562931060791,-5.993577480316162,18521.078125,4195.669921875,1332.8681640625,998.1608276367188,300.499755859375,344.77313232421875,188.9034881591797,289.88226318359375,201.7755126953125,201.25753784179688,112.41233825683594,102.04817199707031,89.59226989746094,70.03471374511719,88.565185546875,60.358306884765625,64.54011535644531,73.0465316772461,68.23564147949219,82.50978088378906,2123.023215816431,3052253.490190275,0.10963404038373162,0.021693657028962535,0.06355323642492294,0.0016541928052902222,Italian
284,-370.65740966796875,104.73588562011719,-4.923482894897461,27.068628311157227,-30.641786575317383,-21.631933212280273,12.493291854858398,-20.961692810058594,-11.040777206420898,-20.04478645324707,-8.970633506774902,-2.2421109676361084,-9.785094261169434,-9.3897705078125,-2.3940792083740234,-1.423905849456787,3.4932122230529785,-4.9542975425720215,-1.1389986276626587,1.4707434177398682,13416.3232421875,3429.4189453125,1235.0693359375,1069.2215576171875,756.3934326171875,475.57720947265625,191.25765991210938,350.8987731933594,227.36204528808594,270.1923522949219,109.55086517333984,92.86548614501953,101.85619354248047,88.17613220214844,50.480384826660156,50.43097686767578,47.56237030029297,67.2372817993164,57.54277038574219,48.080692291259766,1747.4160846939717,888067.0931735296,0.08915910164686824,0.004855396586844613,0.04382488876581192,0.0011855950579047203,Italian
285,-356.8023681640625,120.32099151611328,-13.042221069335938,24.74053192138672,-31.884517669677734,-21.41687774658203,11.691594123840332,-21.342924118041992,-15.321639060974121,-16.815258026123047,-4.6361083984375,-12.294858932495117,-7.171192169189453,-3.28176212310791,-7.799631118774414,-1.82866632938385,6.172067642211914,-3.816128730773926,-1.1004130840301514,2.2858879566192627,12220.2646484375,3128.0810546875,1511.27783203125,1235.4744873046875,676.17724609375,469.97967529296875,217.53956604003906,335.3284912109375,300.3703308105469,234.59091186523438,101.3941421508789,113.43584442138672,102.88372039794922,74.60546875,77.02405548095703,51.52096939086914,56.0764274597168,54.3949089050293,65.55919647216797,66.84156799316406,1602.8929187005847,852253.3803026456,0.08626332035563121,0.005650601864492876,0.050067681819200516,0.0012308972654864192,Italian
286,-330.2028503417969,105.48384094238281,-25.720972061157227,36.71163558959961,-29.689132690429688,-32.134033203125,10.25224781036377,-23.916284561157227,-14.983367919921875,-17.72300910949707,-8.203463554382324,-10.958050727844238,-7.248219966888428,-5.844972133636475,-4.72479248046875,-3.8287692070007324,2.0892834663391113,-0.41519615054130554,-0.2385690063238144,0.3182673752307892,13309.86328125,3118.7421875,1778.31884765625,1151.89306640625,598.5032348632812,565.344970703125,197.55455017089844,331.5748596191406,264.2005615234375,225.07252502441406,115.91033935546875,109.04457092285156,80.77864074707031,77.73593139648438,59.775943756103516,60.9132194519043,53.49821853637695,65.0457992553711,93.58479309082031,84.06646728515625,1813.646823321238,743990.9281339819,0.10020657453361931,0.005102630082727861,0.058894626796245575,0.0017148038605228066,Italian
287,-344.78143310546875,126.84737396240234,-5.635987758636475,22.659833908081055,-37.02861404418945,-17.215641021728516,9.611576080322266,-31.68478012084961,-15.8129243850708,-18.700899124145508,-9.868982315063477,-9.667183876037598,-9.203836441040039,-4.30845308303833,-11.338278770446777,-1.0498520135879517,11.103033065795898,-7.050747394561768,-5.5786333084106445,6.925227642059326,9087.39453125,2433.380859375,1515.3668212890625,1119.1328125,617.6094970703125,321.52581787109375,215.48727416992188,259.0732727050781,248.38873291015625,149.05174255371094,85.40595245361328,80.42740631103516,71.58072662353516,68.0319595336914,84.56159210205078,61.041744232177734,60.554298400878906,68.69631958007812,81.01494598388672,91.07049560546875,1469.7942319279746,757289.8694804428,0.07910569590771072,0.00491173449054903,0.05455423519015312,0.0012143825879320502,Italian
288,-353.3655090332031,137.38674926757812,-16.513944625854492,11.07361125946045,-25.418106079101562,-10.697484016418457,-3.8957602977752686,-28.59646987915039,-3.9847183227539062,-23.13603401184082,-11.645014762878418,-2.623981475830078,-9.936906814575195,-9.502161026000977,-8.170377731323242,-1.2589586973190308,6.322587490081787,-8.850075721740723,-2.6206674575805664,6.546861171722412,11136.876953125,2960.34375,1642.0775146484375,1165.2681884765625,512.1350708007812,333.91656494140625,205.4427947998047,305.6973571777344,222.38525390625,218.96803283691406,85.42010498046875,83.19955444335938,85.30342864990234,81.92808532714844,65.82443237304688,53.1532096862793,54.924659729003906,86.5379867553711,64.62720489501953,68.33724975585938,1372.9906256539016,564435.4703691645,0.0726877063610332,0.0029446634729716585,0.05764155462384224,0.0014359508641064167,Italian
289,-354.1325988769531,136.64642333984375,-15.422070503234863,9.111993789672852,-23.06481170654297,-3.3144145011901855,-10.144722938537598,-25.243167877197266,-1.213754415512085,-24.554277420043945,-12.136160850524902,-0.8878898024559021,-10.298282623291016,-11.732637405395508,-7.616177558898926,3.3457043170928955,1.2632147073745728,-8.340792655944824,-0.9025977253913879,0.9772573113441467,11019.6796875,2813.76025390625,1886.2869873046875,1119.61181640625,446.4935607910156,323.5920715332031,223.6457061767578,280.51556396484375,221.34071350097656,239.006103515625,92.5734634399414,80.49311828613281,85.872802734375,82.79422760009766,61.59894561767578,59.53164291381836,52.78221893310547,66.53074645996094,53.366275787353516,56.63105773925781,1353.6711349631435,592259.8519015445,0.07547293357478763,0.004092218264188059,0.05435807630419731,0.001432343851774931,Italian
290,-347.24853515625,136.85267639160156,-17.938119888305664,9.155583381652832,-36.872989654541016,0.1470312923192978,-1.3829522132873535,-32.525238037109375,-1.9864661693572998,-27.39829444885254,-8.560795783996582,0.8649810552597046,-17.785606384277344,-8.62255573272705,-3.542490005493164,-0.406374990940094,-0.6406922340393066,-2.8914504051208496,-1.227866291999817,-0.015396567061543465,10979.962890625,2591.92919921875,1682.9302978515625,1114.1473388671875,569.8656005859375,296.94659423828125,185.8102264404297,325.8428039550781,224.63336181640625,247.17352294921875,94.5469970703125,84.64852142333984,101.25023651123047,61.51750564575195,54.69182586669922,56.886234283447266,47.693260192871094,48.435115814208984,47.93256378173828,56.14095687866211,1443.459526380707,595156.4457710483,0.08105575129357298,0.004007692689117185,0.05198665335774422,0.0013090005377307534,Italian
291,-332.18902587890625,129.90960693359375,-14.517101287841797,8.671590805053711,-31.383207321166992,-11.338118553161621,0.2909008264541626,-29.933786392211914,-3.6852595806121826,-28.291234970092773,-7.544898986816406,-1.771497368812561,-15.906949996948242,-7.783506393432617,-4.041896820068359,-6.308464527130127,7.415821075439453,-6.018499374389648,-2.9634320735931396,4.589202880859375,10309.830078125,2665.21044921875,1475.710693359375,981.6266479492188,508.7667236328125,330.4942626953125,165.8955078125,309.5641784667969,236.2751922607422,259.7699279785156,108.10234069824219,84.31328582763672,95.00978088378906,77.474853515625,61.03055191040039,58.151451110839844,53.69739532470703,67.11847686767578,72.47101593017578,84.10334777832031,1501.3998437234784,825445.9862540426,0.08348058363970588,0.005890550653332245,0.05758228898048401,0.0013629687018692493,Italian
292,-321.3149108886719,127.9345703125,-26.241260528564453,14.98060131072998,-31.83786964416504,-10.656264305114746,0.28135767579078674,-24.720947265625,-8.1761474609375,-28.21242332458496,-3.941396474838257,-2.6424293518066406,-14.79242992401123,-5.333340644836426,-8.880496978759766,1.5508478879928589,4.653839588165283,-3.885376453399658,-4.616074562072754,0.142207071185112,11459.93359375,2570.483642578125,1723.752197265625,1236.87109375,555.981689453125,360.2624206542969,194.60789489746094,259.87890625,242.6016845703125,241.85035705566406,101.67210388183594,89.32193756103516,85.95635986328125,67.47661590576172,66.32638549804688,64.73286437988281,52.274234771728516,63.2151985168457,79.82793426513672,70.94730377197266,1488.9780927653737,551813.1497999585,0.07813103963487156,0.003285451538601512,0.062340982258319855,0.001693045487627387,Italian
293,-337.4147033691406,133.5755157470703,-26.64501953125,16.535518646240234,-25.775798797607422,-11.1747407913208,-3.5563066005706787,-23.95854949951172,-3.9721477031707764,-30.07971954345703,-8.23661994934082,3.8631720542907715,-13.768499374389648,-10.256948471069336,-2.2132680416107178,-2.6409683227539062,2.80088472366333,-3.747112274169922,-3.4716293811798096,-1.9607781171798706,12623.666015625,2896.52001953125,2080.380615234375,1082.9840087890625,551.4442138671875,385.8219299316406,190.7691192626953,270.5597229003906,231.77027893066406,281.92901611328125,95.3016586303711,92.67267608642578,105.93314361572266,79.13893127441406,59.313270568847656,52.07129669189453,44.70756912231445,51.03164291381836,53.82052993774414,47.79462432861328,1508.0754638531512,647135.2935635435,0.08438066656461944,0.004249555128768966,0.056125108152627945,0.0015725207049399614,Italian
294,-308.7584228515625,72.10372924804688,0.4230164587497711,19.922306060791016,-3.7394325733184814,-8.00233268737793,-0.891839861869812,-13.779644966125488,-4.751389026641846,-14.860932350158691,-5.710073947906494,-10.143875122070312,-6.992201805114746,-3.1574923992156982,-10.998612403869629,-4.072832107543945,-9.265772819519043,-9.561239242553711,-7.816685199737549,-4.264366149902344,18840.318359375,3758.92041015625,1088.1942138671875,976.654052734375,360.7239990234375,287.48602294921875,191.0908966064453,256.56060791015625,194.30215454101562,183.74916076660156,97.14747619628906,114.90267181396484,99.07563781738281,72.17704010009766,79.52999877929688,59.18157958984375,69.95771789550781,75.35305786132812,75.75051879882812,73.58837127685547,2303.3735368533903,3143105.280730802,0.11676874683062881,0.022421566518264976,0.06121920421719551,0.0017331852577626705,Italian
295,-303.3018493652344,81.92630767822266,-5.0742506980896,23.615917205810547,-0.688081681728363,-7.925957202911377,0.5838565826416016,-15.28557300567627,-6.445483207702637,-17.18602752685547,-4.522495269775391,-9.165395736694336,-7.348909378051758,-5.466402053833008,-11.617157936096191,-2.6150736808776855,-10.452595710754395,-12.04245376586914,-7.2151384353637695,-6.269590377807617,15898.4287109375,3808.102783203125,1188.724853515625,1056.9852294921875,277.16522216796875,321.9158630371094,158.5165557861328,259.1626281738281,201.17332458496094,194.49105834960938,102.87311553955078,113.59107208251953,85.14009094238281,74.53838348388672,78.41545104980469,60.64767074584961,57.26573181152344,63.69688415527344,50.68798828125,54.06764221191406,2176.7857853459354,2945037.678047668,0.10722815706365843,0.020663334889407095,0.06433545798063278,0.0015711740124970675,Italian
296,-295.2146911621094,85.98409271240234,-5.2510271072387695,20.56696128845215,-3.6634418964385986,-7.989028453826904,0.29323717951774597,-16.140422821044922,-6.213101387023926,-16.660480499267578,-5.084043979644775,-10.425542831420898,-8.67136287689209,-4.330636024475098,-11.954806327819824,-3.254319667816162,-10.97614860534668,-10.112587928771973,-7.648891925811768,-5.395698070526123,16222.083984375,3485.78759765625,1168.32958984375,1058.31005859375,315.150634765625,327.917724609375,183.65383911132812,255.4241943359375,203.1962127685547,179.1499786376953,107.28251647949219,123.04214477539062,90.72681427001953,76.43733215332031,73.23886108398438,58.637779235839844,56.80183029174805,56.582252502441406,59.09437561035156,71.61312866210938,2062.0975379994734,2402210.673968798,0.09514239903089335,0.015224712101010642,0.06747011095285416,0.001540793920867145,Italian
297,-326.7858581542969,71.17598724365234,-5.203265190124512,23.12843132019043,-4.937433242797852,-7.2550554275512695,0.756793200969696,-16.169742584228516,-4.9551568031311035,-13.812492370605469,-6.410490036010742,-8.269682884216309,-6.040009498596191,-5.367949485778809,-10.263860702514648,-4.252700328826904,-8.83255672454834,-9.33186149597168,-7.007298469543457,-4.548903465270996,23082.740234375,3836.883544921875,1230.2099609375,1181.0601806640625,370.6294250488281,280.3268737792969,177.841796875,300.2472229003906,181.4912567138672,186.80990600585938,113.08867645263672,114.11015319824219,85.5331802368164,70.02936553955078,81.49105834960938,56.528072357177734,63.068748474121094,69.51325225830078,61.62075424194336,69.26610565185547,2156.7217041242834,3009406.3076838925,0.10319043125753617,0.018079162165601917,0.055740710347890854,0.0016370887169614434,Italian
298,-302.3808288574219,78.53632354736328,-11.294057846069336,23.5733699798584,-4.834753036499023,-10.087274551391602,1.4594097137451172,-19.206533432006836,-4.7699713706970215,-14.099689483642578,-6.189713001251221,-9.585469245910645,-8.129159927368164,-2.8535659313201904,-10.983580589294434,-5.913422584533691,-7.883285999298096,-10.153654098510742,-7.99667501449585,-2.1489720344543457,20371.826171875,3435.90283203125,1364.8143310546875,1133.3846435546875,343.3554992675781,296.0738830566406,162.3843231201172,312.3679504394531,196.3600616455078,184.4007110595703,106.98140716552734,120.8247299194336,109.79412841796875,71.9200210571289,81.63219451904297,68.11817169189453,58.18988037109375,72.63111114501953,78.71693420410156,78.27964782714844,2149.0951347948235,2557782.8367811427,0.10348983343337335,0.01669951781100882,0.06204880774021149,0.0017163098091259599,Italian
299,-309.52117919921875,77.07623291015625,-10.620054244995117,20.690916061401367,-7.095849990844727,-10.67303466796875,2.0750010013580322,-16.839561462402344,-3.538679361343384,-14.06799030303955,-6.157934188842773,-8.948770523071289,-6.5196027755737305,-4.578160285949707,-9.110848426818848,-4.268763542175293,-8.395085334777832,-11.253777503967285,-7.3234429359436035,-3.15120792388916,22277.796875,3787.73828125,1398.486083984375,1015.9567260742188,398.5780334472656,304.0564270019531,168.92713928222656,287.3037109375,174.14041137695312,213.65103149414062,97.60021209716797,108.09183502197266,86.98041534423828,73.79198455810547,74.68688201904297,54.00678253173828,59.82568359375,82.27567291259766,77.71941375732422,67.8494873046875,2126.3549514316533,2698744.9352605366,0.10301987106071285,0.01560255479855307,0.05885389447212219,0.001706430222839117,Italian
300,-296.939453125,79.57807159423828,-6.6450514793396,23.17302131652832,-4.800052165985107,-10.21509838104248,0.03582850471138954,-17.777982711791992,-4.333756446838379,-13.614556312561035,-6.736714839935303,-11.488125801086426,-6.913336277008057,-5.398777961730957,-11.120262145996094,-5.757209777832031,-8.501493453979492,-11.825961112976074,-8.079997062683105,-3.3840675354003906,17876.453125,3491.281982421875,1194.1715087890625,1008.3838500976562,324.3761901855469,316.3406066894531,190.31686401367188,279.0368957519531,176.3913116455078,204.7389373779297,120.7152099609375,121.7704849243164,92.8598403930664,77.71529388427734,68.86149597167969,59.06635284423828,57.56888961791992,69.3734359741211,65.17723846435547,70.19271850585938,2152.201260190267,2584291.401958001,0.0999396886975595,0.016900892798092444,0.06466913968324661,0.001602977979928255,Italian
301,-305.2938537597656,78.54859161376953,-7.103402614593506,21.836307525634766,-5.79876184463501,-10.636453628540039,0.8157945871353149,-15.823168754577637,-4.0360894203186035,-13.588312149047852,-7.314155101776123,-10.436052322387695,-5.86780309677124,-6.013423442840576,-8.621830940246582,-4.668369770050049,-8.221060752868652,-11.030745506286621,-7.196126461029053,-3.8827147483825684,19398.212890625,3816.67041015625,1358.3143310546875,1127.020263671875,354.5085144042969,322.6895446777344,175.30758666992188,247.75099182128906,179.4001007080078,181.53875732421875,99.0772705078125,116.16091918945312,87.36270141601562,68.10575103759766,70.57213592529297,63.217063903808594,60.144596099853516,82.57552337646484,77.16096496582031,66.06484985351562,2182.5932837092323,2828985.5462506874,0.10803718251133228,0.019168363042374233,0.06089293584227562,0.001502660452388227,Italian
302,-297.96240234375,80.09123992919922,-5.889699935913086,19.942989349365234,-5.862576484680176,-9.78444766998291,0.35229089856147766,-15.964872360229492,-4.335615634918213,-14.813565254211426,-7.0568647384643555,-10.172871589660645,-6.565213680267334,-3.9522178173065186,-10.845924377441406,-4.096916198730469,-8.211282730102539,-10.91916561126709,-6.714424133300781,-3.279479503631592,18445.0859375,3803.787109375,1221.76318359375,931.6109008789062,373.45849609375,333.1377868652344,179.33836364746094,256.9656066894531,176.25662231445312,200.3267822265625,104.9208984375,115.09305572509766,93.9836196899414,79.47631072998047,75.56197357177734,61.12528991699219,68.81875610351562,73.98104858398438,82.07505798339844,82.76210021972656,2225.656057728234,2810165.9451089487,0.10811297151037387,0.018257538712536454,0.06257310509681702,0.0016997132916003466,Italian
303,-321.091796875,73.75363159179688,-2.4222195148468018,19.77231788635254,-2.455782890319824,-8.19233226776123,1.9840903282165527,-14.414005279541016,-5.904209613800049,-12.908045768737793,-5.937453269958496,-5.560099124908447,-7.357032299041748,-2.6904187202453613,-10.982276916503906,-3.7897939682006836,-8.351033210754395,-8.479573249816895,-6.401639461517334,-5.031260967254639,22307.935546875,4352.3125,1323.5986328125,939.60791015625,365.90802001953125,318.7320556640625,190.6043243408203,258.8488464355469,206.6553497314453,221.06253051757812,90.78927612304688,90.84712219238281,88.02043151855469,67.7697982788086,84.91685485839844,54.76134490966797,57.07551574707031,63.59234619140625,63.803436279296875,58.7496452331543,2070.761698238944,2875429.7921890663,0.09681630822616061,0.015737501841447347,0.05857757851481438,0.0018930359510704875,Italian
304,-291.931396484375,82.6551513671875,-10.195039749145508,23.9680233001709,-5.137628555297852,-11.791561126708984,3.4303808212280273,-18.31620979309082,-4.418874263763428,-11.863321304321289,-6.173314571380615,-5.032647132873535,-5.85348653793335,-2.5714478492736816,-11.043499946594238,-3.7427549362182617,-8.745670318603516,-10.202554702758789,-7.688943386077881,-6.009303092956543,19740.314453125,4334.06689453125,1641.48876953125,1095.148193359375,379.36761474609375,402.00927734375,203.26844787597656,334.6463317871094,204.32916259765625,208.89205932617188,90.62286376953125,105.21178436279297,81.64360809326172,65.06134796142578,80.58638000488281,57.21537780761719,56.64009094238281,67.08191680908203,50.65904235839844,50.251827239990234,2160.1476379522046,2759453.9561469993,0.11018506199989742,0.019616713779677695,0.06444774568080902,0.0015125581994652748,Italian
305,-302.3229675292969,86.62551879882812,-6.374703884124756,19.74090003967285,-5.965068340301514,-9.923070907592773,2.8828506469726562,-18.30792236328125,-4.058732509613037,-12.111527442932129,-6.215583324432373,-7.43422269821167,-5.999609470367432,-1.6654061079025269,-12.186360359191895,-3.8138911724090576,-8.291335105895996,-10.062261581420898,-7.363372325897217,-4.367583751678467,20611.1015625,3713.983154296875,1355.3475341796875,926.4742431640625,376.6448059082031,329.3710632324219,180.9790802001953,312.450439453125,200.2559814453125,206.95010375976562,98.72280883789062,105.10576629638672,84.69728088378906,71.2104721069336,84.99807739257812,56.58203125,56.558589935302734,70.66346740722656,57.08680725097656,53.36952209472656,1949.1656973444067,2247596.8646800783,0.09028821365694165,0.013292131960111843,0.06518622487783432,0.0017127407481893897,Italian
306,-318.27960205078125,76.59795379638672,-4.021427631378174,21.887588500976562,-3.377246141433716,-10.718591690063477,2.410280466079712,-16.097389221191406,-3.5120465755462646,-12.898503303527832,-6.587437629699707,-7.6105170249938965,-6.721129417419434,-1.3975657224655151,-10.675665855407715,-3.21858286857605,-8.25988483428955,-9.495537757873535,-7.236367702484131,-4.9384636878967285,22524.330078125,4010.31689453125,1233.357421875,1115.1473388671875,316.83953857421875,344.11004638671875,173.1254119873047,287.87408447265625,169.9847869873047,194.2150115966797,89.45488739013672,116.94952392578125,85.12322235107422,68.908935546875,79.78211212158203,57.066471099853516,57.843509674072266,69.05531311035156,57.079811096191406,61.77090072631836,2048.352123871971,2819749.084420865,0.09847279383614088,0.018401633129842852,0.06051256135106087,0.0018467052141204476,Italian
307,-297.4486389160156,82.78443908691406,-2.0974016189575195,19.847227096557617,-1.6518514156341553,-9.976235389709473,0.3330969214439392,-16.23255157470703,-3.8545494079589844,-15.066102981567383,-7.633093357086182,-8.367283821105957,-7.213922500610352,-2.6363260746002197,-12.818727493286133,-2.8318042755126953,-10.34701919555664,-9.596893310546875,-8.669648170471191,-8.049735069274902,16021.630859375,3921.931396484375,1165.1124267578125,1069.187744140625,313.6430358886719,335.06707763671875,191.87982177734375,245.77586364746094,187.1468505859375,182.45553588867188,108.5982666015625,99.94428253173828,85.46187591552734,66.38677978515625,86.04222106933594,55.297454833984375,65.40144348144531,58.58838653564453,59.67717361450195,76.78076934814453,2118.220308654206,2779440.7901222953,0.10256592241575592,0.020132799156691406,0.06725551933050156,0.0016202728729695082,Italian
308,-304.49688720703125,80.76642608642578,-7.448681354522705,20.61228370666504,-3.652880907058716,-9.055432319641113,2.4282171726226807,-16.10663604736328,-4.106988430023193,-12.284073829650879,-6.512111663818359,-7.2007670402526855,-7.9674882888793945,-0.19421713054180145,-12.583748817443848,-3.1413371562957764,-7.9405317306518555,-9.28250503540039,-6.630541801452637,-4.976744651794434,20219.71484375,3985.632080078125,1338.25,1039.9737548828125,339.8077392578125,357.1758728027344,176.7185821533203,282.96490478515625,176.25717163085938,187.08462524414062,101.6563491821289,105.93999481201172,94.76280212402344,64.96051025390625,94.94471740722656,57.725013732910156,56.02391815185547,70.5515365600586,55.16189193725586,55.79705810546875,2119.865879226682,2668711.5789748537,0.10169702864925537,0.0160961915254353,0.06255029886960983,0.0018400527769699693,Italian
309,-290.39453125,79.96015167236328,-9.338699340820312,25.3023738861084,-4.6916937828063965,-12.084380149841309,3.609285354614258,-19.457746505737305,-4.8759918212890625,-13.009099960327148,-7.695131301879883,-4.621905326843262,-6.878146171569824,-2.6751954555511475,-12.691158294677734,-3.13846492767334,-10.219862937927246,-10.010415077209473,-6.438796520233154,-7.961947441101074,19209.037109375,3970.91748046875,1511.6806640625,1127.705078125,389.06805419921875,388.3223571777344,218.56504821777344,322.7454833984375,204.7262725830078,213.29148864746094,111.56139373779297,98.81002807617188,88.64823913574219,76.01443481445312,86.65473175048828,58.6536750793457,63.76279830932617,73.5445785522461,61.76490020751953,75.69149780273438,2167.9183738167862,2551315.718443611,0.10510789866526168,0.017336722051254472,0.06658143550157547,0.0016653937054798007,Italian
310,-299.8024597167969,81.66766357421875,-7.096256732940674,22.829334259033203,-5.191842079162598,-9.83435344696045,2.4824256896972656,-20.110502243041992,-7.2593793869018555,-11.59768009185791,-6.438798427581787,-6.203772068023682,-6.880762577056885,-3.1511590480804443,-10.172625541687012,-6.162449359893799,-8.473506927490234,-8.922297477722168,-6.337569713592529,-6.0586748123168945,20385.376953125,3960.2919921875,1428.094482421875,925.8348999023438,375.9542236328125,316.7460632324219,211.44500732421875,339.9443054199219,197.84864807128906,192.4711456298828,101.90721893310547,92.97644805908203,82.74449157714844,75.10071563720703,79.39216613769531,61.21051788330078,59.931640625,64.41603088378906,50.318695068359375,58.97019958496094,2093.9856674575058,2695501.772913069,0.10168771520759017,0.016666924446274343,0.06580259650945663,0.0017755302833393216,Italian
311,-301.8016662597656,80.89949798583984,-2.699780225753784,21.863866806030273,-3.186954975128174,-9.908130645751953,2.2317118644714355,-17.266040802001953,-6.676281929016113,-14.016892433166504,-6.939039707183838,-8.787569999694824,-7.550755023956299,-3.0651803016662598,-11.139922142028809,-4.981692314147949,-8.509841918945312,-8.669708251953125,-5.998075485229492,-5.61098575592041,18072.951171875,3884.376708984375,1290.2158203125,1101.0537109375,324.6571350097656,304.8531799316406,182.3695526123047,262.2295837402344,195.91226196289062,193.67623901367188,102.33980560302734,104.81145477294922,93.61580657958984,65.12657928466797,81.8712387084961,57.66646957397461,64.30192565917969,65.91165924072266,83.18421936035156,91.84453582763672,2149.149579663175,2895843.6175237196,0.10609207182585347,0.020689357374013992,0.06576383113861084,0.0017224847106263041,Italian
312,-308.5117492675781,77.06751251220703,-6.6119208335876465,22.618587493896484,-3.0619194507598877,-9.49718952178955,1.313777208328247,-16.39036750793457,-5.440159797668457,-12.51134967803955,-6.313921928405762,-8.231816291809082,-6.098005771636963,-2.9961326122283936,-10.888309478759766,-4.308437347412109,-7.495147705078125,-8.623586654663086,-6.072639465332031,-5.871873378753662,21969.671875,3947.0908203125,1403.2515869140625,1066.3277587890625,302.25787353515625,298.192138671875,172.93313598632812,276.4728088378906,193.88833618164062,206.7538299560547,103.10101318359375,108.64879608154297,82.10093688964844,62.50132369995117,85.94743347167969,51.667293548583984,52.65797805786133,73.3017349243164,67.85343933105469,69.0890884399414,2108.168147332146,2940721.4059203393,0.10514992161800987,0.021140195733101375,0.06323740631341934,0.0018882306758314371,Italian
313,-302.78961181640625,88.20671844482422,-1.0900592803955078,20.260927200317383,-1.4273473024368286,-10.645920753479004,-0.3380220830440521,-17.781879425048828,-3.8506157398223877,-14.928115844726562,-5.506179332733154,-7.508763313293457,-9.53365707397461,-2.253431558609009,-10.722769737243652,-1.9878876209259033,-9.206226348876953,-9.185391426086426,-6.645572185516357,-6.199847221374512,17238.5078125,3877.88916015625,1251.625,993.9195556640625,314.4529724121094,345.9684753417969,196.66465759277344,280.21527099609375,209.79202270507812,191.2847137451172,90.61831665039062,95.55001831054688,91.09693908691406,86.25929260253906,77.62163543701172,55.67939376831055,66.95040130615234,64.41777038574219,65.37320709228516,63.96306610107422,2111.7156131554743,2547465.9023244316,0.10864010170732774,0.01733969129991184,0.06365066766738892,0.0013506561517715454,Italian
314,-308.49072265625,81.67037963867188,-3.3709189891815186,19.180822372436523,-4.042291164398193,-7.615787506103516,0.14586719870567322,-15.820669174194336,-4.433735370635986,-14.40995979309082,-5.128187656402588,-8.00555419921875,-6.810232162475586,-3.4893674850463867,-11.398077011108398,-3.3324410915374756,-8.274136543273926,-10.504630088806152,-5.880670070648193,-5.992393970489502,18756.259765625,3958.493896484375,1207.01904296875,965.8341674804688,326.8969421386719,289.8022766113281,184.3722381591797,273.75286865234375,223.2337188720703,178.44850158691406,104.06732940673828,100.00325775146484,84.62183380126953,80.51995849609375,86.0521240234375,59.10823059082031,60.16866683959961,69.30253601074219,63.8634147644043,69.62564849853516,2086.6611102178,2590374.601305252,0.10680181378082668,0.018190742930181924,0.06148281693458557,0.0014551548520103097,Italian
315,-304.8410949707031,86.7806167602539,-4.9075846672058105,20.676359176635742,-3.2937095165252686,-10.786252975463867,-0.5312730073928833,-18.748872756958008,-1.9012123346328735,-13.992441177368164,-5.575119972229004,-8.34229850769043,-8.439472198486328,-1.9722667932510376,-11.837810516357422,-4.111556053161621,-8.733118057250977,-9.031211853027344,-7.196948051452637,-6.018929481506348,17821.373046875,3633.40673828125,1337.794677734375,964.27978515625,310.18768310546875,331.1287536621094,201.01377868652344,295.296875,218.12059020996094,199.29568481445312,96.52249908447266,107.16468811035156,78.05595397949219,79.29154968261719,83.43338012695312,61.26491928100586,67.04580688476562,75.48477935791016,70.57498931884766,60.869789123535156,2070.841684988386,2616169.631454463,0.1048787546131766,0.018142489233804262,0.06334288418292999,0.0014923496637493372,Italian
316,-291.28363037109375,93.88665008544922,-10.79826831817627,24.70265007019043,-4.682194709777832,-12.547723770141602,0.02518974058330059,-20.782012939453125,-1.6959223747253418,-14.01452350616455,-4.696603775024414,-6.520795822143555,-9.942070960998535,-1.8386503458023071,-12.093502044677734,-3.7766029834747314,-9.22675609588623,-8.993342399597168,-7.733250141143799,-9.039277076721191,16787.5,3502.295166015625,1359.529541015625,1124.6583251953125,408.0244445800781,344.5511474609375,211.4287872314453,297.4012145996094,225.94346618652344,191.28843688964844,103.34097290039062,101.76688385009766,99.70413208007812,88.09455871582031,87.32734680175781,57.61838912963867,59.026527404785156,66.29869842529297,68.513427734375,65.27032470703125,1957.8960705765373,1869563.993194426,0.09472891514728428,0.012983664988740365,0.06534799188375473,0.0013380736345425248,Italian
317,-301.7728271484375,78.42292785644531,-5.292716026306152,28.045133590698242,-4.495875358581543,-13.927022933959961,2.1529927253723145,-19.847286224365234,-2.6841986179351807,-15.84372615814209,-6.683879852294922,-6.9271721839904785,-8.858914375305176,-3.6330325603485107,-10.287474632263184,-2.472090244293213,-8.235147476196289,-10.575906753540039,-6.36626672744751,-5.494957447052002,19599.7421875,3598.5322265625,1316.484130859375,1158.6553955078125,334.9307556152344,397.637451171875,221.63504028320312,348.137939453125,225.8836669921875,202.3179473876953,98.53640747070312,106.18653106689453,104.31194305419922,80.75778198242188,86.49523162841797,60.44093322753906,68.75081634521484,78.75990295410156,74.12069702148438,88.49002838134766,2241.578046189993,2554289.361402688,0.11372419084821428,0.01949700098864886,0.06445889174938202,0.0015290260780602694,Italian
318,-311.0029602050781,85.00833129882812,-3.7909622192382812,19.797718048095703,-3.143688440322876,-12.478230476379395,0.9693358540534973,-18.508256912231445,-2.827604293823242,-12.05302619934082,-4.044400215148926,-5.141874313354492,-8.38561725616455,-2.9211373329162598,-12.748653411865234,-2.5011959075927734,-8.35523509979248,-9.250967025756836,-6.40221643447876,-7.64211893081665,20647.90625,4090.2392578125,1385.40966796875,1082.5155029296875,323.3595275878906,354.8846130371094,194.95950317382812,298.324462890625,194.53013610839844,168.59393310546875,80.47463989257812,93.66876220703125,97.12030029296875,75.9807357788086,94.07720184326172,56.971458435058594,61.707271575927734,71.5707015991211,64.25143432617188,77.9172592163086,2112.2236539111054,2688290.366356897,0.10724130001036485,0.019081297415279405,0.06081000715494156,0.0014736989978700876,Italian
319,-301.3916015625,86.50897216796875,-4.2932963371276855,21.902647018432617,-3.1592376232147217,-13.100310325622559,0.674172043800354,-18.9670467376709,-2.2044224739074707,-14.198603630065918,-6.0666890144348145,-7.101978302001953,-8.584907531738281,-2.3867883682250977,-11.53506088256836,-2.518660545349121,-8.085355758666992,-9.05833911895752,-5.843857765197754,-5.911946773529053,18709.4921875,3931.380126953125,1391.717041015625,1043.8514404296875,324.9981994628906,338.3831787109375,196.7068634033203,302.3895568847656,221.35525512695312,183.99058532714844,98.40363311767578,111.24276733398438,102.11061096191406,77.38297271728516,92.15234375,61.69612503051758,64.1705322265625,78.67603302001953,70.79789733886719,82.92611694335938,2120.6859711618786,2399752.27912395,0.10746690835617542,0.016654811849804958,0.06299517303705215,0.0014816605253145099,Italian
320,-312.8023681640625,82.67012023925781,-4.079962730407715,21.34987449645996,-3.2654354572296143,-11.302353858947754,1.496268391609192,-18.21885108947754,-4.125189304351807,-12.293293952941895,-4.868366718292236,-4.457777500152588,-7.23699951171875,-3.2007367610931396,-11.02053451538086,-2.7618579864501953,-7.867664337158203,-9.872014999389648,-6.4635748863220215,-7.035438537597656,20654.72265625,4342.27587890625,1346.9193115234375,1017.4535522460938,329.16015625,379.2113952636719,203.62413024902344,293.8903503417969,225.9866943359375,179.18798828125,95.9764404296875,107.22671508789062,97.64305877685547,77.2807846069336,87.36810302734375,59.59630584716797,61.325828552246094,79.07139587402344,69.60240173339844,73.15128326416016,2185.5870930076167,2896731.70365184,0.11582479972793229,0.02060744258200162,0.059628959745168686,0.0015121218748390675,Italian
321,-294.4896545410156,88.09898376464844,-4.057557582855225,26.661170959472656,-2.9133198261260986,-11.171685218811035,1.9663186073303223,-19.32928466796875,-3.724653482437134,-15.447778701782227,-4.443959712982178,-6.730068206787109,-6.373754024505615,-3.2235500812530518,-12.61125659942627,-1.7728338241577148,-9.430466651916504,-10.46150016784668,-4.956294059753418,-7.564082622528076,16974.419921875,3415.5263671875,1168.27587890625,1061.4638671875,310.5541076660156,314.95721435546875,194.71495056152344,306.57281494140625,226.15367126464844,195.61740112304688,110.41161346435547,103.08959197998047,85.92964172363281,79.14278411865234,84.1396713256836,55.025508880615234,59.52383041381836,71.48589324951172,61.98842239379883,72.02314758300781,2088.2902154702356,2295027.908964955,0.09938191902022316,0.01596867935522206,0.06761348992586136,0.0015150182880461216,Italian
322,-330.3238220214844,82.66691589355469,-0.12511205673217773,24.94354820251465,-3.4763782024383545,-9.9633150100708,-2.626915693283081,-20.011489868164062,-8.03589916229248,-17.06184196472168,-8.332515716552734,-7.138571739196777,-9.811636924743652,-2.950695037841797,-12.168362617492676,-2.088181972503662,-8.869985580444336,-7.376077651977539,-9.358485221862793,-4.571916103363037,16251.2431640625,3709.240234375,1352.1517333984375,1121.1944580078125,361.4726257324219,335.9054870605469,227.15066528320312,284.6224365234375,280.5860900878906,191.4215087890625,112.01912689208984,104.45013427734375,94.11727142333984,84.83838653564453,94.02620697021484,64.04208374023438,59.928707122802734,57.95555877685547,70.73922729492188,77.03961944580078,2118.7936352658435,2462035.1772810854,0.10771695711199936,0.017557669848896937,0.05106590315699577,0.0009986901422962546,Italian
323,-325.3399658203125,81.56251525878906,4.083817005157471,21.925235748291016,-1.0175929069519043,-9.297442436218262,-2.5963127613067627,-18.38648223876953,-4.418029308319092,-13.81806468963623,-12.07587718963623,-7.9127197265625,-6.704708576202393,-4.348749160766602,-11.256539344787598,-3.0910067558288574,-7.879828453063965,-8.194839477539062,-7.960117816925049,-4.879980564117432,16295.3115234375,4295.10205078125,1159.9949951171875,897.6254272460938,354.0328674316406,325.8219299316406,215.96212768554688,294.36376953125,200.6927947998047,192.01759338378906,117.65697479248047,110.14248657226562,87.53426361083984,80.03004455566406,85.027587890625,55.1097297668457,55.08473587036133,59.34138870239258,61.771018981933594,62.8181266784668,2205.5618617375326,2861943.8976140763,0.11866810779697848,0.020126946268668643,0.05363531783223152,0.0011086047161370516,Italian
324,-316.8654479980469,84.00415802001953,3.637139081954956,16.447980880737305,0.9148848056793213,-12.840779304504395,-2.2758030891418457,-15.814934730529785,-2.7782204151153564,-15.210508346557617,-5.158814907073975,-6.502940654754639,-9.171649932861328,-1.0205312967300415,-11.27782154083252,-3.348726749420166,-8.80318832397461,-9.441664695739746,-8.966728210449219,-7.20350980758667,17625.318359375,3960.8349609375,1071.5723876953125,963.3685302734375,291.3168029785156,350.7493591308594,186.06768798828125,258.1046142578125,204.38003540039062,175.6754913330078,98.2808609008789,90.96947479248047,95.05902862548828,76.9378890991211,94.47083282470703,55.215614318847656,53.456783294677734,59.86591720581055,61.70477294921875,69.1700668334961,2164.4265468285917,2853993.5591803254,0.11029792444029851,0.022563721640780816,0.05821984261274338,0.00120982073713094,Italian
325,-320.4631042480469,79.9351806640625,5.333886623382568,17.748435974121094,0.08277818560600281,-10.8181734085083,-0.7440884709358215,-16.09727668762207,-4.11305046081543,-14.033989906311035,-5.195289134979248,-8.036176681518555,-8.331196784973145,-0.5577378869056702,-12.186079978942871,-1.8086349964141846,-9.271438598632812,-8.209090232849121,-7.118396759033203,-5.030881404876709,17089.548828125,3771.201904296875,1021.927490234375,1012.2996215820312,279.3543701171875,344.80401611328125,160.06826782226562,243.80319213867188,189.81971740722656,166.660888671875,86.36857604980469,104.0374526977539,82.3503646850586,69.87908935546875,92.80998229980469,52.83439254760742,59.25288772583008,59.13461685180664,65.4361801147461,72.85014343261719,2253.99714647821,2803138.7675653994,0.11847901447510822,0.02148555356369895,0.05679866299033165,0.0012767952866852283,Italian
326,-315.0587463378906,86.42922973632812,-0.09941232204437256,16.000696182250977,-3.3655428886413574,-10.041507720947266,-1.3288602828979492,-16.50096893310547,-3.664555311203003,-12.313493728637695,-5.187473773956299,-7.020797252655029,-7.781820297241211,-2.1639456748962402,-11.507811546325684,-2.707549810409546,-9.125266075134277,-9.947492599487305,-6.789132118225098,-6.4301228523254395,18116.234375,3832.98291015625,1095.6719970703125,883.0643920898438,304.9267883300781,305.7471618652344,184.09732055664062,301.9212951660156,195.1017303466797,176.21356201171875,86.34812927246094,96.57659912109375,96.41783142089844,75.29283905029297,85.64270782470703,53.995174407958984,58.33749008178711,67.86402130126953,67.6577377319336,67.73751831054688,2087.413586722667,2444372.176912014,0.1037882964137687,0.017302168732244046,0.056714653968811035,0.0012124578934162855,Italian
327,-313.3800354003906,87.68061828613281,3.1651926040649414,19.09995460510254,-2.388690233230591,-12.815792083740234,0.04070527106523514,-18.952959060668945,-2.7127559185028076,-13.788414001464844,-6.963606357574463,-7.064124584197998,-6.355467319488525,-2.5404911041259766,-12.843245506286621,-0.570110023021698,-8.263779640197754,-11.491122245788574,-7.132049560546875,-6.464423179626465,18122.080078125,3363.37646484375,1104.993408203125,963.89990234375,289.24932861328125,341.0343017578125,195.28663635253906,276.75067138671875,224.234130859375,189.86148071289062,96.61386108398438,98.06470489501953,85.701416015625,74.6513900756836,90.31389617919922,56.51390838623047,56.57146453857422,74.3969497680664,64.69715118408203,68.89449310302734,2086.684701589726,2209356.1968114907,0.09937019552139037,0.015003904808475186,0.05937669053673744,0.0012362670386210084,Italian
328,-330.97174072265625,82.25492095947266,4.812096118927002,23.484676361083984,-2.8737683296203613,-7.751786708831787,0.15997685492038727,-19.61021614074707,-5.16914176940918,-15.749185562133789,-7.132395267486572,-10.918837547302246,-6.242035388946533,-5.271729946136475,-9.073315620422363,-3.1668601036071777,-7.378515720367432,-8.11524486541748,-8.805065155029297,-6.761229038238525,16960.716796875,3813.5615234375,1271.69140625,1117.5804443359375,385.6764831542969,332.716064453125,213.8939666748047,326.9528503417969,254.53041076660156,227.50160217285156,115.0608139038086,117.66743469238281,93.75101470947266,79.34801483154297,86.17256164550781,64.39364624023438,57.52039337158203,59.50575637817383,56.56255340576172,62.25188446044922,2098.4378409071705,2376669.2841459275,0.10708873121044304,0.01679966236022919,0.05346423760056496,0.0011993807274848223,Italian
329,-333.2230529785156,85.95246887207031,-0.33815091848373413,20.830917358398438,-4.71735143661499,-8.506840705871582,-1.9949848651885986,-20.793468475341797,-3.0994718074798584,-13.996114730834961,-8.533288955688477,-7.813075065612793,-6.85784912109375,-5.578350067138672,-9.1068696975708,-4.294140815734863,-6.610883712768555,-8.714885711669922,-9.154911994934082,-4.258042335510254,17657.611328125,4037.3857421875,1113.4764404296875,958.71484375,357.2282409667969,335.5279235839844,207.5600128173828,334.0399169921875,260.79150390625,198.9025421142578,120.62023162841797,117.98827362060547,88.03312683105469,77.50572204589844,93.33819580078125,56.77952194213867,54.60069274902344,70.25381469726562,69.5019760131836,60.39812469482422,1991.6020378230749,2368190.9716926035,0.09939515536889097,0.016089696723863966,0.05249956250190735,0.0011520268162712455,Italian
330,-327.22283935546875,89.20577239990234,-0.12292123585939407,21.471885681152344,-8.78179931640625,-8.941319465637207,-2.264667272567749,-23.833885192871094,-3.639407157897949,-18.002540588378906,-5.834638595581055,-7.5450615882873535,-11.15219497680664,-2.9751856327056885,-9.885087966918945,-2.272411584854126,-7.810976505279541,-8.592121124267578,-10.141549110412598,-4.618933200836182,15842.26171875,4027.28955078125,1368.2144775390625,1095.4593505859375,347.56689453125,340.0411071777344,212.28689575195312,304.2408752441406,281.0326232910156,213.66326904296875,108.61460876464844,115.08650970458984,94.8541488647461,80.04885864257812,80.2996826171875,62.811363220214844,59.81318664550781,69.35381317138672,83.73281860351562,84.95500183105469,2096.6258739959544,2722242.967015887,0.1140832733689693,0.021082756499091672,0.05032159388065338,0.0008923031273297966,Italian
331,-327.63128662109375,83.71501922607422,2.721646308898926,24.603492736816406,-6.744340896606445,-8.182991027832031,1.690069556236267,-21.19705581665039,-9.770691871643066,-15.178585052490234,-9.323347091674805,-9.303767204284668,-8.246330261230469,-2.919113874435425,-10.159261703491211,-2.8014824390411377,-8.546524047851562,-6.395230293273926,-9.732304573059082,-4.40900993347168,15312.6943359375,3770.822265625,1312.48828125,1121.5374755859375,370.58587646484375,370.3609924316406,239.46148681640625,307.7488098144531,283.02008056640625,207.52783203125,122.32292175292969,106.78699493408203,97.76390075683594,82.39398193359375,87.90930938720703,60.933841705322266,65.96421813964844,69.42940521240234,85.22933959960938,86.43115234375,2126.126928975032,2421686.664589534,0.10679037447758359,0.016381146114494847,0.05275528132915497,0.0011007273569703102,Italian
332,-330.36248779296875,88.35826110839844,-2.8380072116851807,22.435476303100586,-5.712791919708252,-8.564257621765137,-0.9528781771659851,-19.934738159179688,-6.0617547035217285,-14.838153839111328,-6.9366559982299805,-9.172089576721191,-6.56997537612915,-2.9583981037139893,-11.501407623291016,-3.7719244956970215,-6.964660167694092,-7.366181373596191,-9.583549499511719,-3.735567331314087,17965.564453125,3843.177978515625,1367.6668701171875,1037.560302734375,351.31500244140625,330.8508605957031,216.46914672851562,301.6566162109375,258.0315246582031,220.80258178710938,113.80162048339844,114.74153900146484,86.5411605834961,77.24221801757812,85.58716583251953,57.0132942199707,56.80821990966797,67.03595733642578,63.91323471069336,61.219146728515625,2089.25222519896,2442648.863772665,0.10935934583607818,0.017010401324492865,0.05019943788647652,0.0009477463318035007,Italian
333,-320.84698486328125,90.08785247802734,-6.448719024658203,23.57648277282715,-0.8256812691688538,-12.784893035888672,-2.3432559967041016,-22.700288772583008,-4.942274570465088,-14.952754020690918,-6.76360559463501,-10.8016357421875,-6.420475482940674,-5.490790843963623,-9.55593204498291,-3.898939609527588,-4.991664886474609,-8.155046463012695,-9.66751766204834,-4.904464244842529,15764.4326171875,3737.546875,1331.425537109375,1009.7468872070312,282.7497253417969,368.60626220703125,196.87135314941406,304.9596862792969,241.78883361816406,205.21414184570312,110.70491790771484,107.70085906982422,82.85582733154297,77.89155578613281,78.33059692382812,64.50765991210938,54.10889434814453,62.492774963378906,65.19876098632812,61.64470672607422,1925.7728455661886,2311895.404168084,0.09588814810774357,0.016667353585633832,0.05603273957967758,0.0011950047919526696,Italian
334,-320.14251708984375,95.98511505126953,-5.934879779815674,24.52079200744629,-3.6147301197052,-11.246040344238281,-4.93677282333374,-23.155426025390625,-3.381986379623413,-15.17293643951416,-4.534305095672607,-14.23047924041748,-4.139954090118408,-6.724572658538818,-10.164557456970215,-6.313365459442139,-3.548644542694092,-8.568344116210938,-8.785407066345215,-6.163379669189453,14422.1845703125,3915.40185546875,1388.199951171875,956.9418334960938,324.0731506347656,335.4962463378906,205.74697875976562,261.2423095703125,240.38153076171875,207.9537353515625,118.09835815429688,122.65067291259766,76.23988342285156,72.49382019042969,70.2539291381836,57.67414855957031,48.4844970703125,56.497955322265625,53.535850524902344,54.828468322753906,1813.9153516686838,2258482.6079163826,0.09258862164107486,0.01555634870146252,0.05819825083017349,0.0011595230316743255,Italian
335,-316.7734069824219,95.84130859375,-4.168765544891357,23.25497817993164,-4.680849552154541,-12.06474781036377,-2.6811320781707764,-22.159563064575195,-7.226586818695068,-16.245502471923828,-6.5001630783081055,-12.015600204467773,-4.988945484161377,-8.746711730957031,-7.350078582763672,-6.2263593673706055,-4.570769786834717,-7.3088483810424805,-8.68812084197998,-3.7007784843444824,13265.96484375,4068.608154296875,1433.53515625,1034.4710693359375,347.94281005859375,354.44720458984375,216.78750610351562,265.83184814453125,254.16390991210938,194.75526428222656,115.75425720214844,113.00173950195312,80.2693099975586,80.1240234375,67.5595703125,62.280181884765625,56.38351058959961,64.52667999267578,82.76957702636719,92.34713745117188,1822.8232845605535,2350262.750633291,0.09623005096925134,0.017111342767551115,0.05777459964156151,0.0009898769203573465,Italian
336,-315.72607421875,92.41300201416016,-4.882075309753418,28.10651969909668,-2.7551968097686768,-13.785262107849121,-1.1706451177597046,-23.135181427001953,-7.250021934509277,-16.823511123657227,-6.2449517250061035,-12.220690727233887,-5.879504203796387,-8.458633422851562,-7.568035125732422,-6.838881969451904,-6.335694789886475,-7.652015209197998,-6.633347034454346,-4.825511455535889,13479.9150390625,3740.9501953125,1420.09423828125,1097.05126953125,327.5883483886719,370.40875244140625,212.47312927246094,302.3102722167969,256.0286560058594,240.62269592285156,111.9159164428711,99.9222183227539,80.08358764648438,85.83662414550781,71.50424194335938,58.078086853027344,59.456077575683594,52.231109619140625,55.976375579833984,78.2015380859375,1817.927036790963,2265556.492338725,0.09375283884447674,0.01647050197720574,0.06056877598166466,0.0012209025444462895,Italian
337,-311.8581848144531,95.07124328613281,-8.111479759216309,27.68382453918457,-3.277153253555298,-11.760351181030273,-1.5486596822738647,-22.378692626953125,-7.915205001831055,-15.935596466064453,-6.331349849700928,-13.910616874694824,-5.946449279785156,-7.974860668182373,-7.236703872680664,-5.7360687255859375,-5.741992950439453,-7.979312419891357,-8.447592735290527,-4.455693244934082,13418.9365234375,3992.67724609375,1555.66552734375,1111.4078369140625,322.090087890625,366.41424560546875,211.40501403808594,270.7206726074219,268.2716064453125,202.16326904296875,108.86734008789062,116.74211120605469,80.43067169189453,73.44148254394531,71.934814453125,60.007835388183594,53.61897659301758,53.139198303222656,56.88344955444336,63.144989013671875,1859.5554627163067,2275736.5749180503,0.09558274371069182,0.016110565480842255,0.06222888454794884,0.00124264822807163,Italian
338,-331.56988525390625,84.156982421875,-4.617537021636963,23.922101974487305,-6.498744010925293,-10.509536743164062,-1.6778944730758667,-18.83711051940918,-3.7442474365234375,-16.298816680908203,-8.910496711730957,-11.915586471557617,-3.885214328765869,-7.7641754150390625,-9.922317504882812,-4.963923931121826,-4.821915626525879,-7.688276290893555,-8.608467102050781,-4.021155834197998,17828.05078125,4396.0947265625,1580.562744140625,1113.416015625,331.57220458984375,339.5081481933594,211.7751007080078,313.3388977050781,219.51329040527344,225.13099670410156,119.33089447021484,121.57295227050781,84.68645477294922,82.48240661621094,74.95585632324219,56.1025276184082,60.94922637939453,60.40581512451172,75.31720733642578,79.59931945800781,2026.4185607125935,2697477.042586488,0.10682873508676789,0.02011748960359304,0.050731778144836426,0.0010847363155335188,Italian
339,-320.7735595703125,91.97528839111328,-6.27243709564209,26.929447174072266,-2.732323408126831,-9.84013843536377,-3.9038376808166504,-22.3062686920166,-7.154514789581299,-15.882609367370605,-5.954865455627441,-12.4038724899292,-4.647055149078369,-8.771245956420898,-7.136651992797852,-5.894267559051514,-7.312288284301758,-7.295444011688232,-7.871917724609375,-4.353924751281738,13941.923828125,3981.392333984375,1384.038330078125,1080.920654296875,347.32464599609375,312.40167236328125,192.26589965820312,271.6591796875,233.37091064453125,215.43637084960938,111.51274871826172,109.8290786743164,74.49887084960938,79.22315979003906,65.62813568115234,55.31513595581055,58.06770324707031,59.583980560302734,56.45085906982422,59.34803009033203,1867.9402022899876,2483900.2693112358,0.09695620792146638,0.01697539562270143,0.05750243365764618,0.0011531990021467209,Italian
340,-337.5638427734375,83.10621643066406,-4.947005271911621,23.715476989746094,-4.3863983154296875,-11.956520080566406,-1.7687232494354248,-17.926523208618164,-3.8541336059570312,-15.132901191711426,-4.6550445556640625,-11.980428695678711,-5.676570415496826,-5.458564758300781,-10.481975555419922,-4.456915855407715,-3.9392664432525635,-8.0252103805542,-7.609635353088379,-5.70627498626709,18888.25,4096.1484375,1282.233154296875,1083.033935546875,301.3487243652344,329.9688415527344,214.44158935546875,266.2170715332031,223.77212524414062,216.5105743408203,97.24673461914062,121.10148620605469,81.07095336914062,80.54087829589844,89.36518859863281,62.99656677246094,53.437408447265625,67.24983978271484,68.46119689941406,70.63864135742188,1861.6822339879045,2452878.993865751,0.09462554961050433,0.017232397593901078,0.04930482804775238,0.0011253360426053405,Italian
341,-327.61083984375,87.927978515625,-3.881178379058838,21.174097061157227,-1.5460795164108276,-11.580998420715332,-2.5756380558013916,-20.653799057006836,-3.189931631088257,-15.765089988708496,-7.031585693359375,-11.384294509887695,-6.903942584991455,-4.86261510848999,-9.8018798828125,-4.260055065155029,-4.673689365386963,-7.360448837280273,-8.401582717895508,-4.060837745666504,15818.4921875,4162.10205078125,1126.2935791015625,972.6253662109375,340.0874938964844,354.31634521484375,184.01329040527344,310.7016906738281,224.5542449951172,197.3339385986328,107.55070495605469,103.84347534179688,78.48153686523438,78.60327911376953,83.9499282836914,58.44596862792969,52.865177154541016,61.922508239746094,69.58436584472656,65.79143524169922,1961.8626218761563,2663496.321860207,0.10435102486005927,0.019873257500523673,0.05244467407464981,0.0011344304075464606,Italian
342,-321.92462158203125,89.94252014160156,-2.134059429168701,22.8835391998291,-1.607317566871643,-12.284473419189453,-2.621293306350708,-20.709566116333008,-4.0421977043151855,-16.580121994018555,-5.423376083374023,-12.563557624816895,-5.675011157989502,-5.122155666351318,-11.272567749023438,-3.813939094543457,-6.090463638305664,-7.158082008361816,-8.005563735961914,-6.490302562713623,14182.8857421875,3832.453369140625,1366.1165771484375,964.9985961914062,328.7242736816406,359.00811767578125,198.40626525878906,293.7364807128906,232.51339721679688,219.03204345703125,111.626708984375,110.81197357177734,84.27574157714844,81.2611312866211,81.18977355957031,58.82356262207031,60.225345611572266,61.29697799682617,73.04285430908203,79.85425567626953,1981.618085515703,2441677.5793996,0.10218920795133991,0.018469107341673965,0.055684398859739304,0.0010805183555930853,Italian
343,-325.34423828125,90.96929931640625,-8.903090476989746,29.45374298095703,-5.098805904388428,-12.109652519226074,-2.855877161026001,-21.168001174926758,-5.87750768661499,-17.727434158325195,-2.754772663116455,-13.580730438232422,-6.012650489807129,-7.113446235656738,-7.775778293609619,-5.28671407699585,-5.175946235656738,-8.372221946716309,-6.418550491333008,-5.271960735321045,18207.421875,4214.32421875,1540.168701171875,1169.857177734375,399.3835144042969,298.93792724609375,233.4114532470703,315.32916259765625,247.60166931152344,237.8067169189453,130.52796936035156,121.1507797241211,89.07135772705078,77.5550537109375,71.33984375,53.632545471191406,57.39800262451172,63.42164611816406,67.34962463378906,80.36163330078125,2441.8651059227473,3812164.2035263823,0.1538890459103421,0.0361093441579397,0.056396424770355225,0.0012075841659680009,Italian
344,-322.0032043457031,96.74637603759766,-7.723536014556885,23.652137756347656,-4.085439682006836,-11.047544479370117,-3.472820520401001,-22.587045669555664,-6.227156639099121,-15.313243865966797,-3.5283377170562744,-13.306899070739746,-6.9076104164123535,-4.742141246795654,-12.700206756591797,-4.752161502838135,-8.573355674743652,-7.788468360900879,-6.58267879486084,-4.061061382293701,15390.048828125,3885.634521484375,1350.680419921875,1043.4210205078125,395.316162109375,360.7433166503906,217.01095581054688,275.6834716796875,234.12811279296875,186.96087646484375,103.84502410888672,107.71460723876953,90.80986785888672,75.66510009765625,87.73897552490234,58.997013092041016,61.78863525390625,64.7869644165039,65.54105377197266,78.88407135009766,2279.179704752187,3488756.164811195,0.13276290407192945,0.03126104656445052,0.05700202286243439,0.0011177670676261187,Italian
345,-312.96075439453125,93.04780578613281,-9.014798164367676,25.334640502929688,-1.8758172988891602,-12.497420310974121,-3.3419196605682373,-25.516117095947266,-7.1479692459106445,-15.33522891998291,-5.23876428604126,-10.747562408447266,-8.490138053894043,-3.1464250087738037,-12.327154159545898,-5.334874153137207,-6.585034370422363,-9.838089942932129,-6.490647315979004,-2.6514599323272705,14167.03515625,3953.163818359375,1418.3214111328125,1020.8865966796875,397.9169921875,330.9577331542969,240.4150390625,313.20819091796875,228.72608947753906,195.79617309570312,100.18240356445312,90.4578628540039,90.54396057128906,83.3188247680664,93.55115509033203,60.38264846801758,55.35577392578125,72.30130004882812,65.97557830810547,71.18663787841797,2347.9195669666424,3627231.7096595275,0.13744016810186882,0.03327138967014772,0.05784502252936363,0.0010831248946487904,Italian
346,-321.9697265625,84.83891296386719,-8.233433723449707,24.936813354492188,-4.814093112945557,-9.996527671813965,-1.2372056245803833,-21.14283561706543,-7.130860328674316,-14.733758926391602,-3.948422908782959,-12.410627365112305,-8.47885513305664,-3.865816831588745,-9.864307403564453,-6.615611553192139,-5.265780448913574,-8.444510459899902,-5.818899631500244,-2.6780354976654053,17142.20703125,4736.609375,1507.76904296875,1061.87451171875,405.3537292480469,307.0640563964844,210.4269256591797,316.9667663574219,263.7721252441406,205.1812744140625,107.24789428710938,112.54463958740234,82.59111022949219,72.08340454101562,86.94761657714844,66.11328887939453,56.65092468261719,76.60588836669922,73.8099594116211,76.62222290039062,2607.6402106992145,4421882.356660584,0.1719295760255648,0.04356103981768575,0.05410682410001755,0.0011819095816463232,Italian
347,-319.8758850097656,85.76485443115234,-12.69118595123291,26.473203659057617,-3.501701831817627,-11.591089248657227,-0.5114090442657471,-24.151884078979492,-5.815016269683838,-15.089993476867676,-5.712973117828369,-11.733685493469238,-8.21584701538086,-3.6894798278808594,-10.079113006591797,-6.399738311767578,-5.967566013336182,-8.778109550476074,-6.7009501457214355,-3.3440070152282715,17917.7734375,4282.87060546875,1638.5634765625,1274.435546875,403.89447021484375,349.3157653808594,217.4031219482422,347.57958984375,267.3817443847656,207.4566650390625,108.65227508544922,110.55733489990234,99.33116149902344,78.60133361816406,93.87911224365234,64.57891845703125,62.764892578125,79.77253723144531,84.04724884033203,74.41764068603516,2577.3093242656096,4083636.1878106124,0.1661186726091425,0.04074439383044404,0.057439740747213364,0.0012818396789953113,Italian
348,-307.89971923828125,88.9669418334961,-4.900193214416504,27.39303970336914,-1.659010410308838,-11.79020881652832,0.03752191364765167,-22.69363021850586,-5.435008525848389,-17.447256088256836,-6.837327480316162,-13.001986503601074,-8.185713768005371,-4.679917335510254,-10.464251518249512,-4.346932411193848,-6.496576309204102,-7.983929634094238,-6.952130317687988,-6.049774169921875,13500.5673828125,4097.99853515625,1423.8985595703125,1232.6588134765625,363.6595764160156,322.3321228027344,234.7650146484375,300.0437927246094,263.20050048828125,227.34959411621094,120.26508331298828,111.42524719238281,93.6223373413086,81.4665298461914,86.0924072265625,63.97224044799805,60.02295684814453,67.09751892089844,59.11503601074219,73.59553527832031,2380.5622541238563,3465133.915860259,0.13407502066278337,0.030452187378497333,0.06035751849412918,0.0011479792883619666,Italian
349,-320.5823974609375,96.79640197753906,-0.8303042054176331,27.59457015991211,-1.9831575155258179,-16.80475425720215,-4.949657917022705,-20.09613037109375,-8.55466365814209,-14.612771034240723,-8.386785507202148,-8.158377647399902,-8.007794380187988,-5.775752544403076,-11.967094421386719,-5.618310928344727,-3.12219500541687,-8.051407814025879,-9.56523323059082,-6.360385417938232,13409.177734375,4199.5390625,1455.781982421875,1226.0233154296875,460.64422607421875,403.3687744140625,239.76475524902344,269.5638427734375,264.3863525390625,193.41712951660156,121.13020324707031,118.08119201660156,102.49995422363281,87.27265930175781,82.29619598388672,68.8691635131836,55.718467712402344,80.6806640625,105.82642364501953,105.20015716552734,2231.7528371042363,3547051.30859609,0.13399735490570275,0.031371517972159875,0.05901026725769043,0.001072852173820138,Italian
350,-325.2127990722656,85.49662017822266,-4.215088367462158,26.586956024169922,-2.2693588733673096,-11.101980209350586,-3.322230339050293,-22.851110458374023,-1.8500254154205322,-15.571297645568848,-6.247020244598389,-11.869189262390137,-6.737972736358643,-6.153085708618164,-11.005738258361816,-3.3608880043029785,-4.723113536834717,-7.97712516784668,-6.062475204467773,-5.948432445526123,17363.154296875,4399.2392578125,1311.4669189453125,1202.8525390625,332.02935791015625,318.8719787597656,211.33419799804688,320.7445373535156,261.36614990234375,230.30392456054688,123.98927307128906,110.27450561523438,89.29438781738281,82.45439910888672,88.44258117675781,62.59287643432617,55.3894157409668,60.39244079589844,63.941261291503906,72.45027160644531,2609.8212370232777,4362692.92554734,0.17035627693965516,0.04407354992657234,0.054710205644369125,0.0011887660948559642,Italian
351,-329.02679443359375,85.87044525146484,-1.3045704364776611,26.443431854248047,-4.4220099449157715,-10.688030242919922,-2.719494104385376,-20.76342010498047,-5.66961669921875,-15.349778175354004,-4.543194770812988,-11.80673885345459,-6.213358402252197,-7.651421070098877,-7.703436851501465,-4.086192607879639,-4.567013740539551,-7.5963544845581055,-7.840743064880371,-6.166220664978027,16865.81640625,4695.00390625,1382.9429931640625,1104.9381103515625,404.5706787109375,328.5484619140625,227.33428955078125,311.0497741699219,241.20806884765625,221.40792846679688,110.11456298828125,120.08334350585938,90.02100372314453,83.19159698486328,68.2317123413086,58.80609893798828,56.52449417114258,62.599124908447266,68.84832000732422,76.6385726928711,2591.408682794627,4486747.6346028065,0.17180859693098535,0.04337576629460983,0.05497776344418526,0.001271272310987115,Italian
352,-320.7893981933594,92.80999755859375,-5.041450023651123,29.81036376953125,-3.602684259414673,-13.413681983947754,1.4633917808532715,-23.37867546081543,-6.348598480224609,-19.817575454711914,-5.11420202255249,-12.985472679138184,-8.55896282196045,-4.9394378662109375,-8.847521781921387,-5.063544750213623,-4.009082317352295,-10.267789840698242,-6.1268134117126465,-5.991844177246094,14705.919921875,4013.29248046875,1495.4962158203125,1255.9041748046875,372.2915954589844,360.6540222167969,222.26783752441406,294.2989807128906,288.6834716796875,242.51708984375,123.5140609741211,106.22412872314453,98.66421508789062,76.7825927734375,81.82180786132812,67.23206329345703,53.43801498413086,62.18271255493164,58.270992279052734,68.3467025756836,2324.057576628435,3601014.2379410407,0.13770017519101993,0.03298343101628493,0.05829990282654762,0.001167977461591363,Italian
353,-307.72491455078125,81.87535095214844,2.2265617847442627,20.26845359802246,-1.8597981929779053,-12.27225399017334,0.5249372720718384,-19.88643455505371,-6.808055877685547,-15.528326034545898,-5.88557243347168,-7.441186428070068,-7.4312896728515625,-4.539358139038086,-12.013362884521484,-3.7777047157287598,-9.068490028381348,-11.115072250366211,-6.751431465148926,-6.6650824546813965,15532.93359375,4043.6005859375,1117.4818115234375,1062.281982421875,337.95648193359375,373.03948974609375,203.88987731933594,270.82720947265625,234.96446228027344,218.76303100585938,105.56351470947266,104.58041381835938,86.99132537841797,69.09213256835938,80.71401977539062,58.37904357910156,56.709632873535156,62.93613815307617,58.83700180053711,73.75397491455078,2173.1124157408913,2786502.7008479764,0.10839660568205502,0.021060425121741073,0.06143631041049957,0.0013062236830592155,Italian
354,-311.12738037109375,86.5831069946289,0.8902543187141418,18.6087646484375,-3.5545597076416016,-10.570418357849121,0.5491964817047119,-19.388935089111328,-6.605179786682129,-16.892169952392578,-5.174777030944824,-7.6916351318359375,-9.184999465942383,-2.7817156314849854,-11.484493255615234,-2.917172908782959,-10.330998420715332,-11.888351440429688,-7.562671661376953,-6.2572808265686035,15904.7216796875,3910.26708984375,1138.068115234375,1017.017333984375,314.7331848144531,328.3313293457031,192.86611938476562,280.83721923828125,227.65740966796875,189.33042907714844,103.74724578857422,106.94884490966797,93.76283264160156,78.91194915771484,77.94459533691406,57.22946548461914,59.055545806884766,69.81631469726562,64.08763122558594,67.94735717773438,2130.7199210132612,2783860.618670476,0.1043060586179373,0.01875294376138644,0.060871899127960205,0.001342334900982678,Italian
355,-304.7554626464844,87.38505554199219,-2.681143045425415,19.467676162719727,-4.478214740753174,-11.169291496276855,0.7451649308204651,-16.58352279663086,-5.59923791885376,-16.759544372558594,-6.329530239105225,-7.00229549407959,-7.289509296417236,-6.076135635375977,-11.30692195892334,-0.9603122472763062,-10.634708404541016,-12.348237037658691,-6.42230224609375,-4.145174980163574,16532.82421875,3820.603271484375,1322.599609375,989.6361694335938,296.6855773925781,303.60223388671875,170.7677001953125,245.16139221191406,208.81858825683594,203.49819946289062,93.55322265625,101.58597564697266,80.7747802734375,77.63666534423828,77.78128814697266,62.25242233276367,62.7181282043457,73.95125579833984,80.12289428710938,73.32939147949219,2063.7992259644525,2741013.8811977413,0.10173239261470038,0.01885379242661923,0.06489886343479156,0.0014745041262358427,Italian
356,-325.5011291503906,82.94402313232422,-6.249517440795898,20.855358123779297,-5.512665748596191,-10.976227760314941,1.180688500404358,-18.39286231994629,-4.281944274902344,-17.161903381347656,-3.929239511489868,-7.189774036407471,-7.694689750671387,-4.9612226486206055,-10.35712718963623,-2.0710556507110596,-11.275764465332031,-10.198798179626465,-3.9811365604400635,-5.016668796539307,21059.572265625,4444.3837890625,1433.1427001953125,1086.8778076171875,387.03857421875,357.6578063964844,197.39097595214844,333.0199279785156,245.14622497558594,220.01914978027344,111.64522552490234,111.65763854980469,96.37460327148438,82.44459533691406,90.0186767578125,70.38006591796875,82.21735382080078,87.73639678955078,86.99777221679688,99.54635620117188,2045.3578441734778,2841412.0246809465,0.10079845558044047,0.017795198798813673,0.05914313346147537,0.0014604146126657724,Italian
357,-315.5000915527344,84.88871002197266,0.09347579628229141,25.25967788696289,-4.848238945007324,-9.60026741027832,1.7010481357574463,-18.41512107849121,-5.223058223724365,-19.305522918701172,-5.0745344161987305,-8.309479713439941,-6.075071334838867,-3.554182767868042,-12.622897148132324,-1.6969927549362183,-8.198051452636719,-13.426655769348145,-7.637692928314209,-5.036969184875488,16444.3828125,4351.28466796875,1554.3543701171875,1286.2926025390625,373.6350402832031,314.4148254394531,206.68971252441406,296.0099792480469,234.14480590820312,247.3602294921875,121.90666198730469,113.01834106445312,91.99201965332031,77.63299560546875,79.50707244873047,58.02486038208008,60.77519226074219,82.94466400146484,63.07713317871094,66.61083984375,2074.000466934867,2901593.5100134104,0.10446666827417696,0.01926555048414233,0.06242229789495468,0.0013969752471894026,Italian
358,-315.25408935546875,87.73204040527344,-0.07886610925197601,19.739566802978516,-3.86043119430542,-10.28030014038086,2.792370557785034,-17.45465850830078,-7.562204360961914,-18.305179595947266,-4.740253448486328,-6.517574787139893,-7.808564186096191,-5.3294677734375,-8.495438575744629,-2.7173562049865723,-11.967696189880371,-10.708815574645996,-5.823009967803955,-6.251069068908691,16183.5146484375,4576.63427734375,1472.371337890625,1117.4447021484375,377.2840881347656,345.9756774902344,201.8441925048828,294.5492858886719,254.4251708984375,222.73895263671875,104.03253173828125,108.7007064819336,108.53524780273438,89.61955261230469,69.71282196044922,64.28288269042969,66.45391845703125,69.61824798583984,56.40582275390625,63.623355865478516,2132.133608851941,3197013.8662822167,0.1098774928135106,0.021477914365595735,0.060723926872015,0.0014097585808485746,Italian
359,-314.3113098144531,84.07470703125,-1.3162312507629395,23.385770797729492,-6.33912992477417,-10.890231132507324,3.5276429653167725,-19.266651153564453,-6.326999187469482,-16.968490600585938,-5.471959590911865,-7.654662609100342,-5.2254462242126465,-4.407139301300049,-13.013778686523438,-3.6719794273376465,-7.995140552520752,-12.4555025100708,-7.745303630828857,-3.2837777137756348,17381.00390625,4222.4638671875,1538.851806640625,1356.11328125,376.5242919921875,355.5692443847656,221.19422912597656,300.2428894042969,245.2384796142578,226.09335327148438,107.58545684814453,117.49554443359375,96.38060760498047,74.41165924072266,85.67447662353516,63.83867645263672,60.83285140991211,75.6563491821289,73.33349609375,83.34900665283203,2130.0857767958737,2915685.3746046186,0.10627382498324396,0.02052853646598888,0.061244916170835495,0.0014104280853644013,Italian
360,-348.2435607910156,88.2980728149414,12.895381927490234,27.012313842773438,9.772039413452148,2.514742374420166,1.6679191589355469,-8.284202575683594,-1.8276515007019043,-1.1676061153411865,-9.627129554748535,1.1998639106750488,-7.353086948394775,-7.236018657684326,-3.6467013359069824,-0.7644513249397278,-5.340939044952393,-2.906137466430664,-2.8511030673980713,-5.041024208068848,24976.283203125,3290.431396484375,599.9502563476562,547.8108520507812,361.6701354980469,147.734619140625,162.53317260742188,128.9939422607422,144.24676513671875,89.72258758544922,166.29635620117188,116.43275451660156,63.52668762207031,69.34793853759766,49.06119155883789,50.28986740112305,53.53165054321289,58.25922393798828,39.684391021728516,44.53953552246094,1667.8109030877783,1211249.576988275,0.06887017365422135,0.005394957597982745,0.05338646098971367,0.003832279471680522,Korean
361,-381.67926025390625,91.70858001708984,16.598365783691406,27.617881774902344,8.442075729370117,4.16784143447876,2.8511266708374023,-4.156927585601807,1.4382028579711914,0.8743082284927368,-5.161332607269287,1.1907788515090942,-5.714066982269287,-6.600269317626953,-4.806976795196533,-1.6197131872177124,-6.484977722167969,-4.82077693939209,-3.1590194702148438,-4.408886909484863,24732.41796875,3012.541748046875,914.9107666015625,519.0402221679688,366.894287109375,153.36045837402344,133.94483947753906,127.78522491455078,118.50103759765625,63.37162780761719,130.12777709960938,65.59158325195312,52.63641357421875,58.17363357543945,47.393733978271484,62.852176666259766,40.040916442871094,43.05136489868164,33.54463577270508,32.52840042114258,1518.3409225617936,1095587.5330373426,0.06475534824791832,0.005500407072784642,0.039088860154151917,0.0024746886920183897,Korean
362,-345.11309814453125,78.57148742675781,15.997427940368652,24.375673294067383,8.071100234985352,1.9021766185760498,1.381746530532837,-6.349767684936523,-2.614302635192871,-1.0580211877822876,-10.216176986694336,0.9437772631645203,-8.117353439331055,-7.520122051239014,-4.529240131378174,-0.9046556353569031,-6.400843143463135,-2.436011552810669,-2.76070237159729,-3.878265619277954,25651.298828125,2987.0029296875,536.4996948242188,544.3668823242188,395.0603332519531,142.3831329345703,164.83985900878906,113.87252807617188,138.93907165527344,91.32303619384766,167.1528778076172,137.1891326904297,65.03518676757812,72.5569839477539,55.799991607666016,63.852657318115234,62.29780960083008,58.79814910888672,36.52832794189453,41.386043548583984,1738.9453093443954,1320640.7434488602,0.07538127082990455,0.00699654956214304,0.05284929275512695,0.003963340073823929,Korean
363,-350.25128173828125,82.10594177246094,14.294699668884277,25.82549476623535,7.853933334350586,2.5176548957824707,3.315763235092163,-4.370709419250488,1.8743816614151,0.7370882034301758,-6.990879535675049,2.3738813400268555,-7.6556878089904785,-6.49956750869751,-5.170278072357178,-2.3646957874298096,-8.081714630126953,-4.02223014831543,-3.887678623199463,-4.543044090270996,26712.677734375,2677.2060546875,701.1813354492188,595.9191284179688,411.06439208984375,130.94981384277344,155.82797241210938,122.36567687988281,114.75232696533203,68.44794464111328,135.04713439941406,101.5687484741211,54.82106399536133,64.89440155029297,46.06755065917969,62.446407318115234,43.17717742919922,54.966407775878906,34.74534606933594,35.70155334472656,1750.66896383871,1265045.9502487541,0.07559187554463594,0.006582055315145955,0.0465942844748497,0.0029601219575852156,Korean
364,-366.94451904296875,82.51993560791016,13.204327583312988,22.20430564880371,5.5316901206970215,1.6952439546585083,1.3688606023788452,-5.366742134094238,-0.5846433639526367,-0.7437222003936768,-7.1995320320129395,-0.32438555359840393,-6.5618181228637695,-7.421805381774902,-5.0030388832092285,-1.5677011013031006,-6.547440528869629,-3.5791122913360596,-3.098740339279175,-4.651920318603516,25288.81640625,2951.489013671875,669.1073608398438,557.1724853515625,342.8932800292969,132.4005126953125,153.63116455078125,110.46780395507812,136.99929809570312,89.97205352783203,144.80116271972656,96.9652099609375,59.82939529418945,61.58871078491211,48.42483901977539,65.48001861572266,63.42584228515625,63.01536560058594,42.30880355834961,48.3248405456543,1607.0738357438297,1056396.1231463165,0.06857267780800622,0.004832329750725837,0.043922923505306244,0.003604002995416522,Korean
365,-351.5417785644531,76.62840270996094,12.225467681884766,24.293771743774414,8.95954704284668,3.6666812896728516,1.749605655670166,-5.637217044830322,-2.0651793479919434,0.9545480012893677,-7.209027290344238,0.9224310517311096,-6.798586368560791,-7.097415447235107,-4.5003790855407715,-1.3951292037963867,-6.073705673217773,-3.875516176223755,-3.0622143745422363,-4.642723560333252,24771.3515625,2977.297119140625,638.1453247070312,592.750732421875,378.3813781738281,128.5736846923828,144.168212890625,109.802001953125,111.81910705566406,71.52838897705078,149.7041015625,103.53324890136719,56.97787094116211,67.20392608642578,44.472652435302734,53.724586486816406,48.658016204833984,51.488956451416016,31.908733367919922,35.74931716918945,1718.845832325522,1312737.9951236467,0.07699633770468393,0.007029650070851437,0.047362636774778366,0.003759730141609907,Korean
366,-350.0240173339844,88.23233032226562,11.98362922668457,25.60447883605957,8.9414644241333,2.9582884311676025,2.8300387859344482,-7.795110702514648,-1.4462018013000488,-0.17231039702892303,-8.130830764770508,2.3991858959198,-7.324236869812012,-7.380031585693359,-5.243233680725098,-0.8778449892997742,-7.127744197845459,-4.718677520751953,-3.2343976497650146,-5.012587070465088,25103.150390625,3052.0107421875,691.20947265625,637.2880249023438,419.9892578125,145.9075164794922,156.41549682617188,135.55612182617188,114.47798156738281,86.0396728515625,165.45623779296875,125.57748413085938,56.310001373291016,56.539371490478516,53.50485610961914,75.61278533935547,52.24094009399414,56.94539260864258,40.505035400390625,42.729400634765625,1611.9325555628059,1111111.716220408,0.06639955155685921,0.005085209343726055,0.05148418992757797,0.003847261192277074,Korean
367,-357.4489440917969,75.57616424560547,12.477042198181152,26.238998413085938,8.309825897216797,5.201910495758057,0.49233537912368774,-5.915879249572754,-0.321724534034729,-0.15624938905239105,-6.89938497543335,1.2443386316299438,-7.5508856773376465,-6.934350490570068,-4.3792805671691895,-1.5764917135238647,-6.310971260070801,-5.2240071296691895,-2.8372085094451904,-5.432441711425781,25347.58203125,3012.401611328125,721.5363159179688,556.2528686523438,323.8048095703125,133.024169921875,133.7056121826172,122.03636932373047,117.766845703125,65.79852294921875,121.92267608642578,98.47925567626953,54.84656524658203,60.37761688232422,39.82556915283203,50.576622009277344,41.22240447998047,48.57369613647461,35.07870864868164,37.13447570800781,1725.9660393381876,1350289.3469544388,0.07860041343928063,0.007193493881274623,0.04546082392334938,0.003369502257555723,Korean
368,-334.3375549316406,87.98387145996094,13.804350852966309,27.457494735717773,10.984968185424805,2.4650189876556396,2.0687344074249268,-5.711551666259766,-1.6464463472366333,0.665796160697937,-10.10061264038086,2.1663408279418945,-8.413384437561035,-7.573009490966797,-4.4106292724609375,-2.0253117084503174,-7.441771984100342,-5.059261322021484,-3.867910385131836,-5.491206169128418,24754.478515625,3095.06982421875,714.1748657226562,599.952880859375,425.3817138671875,150.44735717773438,147.16470336914062,135.41180419921875,126.40271759033203,84.9420394897461,216.64138793945312,116.33370208740234,63.468910217285156,69.50811767578125,56.755672454833984,69.50897979736328,55.280364990234375,60.79871368408203,40.97867202758789,47.396759033203125,1645.3360184612159,1309028.6968726693,0.07052232799852833,0.0062560526458017565,0.06031598895788193,0.004449056461453438,Korean
369,-358.11395263671875,78.40123748779297,8.705313682556152,26.42625617980957,9.616520881652832,4.2584757804870605,0.2604033946990967,-8.098124504089355,-0.7193273901939392,-0.23222976922988892,-6.873424530029297,-0.3049604296684265,-6.889443397521973,-6.3176727294921875,-4.6923747062683105,-0.42035186290740967,-5.826633930206299,-3.355069160461426,-3.17870831489563,-5.476825714111328,25347.60546875,3238.32763671875,713.4840087890625,571.9354248046875,315.32672119140625,141.68264770507812,130.72247314453125,148.30393981933594,130.79502868652344,79.04444885253906,119.1333999633789,97.1422348022461,50.10895538330078,61.646514892578125,45.38364028930664,51.5633544921875,50.00241470336914,45.63271713256836,32.36232376098633,41.963958740234375,1834.9505117467147,1352970.9823356962,0.08181113361028593,0.0075356696230820305,0.04381198436021805,0.002793779829517007,Korean
370,-352.2876892089844,86.9343490600586,12.163206100463867,25.824926376342773,9.599139213562012,2.5318477153778076,2.8388712406158447,-6.405063629150391,-1.383330225944519,0.6628507971763611,-9.4108247756958,-0.9007061123847961,-6.707063674926758,-7.333613395690918,-6.040463447570801,-1.704372525215149,-6.965145587921143,-4.784218788146973,-4.3198723793029785,-5.672341346740723,22961.28515625,3377.129638671875,832.5197143554688,543.6513061523438,351.69976806640625,145.16900634765625,164.8613739013672,138.7755889892578,131.35670471191406,78.6280517578125,159.072265625,89.27894592285156,52.571922302246094,60.489112854003906,45.519649505615234,73.13064575195312,52.3173713684082,56.419063568115234,34.66953659057617,42.721771240234375,1648.7357498982096,1430555.5529474542,0.07433986501573664,0.007221238000350765,0.0478532649576664,0.003191253636032343,Korean
371,-369.01177978515625,81.9323959350586,11.56505012512207,23.297218322753906,7.134529113769531,2.031853199005127,2.2905406951904297,-7.519721508026123,-0.16408807039260864,-0.5036353468894958,-9.074396133422852,0.7780407667160034,-8.320257186889648,-6.902739524841309,-5.085167407989502,-0.5930140614509583,-6.693920612335205,-3.0204153060913086,-4.02154541015625,-5.803033351898193,25432.611328125,3119.111328125,721.8269653320312,528.7384643554688,335.37890625,131.36048889160156,178.2331085205078,125.80615234375,125.3614730834961,96.22952270507812,168.19561767578125,117.16925811767578,62.75099563598633,58.96215057373047,44.574134826660156,55.2379150390625,63.02783203125,62.221717834472656,35.60155487060547,43.98576736450195,1706.6155668614606,1232785.6869221982,0.07311828340692245,0.006459972445359896,0.04265764355659485,0.0027866496238857508,Korean
372,-364.8364562988281,86.1046142578125,13.620878219604492,26.675466537475586,10.570497512817383,2.7893526554107666,3.4560768604278564,-5.640142440795898,0.6672464609146118,1.047919750213623,-7.90688943862915,1.0792100429534912,-7.311723709106445,-6.843974590301514,-5.884054183959961,-2.8544094562530518,-8.591961860656738,-5.8518757820129395,-5.65972375869751,-6.909958839416504,23271.048828125,3065.442626953125,895.9912109375,517.4937133789062,359.6243591308594,132.5860137939453,142.2006378173828,125.9399642944336,111.70520782470703,66.35236358642578,154.99984741210938,88.91541290283203,52.8409309387207,65.85537719726562,43.72275924682617,80.28675079345703,46.728431701660156,51.84610366821289,30.14230728149414,35.29011535644531,1627.263864663395,1267195.527830726,0.07008134664948454,0.0063959869438282475,0.04088101536035538,0.0023448276333510876,Korean
373,-352.2490539550781,84.33369445800781,13.978325843811035,21.778860092163086,6.47728967666626,2.7413430213928223,2.14910888671875,-8.472391128540039,-1.943096399307251,-0.7412077784538269,-9.45423698425293,0.7280782461166382,-9.712061882019043,-8.059576034545898,-3.4095711708068848,-0.8550328016281128,-6.514108657836914,-3.6338837146759033,-4.539209842681885,-5.714055061340332,22370.14453125,2806.26611328125,588.780517578125,520.0845336914062,394.11724853515625,148.38816833496094,174.47215270996094,128.3776397705078,132.4830780029297,97.0267562866211,166.8899383544922,148.64100646972656,70.98731994628906,69.00861358642578,54.83184814453125,66.98504638671875,60.16715621948242,60.52147674560547,44.07462692260742,49.10099411010742,1717.7501900440802,1199989.217314755,0.07146912056437232,0.005378756025147083,0.046481166034936905,0.003054290311411023,Korean
374,-300.89691162109375,94.3136215209961,26.288612365722656,31.560388565063477,10.699114799499512,1.6414072513580322,-1.2979371547698975,-5.284541130065918,-5.344789505004883,-1.8473199605941772,-2.749843120574951,2.7557241916656494,-7.0642523765563965,-0.13173674046993256,-6.6678385734558105,-0.653181791305542,-8.092145919799805,-3.343803644180298,-8.239788055419922,-3.585120439529419,23909.828125,3245.4775390625,825.690673828125,677.8129272460938,500.32379150390625,252.66384887695312,277.68817138671875,150.4551544189453,119.08576965332031,113.91392517089844,134.2675018310547,89.60551452636719,64.83851623535156,73.26026916503906,49.02064895629883,70.1390380859375,49.5350341796875,60.648826599121094,49.310848236083984,47.95731735229492,1581.2758250805675,2216222.973449769,0.07663693311737804,0.011429473000364171,0.0842924490571022,0.00488892151042819,Korean
375,-311.7061462402344,65.13565063476562,8.389254570007324,11.658534049987793,15.115671157836914,5.263648986816406,4.850591659545898,4.399168491363525,-5.152899265289307,5.859189987182617,-4.311074733734131,2.520219564437866,-5.2841691970825195,-1.270216464996338,-2.333613634109497,2.346823215484619,-4.411995887756348,-3.8509888648986816,-5.823726177215576,-4.382828712463379,32261.228515625,3594.178466796875,722.0816040039062,487.5316162109375,459.5603332519531,219.92294311523438,174.53492736816406,115.18519592285156,191.7361297607422,93.56138610839844,145.5610809326172,63.51966857910156,87.56574249267578,48.906105041503906,55.10835647583008,42.76593780517578,50.98490524291992,51.62538146972656,35.969764709472656,35.289913177490234,2368.4636297226048,1896993.3908425567,0.11546161433323329,0.011996284658492146,0.061145931482315063,0.0037551478017121553,Korean
376,-315.8550720214844,60.983619689941406,6.49985933303833,9.631704330444336,10.69415283203125,2.922908067703247,4.429110050201416,3.803891181945801,-7.747715473175049,3.913989305496216,-2.6604115962982178,2.1533944606781006,-5.662268161773682,-2.3587608337402344,-2.719762086868286,3.0803799629211426,-3.9843883514404297,-3.9587950706481934,-6.861960411071777,-3.433439016342163,33435.92578125,4007.61767578125,812.3870849609375,511.8686828613281,482.11767578125,218.7709503173828,192.2507781982422,102.14862823486328,157.1506805419922,93.02027130126953,132.44239807128906,61.05603790283203,81.98890686035156,50.25225067138672,48.77649688720703,39.98212814331055,45.64839172363281,52.65271759033203,46.37260055541992,29.515295028686523,2809.016927070918,2095306.4137938637,0.15584119769724245,0.01511394140424735,0.05807184800505638,0.0035699582658708096,Korean
377,-294.0491638183594,67.10806274414062,11.662847518920898,9.06923770904541,13.431049346923828,4.351565361022949,2.04286789894104,4.197390556335449,-8.550403594970703,4.9489569664001465,-3.0353589057922363,-0.0031067554373294115,-6.110682964324951,-2.719313859939575,-2.934821605682373,2.2456963062286377,-4.344181537628174,-2.6638269424438477,-7.570647716522217,-3.3750691413879395,32305.97265625,4060.399169921875,841.244384765625,487.21136474609375,516.640869140625,229.87652587890625,180.36367797851562,110.53731536865234,173.36219787597656,104.9331283569336,126.41861724853516,61.42727279663086,81.6607437133789,53.12871170043945,47.768680572509766,42.93815231323242,53.86521911621094,55.225006103515625,50.602928161621094,30.605867385864258,2716.2274568896246,2224628.3152598124,0.1448993476502125,0.01609658607295714,0.06737296283245087,0.0034221040550619364,Korean
378,-313.9058837890625,63.674171447753906,7.2004313468933105,6.864712238311768,10.454848289489746,3.765841007232666,2.482037305831909,2.2415640354156494,-6.787328243255615,5.687265872955322,-3.159841299057007,0.6769368648529053,-6.085519313812256,-1.8698757886886597,-2.764653444290161,2.6676535606384277,-4.518917560577393,-4.06831693649292,-6.671289920806885,-3.1592392921447754,32776.34375,4374.7255859375,909.5908203125,445.3526306152344,409.2085266113281,210.24888610839844,175.8019561767578,107.52745819091797,147.1521453857422,103.8424072265625,112.02949523925781,59.40751266479492,75.40071868896484,47.935733795166016,45.995914459228516,41.71892166137695,52.850765228271484,58.15145492553711,46.918338775634766,28.847002029418945,2699.3094605299434,2160701.5776822953,0.14910085764697323,0.015369153151720315,0.06058290973305702,0.0036206368822604418,Korean
379,-284.86407470703125,68.15006256103516,7.657805919647217,13.321976661682129,12.059444427490234,2.4684786796569824,3.058624505996704,1.4145841598510742,-7.919907093048096,5.163050651550293,-4.359582424163818,0.29005491733551025,-6.216524124145508,-1.994181513786316,-4.096187114715576,2.6258695125579834,-3.6942687034606934,-4.481232166290283,-7.015284061431885,-3.344327211380005,31118.16015625,3886.14306640625,877.0365600585938,616.5943603515625,501.9599914550781,237.79835510253906,183.13894653320312,107.66673278808594,149.16864013671875,99.64784240722656,129.0924530029297,64.39727020263672,80.35615539550781,52.742462158203125,52.152828216552734,41.50077819824219,44.3038330078125,47.024417877197266,46.52840805053711,29.244050979614258,2678.0316702675077,1952926.5277797303,0.138814443093145,0.013804556609159298,0.06839899718761444,0.0035197853576391935,Korean
380,-290.9580383300781,59.72179412841797,7.237008571624756,13.363726615905762,13.104711532592773,2.2458465099334717,2.3460381031036377,1.6972264051437378,-8.623434066772461,5.729320526123047,-6.198933124542236,1.2266119718551636,-6.446346759796143,-2.2585089206695557,-3.4370555877685547,2.8463447093963623,-4.282506465911865,-3.5377533435821533,-6.757767200469971,-2.9925105571746826,31168.37890625,4423.55908203125,872.7698974609375,619.8092651367188,463.7176208496094,223.42308044433594,174.2783203125,105.79827117919922,135.92564392089844,119.5695571899414,147.14077758789062,62.584693908691406,74.58067321777344,52.82973861694336,48.477779388427734,36.59955978393555,47.34798049926758,57.877708435058594,46.95612335205078,30.824546813964844,2847.921224859862,2408217.170077423,0.16499815142552365,0.01955418792986609,0.0649489089846611,0.0034858675207942724,Korean
381,-271.88134765625,68.59158325195312,8.045623779296875,9.689766883850098,11.64246940612793,2.710179567337036,1.8412182331085205,0.7288884520530701,-9.087246894836426,4.928383827209473,-3.913127899169922,0.32711130380630493,-6.458095073699951,-1.4731405973434448,-3.893216133117676,2.671868324279785,-3.6738197803497314,-3.294435501098633,-7.552229881286621,-3.306701183319092,29750.9453125,4479.87060546875,900.140625,481.1145324707031,448.7585754394531,234.95822143554688,196.07337951660156,111.4201431274414,158.0919189453125,111.33131408691406,128.55044555664062,64.27855682373047,78.52430725097656,50.05067443847656,50.64862060546875,39.175323486328125,48.63430404663086,55.92603302001953,45.34532928466797,31.88338851928711,2710.8944577702587,2192719.5925750597,0.15123990860162917,0.016542329339823164,0.07170617580413818,0.003431745572015643,Korean
382,-296.48138427734375,68.51406860351562,5.3339385986328125,10.122316360473633,12.454099655151367,3.2620444297790527,2.6978390216827393,0.804510235786438,-8.950997352600098,3.7519140243530273,-4.117098331451416,1.155024766921997,-6.341585159301758,-1.3397670984268188,-3.55360746383667,2.8284265995025635,-3.159160614013672,-3.850602149963379,-6.493918418884277,-2.799941301345825,32267.298828125,4109.5205078125,802.5787963867188,469.0733337402344,498.9422302246094,223.40182495117188,166.46768188476562,111.00311279296875,146.57029724121094,100.14297485351562,126.79429626464844,59.49889373779297,79.10143280029297,44.9213752746582,44.7067985534668,34.4697265625,44.3269157409668,47.173194885253906,43.844276428222656,28.716291427612305,2603.7730057421627,1837272.1922330814,0.1411717592020751,0.013645758526302393,0.0662466511130333,0.00361994793638587,Korean
383,-301.430419921875,69.49604797363281,7.747137069702148,8.467080116271973,11.590143203735352,5.764129638671875,3.011577606201172,1.4066567420959473,-8.495677947998047,3.2069504261016846,-2.082955837249756,2.422856092453003,-7.010550498962402,-1.7004623413085938,-2.6814727783203125,3.498008966445923,-3.5500612258911133,-4.521973609924316,-6.545019626617432,-3.3962502479553223,32647.060546875,4258.09765625,883.2044067382812,449.758056640625,424.5317077636719,184.50257873535156,163.5625762939453,113.16374206542969,142.3744659423828,97.7583236694336,123.36246490478516,59.57903289794922,85.63916015625,40.120609283447266,46.15545654296875,36.02880859375,44.5875129699707,50.12839889526367,41.13793182373047,29.799795150756836,2695.1797912473858,2372572.054620801,0.14853082851637764,0.01732200255018635,0.0644771009683609,0.003561614081263542,Korean
384,-280.87225341796875,74.38701629638672,9.333863258361816,9.38509750366211,12.391044616699219,5.8325982093811035,2.1486849784851074,0.5198279023170471,-8.878396034240723,2.670412302017212,-2.6183104515075684,1.227368950843811,-6.915459156036377,-1.8403400182724,-3.3733177185058594,2.446744203567505,-4.961405277252197,-4.2107014656066895,-7.292459964752197,-3.921027660369873,29388.162109375,4273.2333984375,883.5726928710938,452.24853515625,444.52264404296875,203.80650329589844,172.92056274414062,125.66114044189453,162.54171752929688,111.41180419921875,121.08924865722656,63.97565841674805,84.97257232666016,50.09421920776367,50.378055572509766,39.7381477355957,53.82441329956055,58.06007766723633,46.60649108886719,33.988861083984375,2568.248525419247,1998608.4291617668,0.1353524794600939,0.014141188711719514,0.07038480788469315,0.0035104756243526936,Korean
385,-294.1066589355469,68.42066192626953,10.401143074035645,8.479527473449707,13.0073823928833,4.233763694763184,2.380251407623291,1.5332260131835938,-9.139238357543945,6.402758598327637,-3.950989246368408,1.0345340967178345,-6.649027347564697,-2.0515851974487305,-2.4464635848999023,2.8765432834625244,-4.999325275421143,-2.6791419982910156,-7.46463680267334,-3.782968759536743,32339.0,4382.4306640625,745.0323486328125,398.02142333984375,464.98846435546875,213.83164978027344,178.46661376953125,105.58306121826172,169.5859832763672,113.51188659667969,120.57513427734375,54.333797454833984,84.43412780761719,51.980224609375,39.105838775634766,40.72576904296875,57.16704177856445,53.094276428222656,49.91935729980469,30.543506622314453,2704.810012766674,2180226.3707018974,0.15014364439179703,0.016428151301448608,0.0684456154704094,0.0036311771254986525,Korean
386,-293.4142761230469,71.83409881591797,4.425322532653809,10.018559455871582,10.77309513092041,2.0830953121185303,5.503216743469238,-0.37970736622810364,-8.316518783569336,7.801546096801758,-3.7548725605010986,1.7805280685424805,-6.245874881744385,-1.904930830001831,-3.0021345615386963,1.183592677116394,-3.5905895233154297,-3.4649152755737305,-8.277582168579102,-3.32910418510437,31152.751953125,4432.42431640625,708.5660400390625,462.21435546875,465.0946960449219,179.86282348632812,176.4567108154297,120.1798095703125,149.2988739013672,124.48731231689453,114.7732925415039,61.445335388183594,88.88715362548828,49.76128005981445,41.42006301879883,33.82325744628906,42.777061462402344,48.56707763671875,53.6729621887207,32.2227783203125,2539.754154471044,1953465.0833674483,0.13769815464930152,0.013721838995953252,0.07043249905109406,0.0039259460754692554,Korean
387,-300.9966735839844,65.51557922363281,4.513016223907471,9.880980491638184,12.563860893249512,2.727679967880249,2.673663854598999,0.8902812600135803,-7.196763515472412,6.8628668785095215,-4.577088832855225,1.245890498161316,-6.726469039916992,-2.9156429767608643,-3.4796640872955322,2.4279990196228027,-3.382840156555176,-2.6842994689941406,-7.233601093292236,-3.73872971534729,30897.962890625,4205.21728515625,729.6181030273438,451.28887939453125,451.08245849609375,191.4834442138672,176.31861877441406,103.14435577392578,133.82022094726562,100.81372833251953,124.2850112915039,56.902748107910156,82.94325256347656,54.315391540527344,44.260650634765625,36.99628448486328,46.40541458129883,44.78966522216797,48.22227096557617,30.27547264099121,2682.409156305651,1921901.2940070143,0.1442157097582547,0.013642330177528828,0.0620630607008934,0.0035381773486733437,Korean
388,-302.0238037109375,70.86532592773438,7.205448627471924,11.408134460449219,13.11088752746582,1.816852331161499,3.948615789413452,0.1843568980693817,-6.632816314697266,6.468689441680908,-3.610194683074951,0.33876368403434753,-6.5865888595581055,-1.6321165561676025,-4.414485454559326,2.9932830333709717,-3.480130195617676,-2.6601979732513428,-7.370425701141357,-3.5973596572875977,31961.591796875,3984.546630859375,909.428466796875,510.6646423339844,414.5537109375,225.2417755126953,172.04144287109375,125.05183410644531,126.42664337158203,102.74108123779297,132.11231994628906,60.95952224731445,81.97978973388672,54.97574234008789,51.62275314331055,37.36279296875,46.24129104614258,43.73446273803711,52.88345718383789,31.875591278076172,2615.532607892802,1921555.3627077814,0.13717396859458683,0.013135394252424638,0.06411553174257278,0.0034667907748371363,Korean
389,-298.9944763183594,69.24320983886719,8.801329612731934,10.640499114990234,13.092867851257324,3.7779440879821777,4.409134387969971,1.736202597618103,-6.398120880126953,5.737034797668457,-5.058377265930176,0.9446545243263245,-7.064253330230713,-1.5558407306671143,-2.3863677978515625,3.3134372234344482,-4.560553550720215,-3.25575590133667,-6.122529983520508,-3.670469284057617,31784.66796875,4357.18359375,774.80615234375,497.7037658691406,415.2100830078125,232.15902709960938,188.25741577148438,119.22337341308594,148.41055297851562,103.25251770019531,152.1610565185547,62.493106842041016,84.15373229980469,52.41947555541992,41.39397430419922,37.247554779052734,48.00486373901367,42.07712173461914,44.3551139831543,31.4395751953125,2635.9977383562186,2143876.864905547,0.14081931812155282,0.015653692033286298,0.06679267436265945,0.003592963330447674,Korean
390,-297.3524169921875,68.53137969970703,8.521629333496094,7.273182392120361,9.979884147644043,5.138540267944336,3.7245821952819824,0.7523357272148132,-8.0607328414917,5.559654712677002,-3.585679531097412,-0.711409866809845,-6.002660751342773,-1.520114541053772,-2.457131862640381,3.245422124862671,-4.469893932342529,-3.1187825202941895,-6.6794328689575195,-3.14607310295105,30757.083984375,4785.0390625,798.1232299804688,416.3334655761719,387.444091796875,195.0955047607422,198.56407165527344,124.03848266601562,159.65914916992188,100.30484008789062,121.3065414428711,58.60802459716797,77.67913818359375,49.50383377075195,42.714637756347656,38.2432861328125,46.997772216796875,43.42652893066406,45.295101165771484,29.40047264099121,2706.940351968023,2325224.2740881084,0.1540018993553703,0.017232008042880272,0.06534846127033234,0.003469069954007864,Korean
391,-299.548828125,69.04146575927734,9.23159408569336,7.439303398132324,13.831918716430664,5.624179840087891,0.9450845122337341,3.7331972122192383,-7.5222859382629395,4.168644905090332,-2.310009717941284,-1.637066125869751,-3.9555931091308594,-1.3388562202453613,-1.5065873861312866,3.448899030685425,-6.512264728546143,-2.2680299282073975,-6.022379398345947,-4.74653434753418,30078.1640625,4507.419921875,613.442138671875,406.2488708496094,464.1318664550781,183.099609375,178.54197692871094,115.24998474121094,168.00808715820312,94.91077423095703,124.48893737792969,58.39012145996094,79.50818634033203,51.85264587402344,49.272193908691406,44.71592330932617,64.5107421875,52.439449310302734,43.29430389404297,32.776058197021484,2612.761496840292,1981726.9807261145,0.13506455720050564,0.013572639862279695,0.06371986865997314,0.0034919099416583776,Korean
392,-302.8196716308594,68.48176574707031,6.429894924163818,7.016668796539307,11.891263008117676,3.101172924041748,1.0185341835021973,3.038458824157715,-7.86448860168457,4.487570285797119,-2.5583064556121826,-1.6209166049957275,-5.520354747772217,-0.6907575726509094,-1.5469934940338135,2.963809013366699,-5.938824653625488,-2.1246752738952637,-5.983051776885986,-3.728147029876709,33132.296875,4382.96484375,801.5117797851562,411.0325622558594,462.0257568359375,189.29681396484375,182.1952667236328,117.41596984863281,153.22840881347656,100.68386840820312,135.11180114746094,56.111915588378906,75.89401245117188,49.03794860839844,45.15087890625,40.331275939941406,64.37754821777344,48.10700607299805,45.46913146972656,33.26234817504883,2615.9624423648547,2030856.6077526975,0.14516468552605605,0.015171287199202245,0.0649571493268013,0.0036260264459997416,Korean
393,-289.8398132324219,66.4920654296875,5.65014123916626,8.725318908691406,12.530425071716309,3.6303391456604004,3.086564302444458,3.0912234783172607,-7.220430850982666,4.9031877517700195,-6.652390003204346,-0.11622393876314163,-5.155929088592529,-0.7471441626548767,-1.390042781829834,2.408306360244751,-6.062286853790283,-1.8675092458724976,-5.4940185546875,-4.879466533660889,27441.587890625,4079.40576171875,877.7637329101562,481.0581359863281,486.2734680175781,190.955810546875,174.34913635253906,111.08808135986328,158.91099548339844,93.7697525024414,142.3494415283203,60.65608215332031,81.79846954345703,51.515106201171875,46.74042510986328,35.0138053894043,64.32759094238281,47.3924674987793,47.241634368896484,36.27627944946289,2655.189416347063,1882318.1446420506,0.14189277873234057,0.013883350951133766,0.0661059319972992,0.003727866569533944,Korean
394,-288.69439697265625,106.25123596191406,6.626715660095215,31.65778923034668,9.6859712600708,4.481255531311035,5.116182327270508,-8.76742935180664,2.7039270401000977,1.9556388854980469,-8.475597381591797,5.953938007354736,-7.087439060211182,-7.5311970710754395,-3.1280179023742676,0.6434447169303894,-7.989715099334717,-4.444165229797363,-3.2660908699035645,-4.29770040512085,14559.8515625,3293.752197265625,662.3198852539062,641.7039794921875,478.7657775878906,168.07818603515625,204.62078857421875,176.04879760742188,141.1418914794922,102.54191589355469,183.0004119873047,123.29096221923828,70.15876007080078,83.15062713623047,54.74306106567383,52.252098083496094,52.22429656982422,53.39920425415039,34.496795654296875,36.82229995727539,1795.7736270566793,1412187.2688577764,0.08346537272135417,0.007758012364266645,0.05613034591078758,0.0022543338127434254,Korean
395,-293.9779968261719,101.96420288085938,8.066487312316895,31.04224967956543,12.97960090637207,4.103733539581299,4.426967144012451,-8.121318817138672,0.24782578647136688,1.9709135293960571,-8.505517959594727,4.073801040649414,-6.891477108001709,-8.707104682922363,-2.9812588691711426,-0.35689911246299744,-7.187697410583496,-4.849564075469971,-3.3256397247314453,-4.785878658294678,12162.0576171875,3186.6064453125,683.30615234375,677.9115600585938,494.5315246582031,170.07568359375,193.02915954589844,161.40211486816406,162.71926879882812,104.71997833251953,184.38914489746094,104.83521270751953,77.09270477294922,98.88227081298828,51.11146545410156,47.09589385986328,51.19457244873047,57.843685150146484,36.05339431762695,39.590797424316406,1736.364307783054,1416240.8292128053,0.08045050519107291,0.00738551750886744,0.056321870535612106,0.002643149346113205,Korean
396,-295.34600830078125,104.75281524658203,6.929698467254639,36.455020904541016,13.770458221435547,3.2644379138946533,3.176485776901245,-8.362672805786133,3.0233676433563232,3.004087448120117,-8.254569053649902,6.1807684898376465,-7.437963008880615,-6.185130596160889,-4.314078330993652,0.3393803834915161,-9.120322227478027,-4.259986877441406,-3.0693957805633545,-4.792456150054932,15217.833984375,3361.332275390625,771.7425537109375,640.4439086914062,467.5914611816406,188.2451629638672,212.27223205566406,186.927978515625,159.08065795898438,98.61387634277344,165.4499053955078,114.18743133544922,73.67085266113281,88.62230682373047,49.8624153137207,56.11370849609375,50.702667236328125,60.3114013671875,38.339359283447266,41.098106384277344,1799.1263497972284,1523392.3871587883,0.082800055236558,0.008254733899777274,0.05777737870812416,0.0023994699586182833,Korean
397,-282.888427734375,108.21127319335938,7.088526248931885,31.745777130126953,11.198738098144531,2.4457931518554688,6.365594387054443,-7.815028190612793,-1.8728585243225098,2.2005960941314697,-11.980034828186035,7.7902374267578125,-8.759374618530273,-7.999953269958496,-4.010035037994385,1.6107535362243652,-7.288286209106445,-3.7196884155273438,-2.202777624130249,-2.800964593887329,14910.568359375,3203.337158203125,633.0833740234375,656.7352905273438,576.1082153320312,195.48670959472656,217.15887451171875,168.26394653320312,154.8476104736328,105.81431579589844,204.66041564941406,124.85092163085938,74.62798309326172,85.49506378173828,50.784820556640625,48.18559646606445,51.721622467041016,55.821590423583984,38.779296875,41.70457077026367,1791.4776477297512,1446228.0161906783,0.08082421875,0.007088318662944592,0.06395507603883743,0.002845293842256069,Korean
398,-273.3499755859375,112.9079818725586,2.4675965309143066,30.609891891479492,11.966075897216797,2.1009745597839355,4.435161590576172,-8.170418739318848,-4.8592610359191895,3.0154218673706055,-12.293924331665039,6.511563777923584,-7.3019304275512695,-10.238168716430664,-3.9813265800476074,1.5427131652832031,-5.55254602432251,-5.767498016357422,-2.561630964279175,-3.1564853191375732,15791.6875,3392.458984375,833.4389038085938,631.938232421875,537.3507080078125,206.39698791503906,191.8298797607422,165.2811279296875,146.99195861816406,112.82363891601562,193.6277618408203,113.6629867553711,78.08055877685547,78.75670623779297,50.27491760253906,53.273773193359375,47.94571304321289,58.439945220947266,36.67087936401367,37.95854949951172,1774.6351082260494,1475992.3274337878,0.08208466812702593,0.007545972610593469,0.06634750217199326,0.0030586461070924997,Korean
399,-272.8991394042969,107.46742248535156,4.989013671875,35.197574615478516,11.32845401763916,1.8914035558700562,5.144968032836914,-8.644851684570312,-2.1882691383361816,3.187105894088745,-11.49327564239502,7.354658603668213,-8.633644104003906,-9.15185546875,-4.052076816558838,0.4767555296421051,-6.995997905731201,-4.610325336456299,-1.8744492530822754,-4.947497844696045,14864.7080078125,3143.38037109375,760.6232299804688,706.57421875,560.7640991210938,203.2478485107422,191.4877471923828,170.9653778076172,135.55715942382812,94.34983825683594,246.1660614013672,105.27246856689453,76.82254028320312,81.6491470336914,51.798622131347656,51.39253616333008,50.672237396240234,51.96613311767578,32.77193069458008,39.954097747802734,1789.228450351587,1358223.971941068,0.08256356338643099,0.007115063052791677,0.06732876598834991,0.0030546672642230988,Korean
400,-292.7613830566406,60.353885650634766,0.04748445376753807,10.160760879516602,11.922992706298828,1.766392469406128,2.673457622528076,0.4004891514778137,-10.279728889465332,1.88955819606781,-2.3130805492401123,-0.050309374928474426,-3.8800768852233887,-0.9851478934288025,-3.479536771774292,1.0771839618682861,-3.85695743560791,0.6676366329193115,-7.06143856048584,-5.857402324676514,30999.140625,4593.97119140625,907.8987426757812,558.0706176757812,496.25146484375,232.53518676757812,189.1002655029297,118.43521881103516,187.63650512695312,107.76587677001953,123.39193725585938,57.49977111816406,65.6243896484375,65.58277130126953,51.39786911010742,36.90394973754883,47.46443557739258,39.71335983276367,46.07315444946289,39.360633850097656,2714.073624264244,2407829.015951775,0.16464804198499633,0.01885912127261467,0.06872498244047165,0.004628733266144991,Korean
401,-304.2095031738281,57.878536224365234,5.347492218017578,7.033980369567871,11.8478364944458,3.8868136405944824,1.1961811780929565,4.027154445648193,-10.146589279174805,2.938415050506592,0.06503786146640778,-1.4530566930770874,-2.8282251358032227,-0.26524993777275085,-3.7190656661987305,1.015283226966858,-3.105097770690918,1.056015133857727,-6.947601795196533,-5.402517795562744,32178.943359375,4414.236328125,695.1796875,506.5882873535156,470.0364685058594,179.15972900390625,173.3983917236328,94.8232192993164,164.0487823486328,99.80540466308594,127.49044036865234,50.05350112915039,62.171878814697266,54.50657653808594,45.255496978759766,35.42518615722656,46.56508255004883,39.26186752319336,56.470237731933594,37.726749420166016,2719.543611431308,2396901.3441311982,0.16457470479379627,0.017520114422486282,0.062177032232284546,0.004126143176108599,Korean
402,-300.23577880859375,66.26895141601562,3.8624603748321533,10.86500358581543,14.035699844360352,1.185009479522705,2.3672361373901367,0.49041953682899475,-10.82068920135498,2.573761463165283,-3.4457571506500244,-0.48668089509010315,-3.504903793334961,-0.5992746949195862,-3.7360737323760986,-0.21788255870342255,-3.801581382751465,1.2379333972930908,-6.050300598144531,-5.924082279205322,32228.662109375,4568.18994140625,747.1959838867188,511.33203125,468.38775634765625,236.8682403564453,177.2803497314453,118.69218444824219,176.0379638671875,101.47286224365234,123.37157440185547,60.18071365356445,62.344539642333984,57.63829803466797,42.56013107299805,30.097312927246094,44.95698165893555,31.009611129760742,40.38412094116211,37.47631072998047,2510.1548535425504,2213877.495790674,0.14398646579344138,0.01567223163488242,0.0710882768034935,0.004766758996993303,Korean
403,-315.5356750488281,59.403961181640625,-0.464678019285202,9.64229965209961,10.22450065612793,1.2686896324157715,4.324994087219238,-0.7550942301750183,-9.586308479309082,3.1075057983398438,-1.671189785003662,-0.0019493467407301068,-3.017427444458008,-0.38922184705734253,-3.7040393352508545,0.3103567957878113,-3.4643125534057617,0.7499297261238098,-6.400692462921143,-5.895374774932861,35208.1875,4414.140625,790.433837890625,521.434326171875,438.681640625,230.34341430664062,191.3989715576172,110.85773468017578,170.60757446289062,94.66122436523438,124.69579315185547,53.68540954589844,58.03940963745117,51.4940185546875,40.83910369873047,32.6685905456543,38.3415641784668,29.19222068786621,44.31874465942383,35.598388671875,2511.7514037432634,2141035.686796506,0.1457784657432791,0.01535778889145674,0.0636322945356369,0.004604113753885031,Korean
404,-303.7357177734375,60.882869720458984,-2.982266664505005,7.1032514572143555,8.450005531311035,1.836390733718872,4.813632965087891,-1.1999613046646118,-9.399737358093262,1.7986704111099243,-2.270848035812378,0.8348482847213745,-3.468879222869873,-1.8990967273712158,-2.997830390930176,0.4367671310901642,-2.973673105239868,0.12546153366565704,-5.978798866271973,-6.093862056732178,29627.140625,4017.418701171875,687.8228149414062,481.6893615722656,425.75457763671875,184.90635681152344,175.99354553222656,123.1541748046875,175.6083984375,87.64070129394531,105.30086517333984,53.3995246887207,65.8969497680664,61.11837387084961,42.81371307373047,25.12983512878418,37.34523391723633,26.640104293823242,39.442604064941406,38.762123107910156,2452.020211595423,1920211.4409694488,0.14492828856358853,0.014471628908539527,0.07273463159799576,0.0066333310678601265,Korean
405,-296.3886413574219,59.22367477416992,-1.5291738510131836,12.926786422729492,10.89989948272705,1.9462790489196777,3.5524091720581055,-1.4532368183135986,-8.348731994628906,1.3744478225708008,-2.28314471244812,0.3197714686393738,-3.9425957202911377,-1.2400593757629395,-3.6598312854766846,0.7111490964889526,-2.3777029514312744,0.4532158076763153,-7.44580602645874,-6.164180755615234,29667.095703125,4545.60595703125,708.9449462890625,532.2047119140625,419.07354736328125,189.46377563476562,146.0472412109375,118.32759857177734,158.8995819091797,86.2916259765625,101.81280517578125,47.518226623535156,59.105228424072266,59.127784729003906,44.946285247802734,26.926280975341797,36.70426559448242,26.468936920166016,47.642940521240234,36.18108367919922,2494.754545610204,2114925.6753831957,0.14928971305545183,0.015225511448044507,0.07238513976335526,0.005639840383082628,Korean
406,-291.52056884765625,60.299278259277344,-7.328078746795654,6.895086288452148,10.436264038085938,1.8932486772537231,1.5254144668579102,-1.4613149166107178,-10.25561237335205,2.1628236770629883,-0.07585008442401886,0.9726321697235107,-3.5698788166046143,-2.630516529083252,-4.312541484832764,1.7055249214172363,-3.338327169418335,-0.6943670511245728,-6.860672473907471,-5.759537220001221,30713.458984375,4208.9111328125,796.556396484375,493.6029968261719,408.1053771972656,180.9764862060547,149.0271759033203,112.984375,171.4671173095703,102.5914077758789,112.00928497314453,58.31456756591797,57.58140182495117,53.297569274902344,46.63358688354492,32.05094528198242,55.08717346191406,29.059282302856445,47.685401916503906,38.680755615234375,2502.6669513577513,1966052.9817912844,0.15003062980684229,0.01405004377511178,0.0731983482837677,0.0062772673554718494,Korean
407,-303.2155456542969,63.132972717285156,-0.33557021617889404,6.674436092376709,12.12875747680664,4.012485027313232,2.2199158668518066,0.6273126006126404,-11.355301856994629,1.342414140701294,-0.1274380385875702,0.9262257218360901,-3.2717578411102295,-2.3696231842041016,-3.3081116676330566,1.018510103225708,-3.795095920562744,-0.44991591572761536,-7.363927841186523,-4.70218563079834,32729.171875,4785.4296875,699.9432373046875,436.4010009765625,465.1802978515625,180.7735137939453,160.69125366210938,98.82455444335938,200.44288635253906,82.90492248535156,112.75935363769531,52.47854995727539,62.78193283081055,59.103084564208984,45.497802734375,39.45735549926758,48.40636444091797,30.995580673217773,54.69908142089844,35.828941345214844,2544.5912167538045,2299916.222318699,0.14738382080544932,0.016605430604198827,0.07076476514339447,0.005397767294198275,Korean
408,-303.7521667480469,58.578269958496094,1.736236572265625,8.540786743164062,11.85279655456543,4.362644672393799,0.8964473009109497,0.944487988948822,-10.849181175231934,0.3706415295600891,1.9525493383407593,0.09061100333929062,-3.4046630859375,-1.283195972442627,-4.114880561828613,2.9036545753479004,-3.985396146774292,-0.9278080463409424,-5.159921169281006,-5.648890972137451,33541.8515625,4221.943359375,637.6581420898438,508.3793640136719,468.14599609375,169.2973175048828,158.74639892578125,100.67704010009766,169.40277099609375,94.57779693603516,116.84703063964844,52.77752685546875,60.11199951171875,57.864688873291016,48.907630920410156,42.47043991088867,50.10886001586914,34.13915252685547,40.999534606933594,44.269874572753906,2586.3960106803906,2203821.2447007205,0.15293490692776918,0.016180111527625104,0.06874486804008484,0.005357962101697922,Korean
409,-283.4405822753906,64.64167785644531,5.44719934463501,8.688196182250977,11.820363998413086,2.5302207469940186,0.6108232140541077,4.678387641906738,-12.355918884277344,1.6760904788970947,1.8357306718826294,-1.81259024143219,-1.9797875881195068,-0.9431306719779968,-5.3941168785095215,3.0663347244262695,-3.9715237617492676,0.700477123260498,-8.032130241394043,-5.7060227394104,29183.728515625,4305.34423828125,753.239990234375,509.8987121582031,489.1058349609375,209.20880126953125,162.54498291015625,107.2833023071289,208.33555603027344,117.27799224853516,121.73397064208984,65.92047882080078,63.146244049072266,60.71235275268555,59.32473373413086,52.469547271728516,63.91614532470703,37.24521255493164,56.1478157043457,39.43967819213867,2583.706959808986,2142203.0711721187,0.14747140324741315,0.014775301097047007,0.07223919779062271,0.004904049914330244,Korean
410,-312.3892517089844,54.56747817993164,0.026143399998545647,7.5281982421875,7.712894439697266,4.419297695159912,1.5011738538742065,0.4018082022666931,-7.949357986450195,5.329676151275635,-3.3922345638275146,0.7524988055229187,-5.410874843597412,-2.3776183128356934,-1.7370450496673584,2.4968771934509277,-4.9474263191223145,-2.5512096881866455,-5.23341178894043,-4.286205768585205,31930.833984375,4416.57177734375,735.4986572265625,431.4143371582031,461.4970397949219,168.80978393554688,148.2584991455078,107.54360961914062,138.7851104736328,98.45362854003906,114.10134887695312,53.37507629394531,67.19026947021484,45.38119125366211,36.332359313964844,30.667076110839844,59.65696334838867,40.49301528930664,42.64033126831055,32.8680534362793,3038.234025178964,2318777.0924014687,0.19651065355107958,0.023236441918825883,0.06674502044916153,0.005408077500760555,Korean
411,-294.4984436035156,61.94219207763672,1.9644523859024048,8.137007713317871,9.18681812286377,2.3434436321258545,1.0866386890411377,1.311909556388855,-9.560385704040527,4.463449478149414,-4.900115013122559,-1.182231068611145,-4.003610610961914,-2.3567898273468018,-1.618490219116211,1.9747424125671387,-5.495430946350098,-1.6111541986465454,-4.390854358673096,-5.078165531158447,29586.611328125,4483.06298828125,614.199951171875,495.9198913574219,440.54290771484375,179.65969848632812,163.2475128173828,112.89771270751953,176.50234985351562,91.63007354736328,126.56442260742188,56.47059631347656,68.16230773925781,49.394996643066406,39.92234802246094,36.34443283081055,58.77210235595703,42.249183654785156,42.8719367980957,40.441566467285156,2862.2303684283306,2293949.860635413,0.18311258539979758,0.0230207072071994,0.07431916147470474,0.006218445487320423,Korean
412,-297.58673095703125,59.7067756652832,-2.843744993209839,8.637554168701172,11.739922523498535,2.134868621826172,1.1154111623764038,1.0789196491241455,-8.878779411315918,4.153998851776123,-3.9676403999328613,-1.5433498620986938,-4.6016926765441895,-3.5903160572052,-1.5708097219467163,4.077356338500977,-4.4554290771484375,-1.6899513006210327,-5.063844203948975,-4.191099166870117,31871.876953125,4168.30078125,687.8475341796875,436.6963806152344,446.6263732910156,206.55596923828125,137.55340576171875,102.34947204589844,166.47213745117188,102.40420532226562,113.25633239746094,54.086605072021484,60.27183151245117,49.81113052368164,35.358116149902344,38.80982208251953,56.37277603149414,37.74369812011719,48.5116081237793,39.184722900390625,2839.6523625843897,2002338.9131634226,0.17346756244024858,0.019110319043443187,0.07412439584732056,0.005969325080513954,Korean
413,-295.49786376953125,61.76584243774414,-3.0049610137939453,8.630646705627441,13.071656227111816,2.083888292312622,0.688499391078949,0.010487064719200134,-10.600811004638672,4.7946295738220215,-4.837627410888672,-0.4621732234954834,-5.141931056976318,-3.4939239025115967,-2.0096518993377686,3.404022455215454,-5.516167163848877,-2.286966323852539,-5.069189548492432,-4.938892364501953,29131.52734375,4408.3720703125,776.9029541015625,463.996826171875,438.0602111816406,193.2322998046875,149.07901000976562,99.54719543457031,169.73080444335938,105.6068115234375,128.36705017089844,48.232688903808594,64.49958801269531,53.7127685546875,39.241024017333984,35.110111236572266,59.47410202026367,43.4257698059082,43.65568542480469,37.18869400024414,2894.9166854188843,2299569.6254300033,0.1697327143648623,0.017705835080083183,0.07527340203523636,0.006556973792612553,Korean
414,-294.34478759765625,60.02295684814453,3.86928391456604,8.84134292602539,8.292243003845215,2.7406296730041504,2.281694173812866,0.9331185221672058,-8.929706573486328,3.9273149967193604,-4.022347927093506,-0.9746491312980652,-4.522260665893555,-2.9471540451049805,-1.9298744201660156,3.2330029010772705,-3.8339340686798096,-3.1783974170684814,-5.7372918128967285,-4.123373031616211,25372.634765625,4595.759765625,699.9781494140625,458.6274108886719,417.6465148925781,204.22390747070312,139.21063232421875,116.2903823852539,164.21844482421875,86.92877960205078,115.30707550048828,51.87845230102539,62.5711669921875,42.47758865356445,37.99188995361328,33.008548736572266,43.17277908325195,46.533504486083984,47.51115417480469,27.87541389465332,2884.6686885305903,2366065.9007259207,0.16442274387788935,0.01705457700237424,0.07175018638372421,0.006003883667290211,Korean
415,-296.1579895019531,67.34625244140625,-1.6080987453460693,7.745218753814697,8.528623580932617,-0.08212632685899734,3.471302032470703,-0.24269220232963562,-9.079947471618652,3.629735231399536,-4.585148811340332,-1.4116382598876953,-4.535430908203125,-2.7064170837402344,-1.8804322481155396,2.5412533283233643,-4.2982497215271,-2.6024386882781982,-5.176672458648682,-3.687746524810791,28936.693359375,5091.23486328125,637.6292114257812,374.6661071777344,490.8427429199219,222.8615264892578,153.70623779296875,117.53426361083984,155.3448028564453,88.78746032714844,127.86735534667969,59.02457809448242,60.425392150878906,47.69582748413086,36.604286193847656,32.63583755493164,47.755924224853516,39.174156188964844,41.73772048950195,31.14336585998535,2731.2614226868927,2224330.7696295734,0.17060238361938032,0.022484506595220076,0.07383622229099274,0.005992633756250143,Korean
416,-313.4544982910156,61.34743881225586,1.5282272100448608,9.646342277526855,10.926194190979004,1.0204726457595825,3.8395092487335205,-0.8907181024551392,-8.336431503295898,5.8029398918151855,-3.8388192653656006,0.6232460141181946,-4.909936904907227,0.2988545894622803,-1.6820547580718994,2.467345714569092,-4.537981033325195,-2.9240469932556152,-5.811838626861572,-2.941417694091797,30408.44140625,4770.4599609375,682.0401611328125,433.8099060058594,446.9101257324219,204.1855010986328,146.4630584716797,111.0838623046875,130.90032958984375,96.74220275878906,110.91751861572266,52.485633850097656,63.874813079833984,41.20199966430664,29.703317642211914,28.89306640625,43.609962463378906,37.16474914550781,45.78324508666992,24.91795539855957,2962.9262166669987,2365471.144834746,0.1714211641064728,0.017175515439471076,0.057075221091508865,0.0036289365962147713,Korean
417,-311.85980224609375,68.6391372680664,3.477339267730713,11.456206321716309,9.858859062194824,0.22883713245391846,4.519716739654541,0.7700496315956116,-7.762193202972412,4.82461404800415,-4.414768695831299,-0.2641236484050751,-4.940803527832031,0.45199018716812134,-2.7603039741516113,2.128067970275879,-4.345928192138672,-2.9105193614959717,-5.537856578826904,-3.4224495887756348,31460.38671875,4513.197265625,688.0009765625,518.202392578125,423.94439697265625,216.69264221191406,179.43934631347656,106.30655670166016,128.5738067626953,88.41915130615234,121.41805267333984,53.54913330078125,62.700172424316406,39.121795654296875,35.64854431152344,32.99407958984375,42.97454071044922,35.31737518310547,40.77414321899414,28.262451171875,2722.467252886335,2071791.3088940645,0.16225114036291932,0.01797960588403767,0.06082215532660484,0.0038899993523955345,Korean
418,-328.7319030761719,57.72906494140625,4.70173454284668,8.58272647857666,10.113946914672852,3.983041286468506,2.5512747764587402,2.8722259998321533,-6.871151924133301,1.2068519592285156,-2.082982301712036,-0.7138254642486572,-3.651848316192627,0.8167599439620972,-3.6471619606018066,1.9111199378967285,-2.907310962677002,-1.1589953899383545,-5.265498161315918,-4.523031234741211,32364.85546875,4161.02685546875,579.2574462890625,523.466552734375,443.48065185546875,171.6656951904297,169.07681274414062,101.59358215332031,123.82518768310547,82.72213745117188,124.27021026611328,52.30014419555664,65.69733428955078,43.236244201660156,47.8400764465332,33.99456787109375,42.64302062988281,40.83541488647461,41.10993194580078,39.60169982910156,3030.169311212858,2207822.205282719,0.19651243538073304,0.024379930710730958,0.05431073158979416,0.003619144205003977,Korean
419,-303.93963623046875,68.41559600830078,5.354127883911133,8.532149314880371,10.838809967041016,5.107780933380127,1.7710747718811035,1.6390796899795532,-7.7883758544921875,3.041598081588745,-3.371004343032837,-1.6215037107467651,-4.423768043518066,2.4003326892852783,-1.602967381477356,1.6847209930419922,-5.7666473388671875,-1.7038518190383911,-4.713297367095947,-6.644101619720459,29689.990234375,4916.78662109375,709.4088745117188,471.73681640625,528.1943359375,183.51739501953125,168.47593688964844,102.8019790649414,131.796142578125,91.62361907958984,140.39906311035156,50.23204040527344,69.04923248291016,45.85808181762695,39.0147819519043,31.870006561279297,57.87639236450195,45.84804153442383,36.33231735229492,46.35036849975586,2736.509242038176,2344393.7562553585,0.16269894863696807,0.020120911612298804,0.06381303071975708,0.0038104907143861055,Korean
420,-297.9530029296875,64.44519805908203,3.0013062953948975,9.996297836303711,9.771428108215332,4.537463665008545,3.982025623321533,-0.27172088623046875,-8.614153861999512,3.133955955505371,-4.68720817565918,-0.6562127470970154,-3.8580727577209473,1.0632946491241455,-2.734025716781616,1.5524410009384155,-5.268250942230225,-0.9145438075065613,-5.972731590270996,-5.391088008880615,30845.7578125,4808.94580078125,692.974609375,491.7835693359375,491.7438659667969,209.48890686035156,184.15565490722656,106.76842498779297,127.02287292480469,87.50664520263672,147.26734924316406,58.8357048034668,63.265960693359375,46.54067611694336,41.05461883544922,32.3292121887207,52.84480285644531,44.903018951416016,42.060977935791016,37.864192962646484,2896.4063484572325,2477835.684355315,0.18299125539638933,0.023421944646508472,0.06519939005374908,0.004195422399789095,Korean
421,-295.82904052734375,60.979740142822266,6.178043365478516,10.117467880249023,8.332666397094727,2.96118426322937,4.2948174476623535,0.2464641034603119,-7.891077518463135,2.9459662437438965,-4.7169952392578125,-0.30323681235313416,-3.9715425968170166,0.48848259449005127,-2.7282052040100098,1.810738205909729,-2.810744524002075,-1.428157091140747,-6.624450206756592,-4.734804153442383,26493.666015625,4880.6962890625,682.7744140625,510.83880615234375,472.8463439941406,224.98641967773438,181.49359130859375,112.04592895507812,125.45003509521484,77.75344848632812,123.88043212890625,56.87578582763672,64.23619079589844,42.5670051574707,34.767704010009766,29.329769134521484,37.88875961303711,38.29024887084961,41.88138961791992,29.90150260925293,2933.047877050385,2501155.3025954086,0.18431118078399122,0.022731471730568092,0.06141013279557228,0.003672522958368063,Korean
422,-309.95330810546875,62.35586929321289,-1.0985606908798218,10.09370231628418,9.72230339050293,3.0899875164031982,4.355373382568359,-0.19253665208816528,-8.111675262451172,4.1994099617004395,-4.9546732902526855,-0.37716764211654663,-3.5948293209075928,0.4123595952987671,-1.9031860828399658,0.5659396052360535,-2.999444007873535,-0.7397288084030151,-6.118715763092041,-5.528054237365723,30514.857421875,4771.462890625,721.2922973632812,415.9320373535156,457.193359375,208.2108917236328,174.68898010253906,110.17125701904297,142.2520751953125,84.69844055175781,117.21896362304688,55.52151107788086,56.029239654541016,38.43672180175781,32.96814727783203,27.34665870666504,40.142635345458984,36.51177215576172,43.614681243896484,34.344017028808594,2884.0322330549598,2340634.848260461,0.1675241649014661,0.01641043269079658,0.06211741641163826,0.00415874132886529,Korean
423,-318.7324523925781,63.75394058227539,3.183548927307129,11.822708129882812,11.56119441986084,1.2270547151565552,3.038209915161133,-0.7510710954666138,-7.043430805206299,2.620208263397217,-6.5117998123168945,-0.4189596176147461,-3.891975164413452,0.8142756223678589,-2.313391923904419,0.7115411758422852,-3.144941806793213,-0.675543487071991,-5.607675552368164,-5.25324010848999,31639.419921875,4628.5068359375,643.9952392578125,465.503173828125,482.77447509765625,189.03622436523438,152.330078125,113.58252716064453,107.14324951171875,76.24723052978516,135.28367614746094,49.01529312133789,49.495643615722656,44.80213928222656,30.50017738342285,24.525741577148438,33.46413040161133,33.951881408691406,38.29290008544922,32.447662353515625,2945.807085467522,2461321.9512996045,0.22512577115158636,0.04130174639603601,0.05871417000889778,0.003703828901052475,Korean
424,-303.5605163574219,64.20790100097656,3.2766525745391846,12.570684432983398,9.390948295593262,3.889766216278076,3.5894579887390137,-1.718602180480957,-8.101215362548828,2.319309949874878,-4.8114190101623535,-1.095291018486023,-3.7339231967926025,1.092712640762329,-2.920409917831421,1.4352176189422607,-2.979548215866089,-1.283703088760376,-6.921432971954346,-4.99358606338501,27087.19921875,4805.23583984375,774.63720703125,486.9993591308594,436.8816833496094,205.61724853515625,169.276123046875,122.4119873046875,125.41106414794922,83.60517883300781,125.62353515625,49.56362533569336,61.5994987487793,42.46875,32.85160446166992,26.576553344726562,37.467071533203125,33.00829315185547,48.42768859863281,33.098575592041016,2912.1921439708917,2631130.613161255,0.17582168093152867,0.020103382832072022,0.05951111763715744,0.0035315300337970257,Korean
425,-298.21624755859375,63.88835525512695,4.088407039642334,10.945291519165039,13.048691749572754,4.943208694458008,2.661262273788452,1.7111575603485107,-9.428287506103516,2.5429069995880127,-5.489573955535889,-0.5217409729957581,-3.0491015911102295,-0.08829376846551895,-3.4825119972229004,1.95670485496521,-3.8493924140930176,-2.3657469749450684,-6.911160945892334,-4.673673629760742,29257.07421875,4485.7001953125,781.3673095703125,516.7407836914062,472.4674377441406,218.26492309570312,175.03671264648438,115.90277862548828,145.41244506835938,101.48102569580078,126.38347625732422,63.43208312988281,58.14827346801758,41.45591354370117,41.685523986816406,35.78804397583008,48.97785568237305,43.746952056884766,45.13636779785156,35.44505310058594,2858.3021943881527,2214935.073901257,0.17159407379287464,0.02036209137115026,0.06231657788157463,0.0036559386644512415,Korean
426,-286.5946350097656,64.03002166748047,7.270717144012451,12.034845352172852,15.01884651184082,4.404201984405518,0.05267324298620224,2.58115553855896,-8.341115951538086,2.7792067527770996,-6.354406356811523,-2.4932422637939453,-4.4507646560668945,0.23831240832805634,-1.495924949645996,2.1874427795410156,-5.812607765197754,-1.2000049352645874,-5.711255073547363,-6.7507734298706055,27036.998046875,4831.56494140625,760.8939208984375,627.4608764648438,504.1084899902344,204.53892517089844,196.58035278320312,114.53547668457031,142.59866333007812,88.4126968383789,133.2740478515625,60.69725036621094,63.847389221191406,48.71309280395508,43.2331428527832,33.701568603515625,57.14313888549805,47.084503173828125,46.152584075927734,43.36988067626953,2839.3930977047235,2572852.747630464,0.1711953125,0.02134830072784424,0.06715626269578934,0.0036619827151298523,Korean
427,-310.32147216796875,62.20759201049805,9.094146728515625,8.398433685302734,10.464532852172852,2.4690773487091064,0.9176866412162781,4.283072471618652,-9.37157154083252,2.196099042892456,-3.746596336364746,-1.1031581163406372,-2.2775509357452393,0.18051384389400482,-2.5891854763031006,2.510951280593872,-4.078819274902344,-0.9703551530838013,-6.629299163818359,-6.111857891082764,29030.875,4745.83203125,676.4472045898438,577.6403198242188,507.18841552734375,188.0936279296875,180.60775756835938,116.21684265136719,160.04742431640625,94.36231231689453,119.36861419677734,50.020416259765625,59.2660026550293,49.835426330566406,40.22734451293945,33.400840759277344,47.72871780395508,38.918495178222656,46.26101303100586,41.481624603271484,2920.4761648757517,2380889.9868645123,0.18123827669726109,0.021782474109919365,0.060942333191633224,0.0038083011750131845,Korean
428,-320.8040466308594,63.317832946777344,6.040946006774902,8.324197769165039,10.823787689208984,3.1553432941436768,1.2049046754837036,2.665830135345459,-8.570725440979004,3.3794503211975098,-4.979417324066162,-0.8514223098754883,-2.704953670501709,0.11296860873699188,-3.078677177429199,1.7659415006637573,-3.6420817375183105,-1.330613374710083,-7.838578224182129,-6.4264116287231445,32456.416015625,4804.39404296875,786.7315063476562,483.2644958496094,486.5350036621094,202.70127868652344,168.4790802001953,98.83387756347656,141.16293334960938,88.25123596191406,139.8416290283203,53.472816467285156,59.882259368896484,44.1948356628418,43.69126892089844,37.149391174316406,45.59991455078125,37.8983154296875,51.82451629638672,40.775630950927734,2939.788916962013,2608013.048752091,0.17475949668453725,0.0205493632820072,0.05839629843831062,0.0035296734422445297,Korean
429,-325.024658203125,64.3507308959961,4.722357273101807,6.93760871887207,9.914706230163574,3.4311795234680176,2.799790620803833,1.2015283107757568,-8.041531562805176,3.2678029537200928,-3.8869664669036865,-1.7476298809051514,-3.6067235469818115,1.0229363441467285,-1.7005101442337036,1.2225736379623413,-4.714772701263428,-0.400551974773407,-5.47875452041626,-6.085192680358887,31677.568359375,4528.15478515625,603.5145263671875,389.70672607421875,456.01226806640625,185.15602111816406,162.52159118652344,95.21861267089844,133.69387817382812,96.34459686279297,130.10597229003906,59.78487014770508,62.082275390625,43.29520797729492,33.860721588134766,30.645580291748047,48.11137390136719,38.245296478271484,46.72590255737305,41.19628143310547,2881.2091729247722,2165523.8936190195,0.16729492922310008,0.016249650417655047,0.055235330015420914,0.0033801719546318054,Korean
430,-306.02716064453125,62.094688415527344,-0.3472226858139038,8.313027381896973,10.573199272155762,1.7444236278533936,1.5461807250976562,1.1746940612792969,-12.856273651123047,1.8940167427062988,-4.1794257164001465,-1.3251922130584717,-3.561795234680176,-1.9880481958389282,-6.186302661895752,0.5829746127128601,-3.6443190574645996,0.5215407013893127,-6.965288162231445,-6.490515232086182,32380.673828125,4169.58447265625,1025.616455078125,517.5667114257812,469.111572265625,200.9249725341797,155.4528045654297,115.73892211914062,196.6586456298828,97.71834564208984,127.85143280029297,59.076019287109375,65.87853240966797,54.986568450927734,59.55986404418945,34.556827545166016,46.83113479614258,34.26930618286133,48.31318664550781,40.14257049560547,2925.13427141253,2237204.419454598,0.1699904116838338,0.017292474532761917,0.06175258010625839,0.0034450115635991096,Korean
431,-324.71893310546875,60.39922332763672,3.67878794670105,6.5668230056762695,11.16264820098877,4.6064605712890625,0.05853058397769928,2.853820562362671,-10.346015930175781,1.24764084815979,0.22937239706516266,-3.3062586784362793,-5.504863262176514,-1.56851065158844,-4.39816427230835,0.11830728501081467,-5.568413257598877,0.8407048583030701,-4.491329193115234,-4.986695289611816,33695.88671875,4304.609375,718.8555908203125,444.5472412109375,519.5153198242188,176.6249542236328,173.15403747558594,91.66316223144531,186.48570251464844,95.36238098144531,134.5419464111328,61.61466598510742,73.74901580810547,61.810176849365234,57.08549499511719,40.95866394042969,61.928592681884766,39.468807220458984,39.665225982666016,40.96769332885742,2994.5979118626014,2307543.426996576,0.17445521236281036,0.017509928485978626,0.055783990770578384,0.003260775236412883,Korean
432,-304.0255432128906,63.78355407714844,0.09372604638338089,8.306558609008789,10.813552856445312,1.168751835823059,2.361910581588745,0.20980261266231537,-11.081719398498535,1.6853618621826172,-4.796550273895264,-1.2932250499725342,-4.055741786956787,-1.2381229400634766,-5.63817024230957,-0.6863335967063904,-4.100423336029053,0.8206209540367126,-6.493232250213623,-6.471508502960205,32908.5234375,4613.92919921875,851.7457275390625,559.5615844726562,483.7646789550781,211.92396545410156,188.21176147460938,115.58458709716797,171.3343963623047,91.00534057617188,126.72618103027344,57.581172943115234,66.24693298339844,55.37979507446289,55.557151794433594,32.014747619628906,41.31119155883789,34.09138870239258,44.93752670288086,38.05089569091797,2959.216709210174,2486550.6742747086,0.17761143524082978,0.019196576286847847,0.06234145537018776,0.003380133304744959,Korean
433,-306.3935852050781,66.5963134765625,4.4462971687316895,10.655177116394043,10.132124900817871,1.0093761682510376,4.747775077819824,-1.3495609760284424,-9.49843978881836,3.613779306411743,-4.22528076171875,-0.6863504648208618,-4.6329851150512695,-0.19060833752155304,-6.147761344909668,-1.1052987575531006,-2.726109743118286,1.0502134561538696,-7.102565288543701,-6.492074012756348,29442.16796875,4173.2041015625,779.3644409179688,554.1387329101562,473.25616455078125,227.94105529785156,174.8162384033203,121.1003646850586,157.2082061767578,90.52558898925781,120.4030990600586,61.343082427978516,67.50994873046875,55.43152618408203,49.02293395996094,31.11431121826172,33.52701950073242,31.034996032714844,44.29167556762695,33.94904708862305,2807.9351923617587,2263119.1560641183,0.15913949186593493,0.01784040643884375,0.06057891249656677,0.0032429061830043793,Korean
434,-324.0205383300781,56.97678756713867,-1.614356279373169,10.666354179382324,7.809699535369873,0.9170790314674377,3.001819372177124,-2.387547016143799,-9.616500854492188,2.561760187149048,-3.6753034591674805,-0.4714577794075012,-3.5394506454467773,-0.0644119456410408,-6.9962592124938965,-0.6577709913253784,-2.045818328857422,1.4101089239120483,-6.379635810852051,-6.49861478805542,34921.23046875,4609.14111328125,772.2960205078125,576.0889282226562,404.9808349609375,219.7113494873047,181.73316955566406,120.45671844482422,136.97454833984375,83.44143676757812,129.73272705078125,53.79931640625,61.40199279785156,49.12602996826172,54.12422561645508,29.607765197753906,32.48039627075195,30.20890998840332,39.39798355102539,37.60080337524414,3083.9123004119665,2476017.5162833706,0.19239730733551175,0.02001245739199882,0.053627196699380875,0.0030323348473757505,Korean
435,-312.0321960449219,62.3902473449707,5.541619777679443,7.790444850921631,12.274081230163574,2.4898886680603027,-0.17843395471572876,2.089939594268799,-10.671399116516113,2.8085215091705322,-2.7544517517089844,-1.6399484872817993,-4.3654913902282715,-1.1152907609939575,-5.790732383728027,-0.3717867136001587,-4.554751873016357,1.4532833099365234,-5.0309648513793945,-6.442198753356934,32828.2734375,4367.52490234375,735.2117309570312,541.7691040039062,477.220458984375,165.93600463867188,170.39527893066406,108.42772674560547,185.6412353515625,99.63450622558594,139.14840698242188,55.47761917114258,68.99049377441406,67.7735595703125,58.677528381347656,37.913936614990234,45.79507064819336,36.55598068237305,39.666114807128906,43.10912322998047,3007.5518593524594,2553047.8466885886,0.1783435195938459,0.020435057220837705,0.059668201953172684,0.003193618031218648,Korean
436,-294.9233093261719,69.49314880371094,1.4502811431884766,10.05700397491455,12.389092445373535,1.7031259536743164,0.8291226625442505,-0.8587560057640076,-9.592987060546875,1.3490169048309326,-2.376332998275757,-0.8298923969268799,-4.848968982696533,-0.7540056109428406,-6.831778526306152,-0.5958225727081299,-3.6864140033721924,0.7199227213859558,-7.269431114196777,-6.321556091308594,32045.646484375,4350.42529296875,813.6529541015625,535.2129516601562,523.4129028320312,217.61282348632812,168.71067810058594,107.47264099121094,132.3064422607422,97.19812774658203,142.7403564453125,61.63536834716797,65.42188262939453,59.83454513549805,66.04200744628906,35.25730895996094,44.74773025512695,37.68230438232422,46.396522521972656,41.747310638427734,2843.6081204794923,2414659.4187664995,0.16785180445629733,0.020141178652973272,0.06393435597419739,0.003103103255853057,Korean
437,-298.5651550292969,65.9078369140625,4.218224048614502,12.26482105255127,13.039617538452148,1.6838185787200928,2.091541290283203,-1.541361927986145,-11.103954315185547,2.2243247032165527,-5.153197288513184,-0.5375258326530457,-5.2220282554626465,-1.1277968883514404,-6.844715118408203,-0.4498104751110077,-2.91481351852417,0.4366498589515686,-6.776015758514404,-6.520148754119873,31323.646484375,4296.8544921875,783.6714477539062,597.6464233398438,448.5140686035156,222.72802734375,182.35536193847656,125.32263946533203,152.89022827148438,100.06490325927734,145.12060546875,67.50619506835938,66.22521209716797,65.21914672851562,62.57429504394531,33.33200454711914,37.02600860595703,32.214115142822266,44.71654510498047,39.15807342529297,2937.6421739411885,2632424.419976827,0.17195077081829666,0.02170590098806656,0.06396527588367462,0.0032674388494342566,Korean
438,-302.27508544921875,68.91568756103516,3.1872098445892334,9.695201873779297,9.718255043029785,1.5778162479400635,3.2578628063201904,-1.155091404914856,-10.98173713684082,2.0360355377197266,-4.6378631591796875,-1.0476208925247192,-4.946288108825684,-0.5950322151184082,-5.650652885437012,-0.5317507386207581,-2.7548422813415527,0.2957380414009094,-6.626012802124023,-6.496829032897949,29143.740234375,4916.38330078125,815.4672241210938,486.4015197753906,461.88616943359375,251.3409881591797,172.81138610839844,114.7502670288086,158.9957275390625,99.37158203125,116.89631652832031,69.30076599121094,66.66777801513672,61.75524139404297,43.99632263183594,31.35735321044922,31.391189575195312,32.014076232910156,43.91766357421875,34.883235931396484,2842.7068950695448,2602505.7398802945,0.1683933830870607,0.020665066144459808,0.06179234758019447,0.0032196873798966408,Korean
439,-312.6640625,65.3667221069336,1.092284917831421,9.564903259277344,8.587869644165039,1.578101634979248,3.2951269149780273,-2.450079917907715,-9.354846000671387,1.0995365381240845,-3.630943536758423,-1.1311897039413452,-3.7608096599578857,-0.8530431985855103,-6.013164520263672,-0.7897253632545471,-2.342876672744751,0.6061118841171265,-7.032666206359863,-6.745163917541504,32097.826171875,4424.041015625,667.3353271484375,522.7899169921875,442.3510437011719,204.83209228515625,164.2102508544922,124.7138900756836,144.67626953125,99.0427474975586,127.9395751953125,53.93622589111328,58.43659591674805,59.718360900878906,51.03352737426758,28.967605590820312,32.1444091796875,34.292747497558594,41.119712829589844,37.81950378417969,2930.0786927229683,2466368.828044129,0.17644369526273884,0.019165450422050943,0.056818559765815735,0.0030561548192054033,Korean
440,-315.3343505859375,64.73767852783203,7.2325758934021,9.2288236618042,12.470383644104004,2.3955588340759277,2.404041290283203,4.10648775100708,-10.34614372253418,3.188265800476074,-5.940258502960205,-1.4015034437179565,-3.3451621532440186,0.681795060634613,-2.2485389709472656,2.2734787464141846,-4.712733745574951,-0.7080081105232239,-6.795424938201904,-6.5201263427734375,30172.154296875,4744.55908203125,669.927001953125,557.529541015625,574.7483520507812,210.32652282714844,176.4801483154297,106.67391967773438,163.60133361816406,91.61415100097656,134.2615509033203,53.01571273803711,64.21476745605469,46.018470764160156,39.84148406982422,38.939815521240234,58.58393859863281,34.69010543823242,50.70675277709961,40.88022994995117,2582.4228885638254,2334601.2027002275,0.14984837375653134,0.017110714249681785,0.0600847564637661,0.0037396783009171486,Korean
441,-299.82562255859375,63.47747039794922,5.254090309143066,8.825308799743652,11.099763870239258,3.0708255767822266,2.7849082946777344,1.975044846534729,-8.466795921325684,2.3974647521972656,-5.870697975158691,-1.4315738677978516,-3.3516504764556885,0.860279381275177,-1.7380794286727905,1.6691690683364868,-3.9491376876831055,-0.6836346983909607,-5.828694820404053,-6.599968433380127,23842.12109375,4620.99853515625,667.9422607421875,482.15179443359375,515.9168090820312,178.18197631835938,169.2429656982422,104.18714904785156,146.5441131591797,88.6337661743164,133.01531982421875,52.56351852416992,61.25149154663086,42.82012939453125,36.948028564453125,32.55701446533203,41.73237991333008,35.770896911621094,43.8388786315918,41.4970703125,2481.6002404987353,1988154.226836935,0.13944141868148868,0.013983740382899842,0.05706257373094559,0.0033875550143420696,Korean
442,-322.4645080566406,65.01742553710938,1.393042802810669,6.16272497177124,9.935432434082031,2.8831164836883545,4.5401153564453125,0.06445259600877762,-9.242302894592285,2.313477039337158,-4.43072509765625,0.09590105712413788,-2.223776340484619,-0.0437905490398407,-2.1537728309631348,1.7870374917984009,-3.87766432762146,-1.3903162479400635,-6.588313579559326,-5.975184440612793,30691.052734375,4218.20703125,613.8745727539062,453.42572021484375,464.1883544921875,197.88922119140625,168.43978881835938,104.93885040283203,175.44747924804688,84.19458770751953,141.32229614257812,47.44514083862305,51.02101135253906,46.0904541015625,39.10075759887695,29.634267807006836,46.857486724853516,37.29690170288086,50.61774826049805,43.60176086425781,2360.1713113260676,1598817.94837934,0.12262369791666666,0.010039704561797159,0.06165686994791031,0.004712332040071487,Korean
443,-291.69903564453125,67.92801666259766,-1.9326778650283813,8.078269958496094,12.384605407714844,1.461987018585205,3.9111385345458984,-1.4471049308776855,-9.724535942077637,1.1802716255187988,-4.765056610107422,-1.8197416067123413,-3.3083434104919434,0.6967288255691528,-2.4809439182281494,1.4493999481201172,-5.174649715423584,-1.5860157012939453,-8.083757400512695,-7.368045330047607,27405.408203125,4841.197265625,736.0739135742188,493.58599853515625,462.5119934082031,205.8631591796875,145.7000732421875,127.92475128173828,177.97982788085938,102.76653289794922,124.91120147705078,52.09880828857422,61.991031646728516,47.214298248291016,40.11722946166992,36.97710037231445,55.38813018798828,41.437171936035156,53.022098541259766,43.570987701416016,2405.6233442311277,2060289.2249739827,0.13468685056188423,0.014573201130694224,0.07193002104759216,0.005164911970496178,Korean
444,-299.04931640625,68.55476379394531,-4.842056751251221,5.71250581741333,8.517677307128906,1.5456558465957642,3.8608062267303467,0.45935553312301636,-8.635519981384277,1.2090697288513184,-3.336026906967163,-1.3502167463302612,-2.75892972946167,-0.36279037594795227,-2.758911371231079,2.3760318756103516,-4.24599027633667,-2.1154046058654785,-8.044968605041504,-7.009201526641846,31426.35546875,4708.2939453125,809.634765625,478.1295471191406,484.0569763183594,215.03082275390625,171.64170837402344,124.25082397460938,164.86781311035156,100.67450714111328,126.00894165039062,65.05342864990234,64.49034118652344,45.983394622802734,39.92902374267578,36.31167984008789,48.657039642333984,37.376380920410156,55.919960021972656,43.78725051879883,2310.323806447314,1826278.2534100646,0.13134681059490821,0.012646905930044784,0.07081156969070435,0.005236854776740074,Korean
445,-308.1020202636719,60.23965835571289,-0.5463400483131409,9.568881034851074,11.460644721984863,0.44765424728393555,2.5047647953033447,2.123539447784424,-8.39363956451416,2.473731517791748,-3.9985454082489014,-1.90948486328125,-2.7079546451568604,-0.6348894238471985,-2.771057367324829,1.6707998514175415,-4.401864051818848,-0.857123851776123,-7.231913089752197,-6.3247175216674805,30332.099609375,4841.19970703125,652.5892944335938,509.3807373046875,479.02655029296875,217.28367614746094,145.6332550048828,104.10713195800781,173.25775146484375,96.79084777832031,135.8831787109375,57.74787902832031,57.56391906738281,41.32063674926758,37.5084342956543,35.61165237426758,46.782230377197266,35.89692687988281,55.517127990722656,43.12248229980469,2404.1037872371626,2081568.4435032012,0.1342584386058493,0.013251903094742183,0.06603492796421051,0.00511307455599308,Korean
446,-302.7355651855469,67.81503295898438,4.097701549530029,6.774960517883301,12.81926441192627,2.9595351219177246,1.5888774394989014,1.6847437620162964,-9.396537780761719,1.7041398286819458,-2.2866315841674805,-2.769674301147461,-2.6630048751831055,0.6510782837867737,-2.2638165950775146,1.4940110445022583,-4.335272312164307,0.2315165251493454,-7.869786262512207,-6.789570331573486,28021.384765625,4532.197265625,631.2921142578125,456.6810607910156,521.8727416992188,177.7696075439453,157.57066345214844,106.7986831665039,157.8125762939453,113.4305191040039,129.81280517578125,52.516056060791016,57.697383880615234,46.07321548461914,38.68710708618164,34.67916488647461,48.60606002807617,37.25906753540039,56.967620849609375,44.41771697998047,2389.168983451343,1973926.3121324673,0.13133307220956167,0.013280526781577408,0.06135610118508339,0.0038643120788037777,Korean
447,-307.20635986328125,68.46808624267578,4.643094062805176,8.384713172912598,12.514493942260742,3.1827189922332764,1.833604335784912,0.9964908361434937,-8.788206100463867,2.595707893371582,-3.9662489891052246,-1.0348795652389526,-4.018795013427734,0.9135550260543823,-2.236524820327759,0.8970253467559814,-4.826016902923584,-0.7800846695899963,-6.455898284912109,-5.82804012298584,32880.5234375,4978.74560546875,588.7554931640625,473.9419860839844,511.5781555175781,168.9573516845703,159.19300842285156,127.08220672607422,142.3819122314453,92.73267364501953,132.69618225097656,55.08122634887695,57.69408416748047,42.87872314453125,37.03697967529297,34.308319091796875,49.58927917480469,35.80184555053711,48.114627838134766,40.5146598815918,2408.908245012509,2120130.9289370994,0.1383050547264975,0.014843400350451693,0.06436869502067566,0.0039540608413517475,Korean
448,-287.66156005859375,72.97850036621094,7.650511264801025,9.276079177856445,9.938755989074707,3.387695789337158,3.7476441860198975,-2.9988949298858643,-7.051044464111328,1.0080429315567017,-2.235551118850708,-0.09461311995983124,-6.219436168670654,0.6666582822799683,-4.364084243774414,1.7678145170211792,-4.651494026184082,-1.8969557285308838,-4.180556774139404,-2.729670524597168,28751.837890625,4572.4453125,698.31103515625,525.7223510742188,531.94482421875,212.26670837402344,181.07049560546875,133.01734924316406,121.47181701660156,89.60399627685547,116.5712661743164,64.85621643066406,67.56781005859375,54.653812408447266,46.234169006347656,32.26947021484375,37.45252227783203,34.176971435546875,34.9218635559082,24.650144577026367,2426.682803969088,2147778.7602270246,0.13657579091045075,0.01436266017514792,0.06927909702062607,0.004222802352160215,Korean
449,-290.10467529296875,70.99552917480469,7.557751178741455,11.645567893981934,12.461978912353516,3.38639235496521,4.068485260009766,-0.1844959855079651,-9.044646263122559,2.4994382858276367,-2.8408520221710205,-0.9161118268966675,-5.851948261260986,0.23293235898017883,-4.8755292892456055,2.382115602493286,-5.056827068328857,-2.3241424560546875,-4.173672676086426,-2.9207968711853027,27769.798828125,4716.5751953125,666.4649047851562,516.7628173828125,520.0702514648438,207.79873657226562,184.64535522460938,114.44097137451172,146.5234375,105.73407745361328,113.63056945800781,59.03564453125,71.56289672851562,50.734432220458984,44.65340805053711,39.95637893676758,38.58303451538086,37.326534271240234,39.39645767211914,26.3065242767334,2440.558484605044,2191897.332879895,0.13367706399546206,0.01513379207033596,0.06544306129217148,0.003606918966397643,Korean
450,-343.90863037109375,75.52357482910156,8.502305030822754,19.77477264404297,24.740398406982422,0.29369544982910156,0.8108784556388855,7.649693489074707,-8.649970054626465,-1.4918982982635498,-8.715145111083984,1.9343277215957642,-5.102363109588623,10.088515281677246,0.5070798993110657,-5.499030113220215,-3.1615400314331055,-0.455746591091156,-9.9639253616333,-5.961786270141602,20927.234375,3570.39111328125,874.9031372070312,713.832275390625,408.1449279785156,184.4940643310547,203.77035522460938,101.75953674316406,173.14657592773438,134.33740234375,116.66361999511719,77.17811584472656,134.79367065429688,71.30831909179688,69.5624008178711,77.904052734375,56.54520034790039,65.0892562866211,84.03683471679688,81.84961700439453,2120.5549067187176,2321973.4587172717,0.09952552061935087,0.01494045169560005,0.06111517548561096,0.002575827296823263,Korean
451,-344.0743713378906,71.2912826538086,12.002568244934082,22.737945556640625,25.747955322265625,1.8987815380096436,-0.44379788637161255,7.732186317443848,-7.020818710327148,-1.2815169095993042,-7.59783411026001,2.5580391883850098,-4.0268449783325195,9.608419418334961,-0.26567912101745605,-6.8465962409973145,-0.9040206074714661,-1.6476163864135742,-9.987967491149902,-2.811223268508911,22751.419921875,3224.6103515625,788.3333740234375,738.01318359375,396.76947021484375,181.9677734375,187.3504180908203,92.75084686279297,174.82257080078125,131.7489776611328,106.14189147949219,67.88335418701172,117.21449279785156,67.63862609863281,68.82733154296875,104.2582015991211,56.739768981933594,60.14208984375,99.35096740722656,76.79142761230469,2134.9744326174628,2378606.835122213,0.0968817988528481,0.014888134177777972,0.05856068804860115,0.002347005531191826,Korean
452,-348.8818664550781,67.44226837158203,9.776287078857422,24.600948333740234,22.655855178833008,2.574202537536621,1.6787307262420654,6.40785551071167,-4.916046142578125,-2.75848126411438,-6.5792341232299805,1.5828560590744019,-5.229073524475098,9.478272438049316,-0.6725050210952759,-8.542804718017578,-1.156331181526184,-1.9985730648040771,-9.969664573669434,-2.6689062118530273,24003.05078125,3375.711669921875,809.9938354492188,890.99609375,412.803466796875,171.7902374267578,155.05723571777344,104.50498962402344,147.54505920410156,133.17921447753906,97.86798095703125,72.31553649902344,115.00606536865234,65.9041976928711,64.70423126220703,109.71681213378906,55.24516677856445,65.11939239501953,100.30884552001953,66.93096160888672,2216.7211761582275,1999433.006904397,0.09974994369643553,0.012877437383246588,0.05856497958302498,0.0025216464418917894,Korean
453,-348.81451416015625,67.35240173339844,9.480937957763672,21.166275024414062,23.285240173339844,-2.7450015544891357,1.2074931859970093,6.232442855834961,-8.45646858215332,0.03566091135144234,-7.1715312004089355,4.936493873596191,-4.856736183166504,10.054390907287598,-1.6011263132095337,-5.436936378479004,-1.8629053831100464,-3.7519350051879883,-11.341377258300781,-5.387317657470703,23533.4765625,3547.4169921875,877.8326416015625,790.1517944335938,383.2928161621094,233.45765686035156,166.482666015625,99.64691162109375,171.38894653320312,117.79432678222656,135.7972412109375,85.43194580078125,134.21400451660156,74.25293731689453,71.88861083984375,83.70806121826172,54.553321838378906,70.9643325805664,99.84074401855469,75.17203521728516,2082.863432699796,2763523.3911833134,0.10585165859112933,0.01804239289154938,0.05901114642620087,0.002718079835176468,Korean
454,-338.48828125,70.85868835449219,10.42110824584961,20.306297302246094,23.572866439819336,-2.2010152339935303,-1.5142396688461304,7.31402587890625,-9.255948066711426,0.8111495971679688,-7.657267093658447,4.2330708503723145,-2.9113070964813232,8.715970039367676,-0.227196604013443,-4.155555248260498,-2.4241437911987305,-1.7907578945159912,-11.84875202178955,-4.923271656036377,24635.083984375,3722.313720703125,711.4989013671875,595.611572265625,342.9624328613281,214.8594207763672,175.46177673339844,101.52134704589844,219.9263458251953,108.65309143066406,143.5644989013672,81.3713607788086,117.78433990478516,61.37786102294922,66.45523071289062,82.96986389160156,60.75276565551758,71.39764404296875,112.02530670166016,86.14498138427734,2141.2418261703256,2442947.929346441,0.1059294201078869,0.01718090433846999,0.06581880152225494,0.003123590722680092,Korean
455,-312.4105529785156,80.61272430419922,6.648133754730225,19.72734832763672,22.988813400268555,-4.460147380828857,-1.4843577146530151,5.24533748626709,-11.11398696899414,-0.3962051272392273,-8.894965171813965,4.518193244934082,-6.2298502922058105,10.127030372619629,-1.3107537031173706,-5.954164505004883,-2.6911416053771973,-3.3861892223358154,-13.900995254516602,-5.110632419586182,19329.91015625,3793.148193359375,819.5657348632812,664.17919921875,360.94122314453125,211.68153381347656,171.70716857910156,122.13482666015625,182.00526428222656,119.44242095947266,122.70826721191406,92.8868179321289,123.32210540771484,71.41881561279297,64.5744857788086,94.30696105957031,56.40898895263672,70.758544921875,102.19196319580078,80.046875,2164.9354290778683,2421112.920511958,0.10799017507938352,0.017351675676755923,0.0707918033003807,0.002875302918255329,Korean
456,-308.177001953125,81.68531036376953,4.521050930023193,18.98003387451172,24.6634521484375,-3.989169120788574,-0.797288179397583,4.840327262878418,-11.069396018981934,-0.2857745885848999,-9.426240921020508,3.736767053604126,-6.3644938468933105,9.421135902404785,-0.8536375761032104,-7.1859002113342285,-1.7375478744506836,-2.3690121173858643,-14.322273254394531,-5.6100873947143555,18758.4375,3808.8232421875,852.0015258789062,641.2265014648438,341.3883972167969,244.5983123779297,200.1842803955078,105.94720458984375,181.3018035888672,128.04202270507812,123.3331069946289,85.88426208496094,118.57308197021484,65.52030181884766,71.26824188232422,85.88058471679688,57.63064193725586,66.4505386352539,100.09373474121094,72.41532897949219,2119.3031211206326,2474554.1693523116,0.10897048664170741,0.01777825949872654,0.06999650597572327,0.0026510050520300865,Korean
457,-301.1815185546875,75.43160247802734,8.454763412475586,23.931516647338867,24.377147674560547,-3.5865824222564697,-1.8349716663360596,5.483148097991943,-13.107011795043945,0.11252491176128387,-7.909911632537842,6.41175651550293,-4.404101371765137,9.382075309753418,-0.904971718788147,-6.128444671630859,-2.2607927322387695,-3.3302292823791504,-13.093287467956543,-5.003078460693359,18792.115234375,4002.75830078125,843.9347534179688,754.4488525390625,348.5356750488281,239.3869171142578,196.39540100097656,113.02692413330078,232.1276397705078,136.5635528564453,139.33155822753906,75.874267578125,112.11775207519531,57.99980163574219,71.04070281982422,87.5655288696289,56.3880615234375,63.537757873535156,89.03043365478516,81.69852447509766,2244.6532981968326,2878413.4776108772,0.11788601886721868,0.02062700793906729,0.07182043790817261,0.002639743033796549,Korean
458,-312.5820617675781,79.72504425048828,6.16939115524292,18.806074142456055,22.629236221313477,-3.9653048515319824,-0.08564898371696472,6.683673858642578,-12.173797607421875,0.7191165685653687,-9.327936172485352,5.390813827514648,-4.613805770874023,8.173382759094238,-1.3063799142837524,-6.843564987182617,-2.6222915649414062,-2.3487069606781006,-13.435847282409668,-5.317344665527344,20410.23828125,3908.363037109375,788.6713256835938,691.1441040039062,378.9234313964844,226.02642822265625,175.09390258789062,107.18677520751953,223.9290313720703,117.30734252929688,141.59690856933594,82.34711456298828,108.13088989257812,53.85432434082031,65.7493896484375,91.51001739501953,62.7723503112793,69.85578918457031,101.22510528564453,72.01482391357422,2055.8842219103176,2383253.445827101,0.09993554124233958,0.015666392285905953,0.07147085666656494,0.0030200951732695103,Korean
459,-306.8274841308594,83.59563446044922,11.092387199401855,23.8095703125,26.3438663482666,-4.534982204437256,-0.7413186430931091,6.967891216278076,-13.908916473388672,1.3389432430267334,-9.235002517700195,5.000006198883057,-4.8848466873168945,8.862431526184082,-0.13720883429050446,-7.5361809730529785,-3.2164418697357178,-3.922820806503296,-13.47390365600586,-4.878122329711914,18803.21875,3488.1875,906.3123779296875,843.0889282226562,375.54644775390625,229.12710571289062,174.10870361328125,115.2970199584961,231.9270477294922,131.7186279296875,139.41571044921875,84.67201232910156,118.58869934082031,68.56076049804688,74.26219177246094,89.00028228759766,64.19490814208984,63.596370697021484,89.89861297607422,75.10200500488281,2066.786895848606,2319845.394723134,0.09956063848499062,0.014605527474321627,0.07654113322496414,0.0030071691144257784,Korean
460,-311.2074890136719,78.33211517333984,13.603150367736816,23.168479919433594,25.67994499206543,-3.034775733947754,-2.4141037464141846,6.974678039550781,-14.956819534301758,0.49096354842185974,-10.080755233764648,5.617550849914551,-5.595357894897461,8.143928527832031,0.46010324358940125,-7.280970573425293,-1.124838948249817,-3.561999559402466,-12.794032096862793,-5.500652313232422,19821.48828125,3467.177734375,868.8697509765625,711.9637451171875,329.5544128417969,227.5224609375,187.35238647460938,112.1502456665039,294.213134765625,134.25022888183594,146.73976135253906,79.86405944824219,124.19193267822266,58.689334869384766,79.82598114013672,101.98908996582031,56.481685638427734,79.22840118408203,99.75896453857422,73.37531280517578,2096.418797702626,2477062.9000143944,0.10172824327689244,0.017841893343832304,0.07576607912778854,0.0029302448965609074,Korean
461,-304.0419921875,72.96651458740234,10.064249038696289,23.237607955932617,21.697641372680664,-3.649601936340332,-3.3099567890167236,5.31337308883667,-10.547951698303223,-0.6778346300125122,-9.840374946594238,3.8532445430755615,-7.458163738250732,8.27320671081543,-2.628113031387329,-8.83534049987793,-1.4766477346420288,-4.7411789894104,-12.169354438781738,-4.5686516761779785,20041.615234375,3890.3408203125,872.5426025390625,727.4813842773438,385.0909729003906,218.2812042236328,170.3980255126953,129.390625,189.20643615722656,123.42668914794922,130.98486328125,77.63705444335938,133.17294311523438,65.42448425292969,83.8245620727539,112.19596099853516,68.60596466064453,80.59208679199219,92.5897216796875,77.13624572753906,2343.654616363994,2663188.52084207,0.11670271598951228,0.018755381205689432,0.07681062072515488,0.002872979734092951,Korean
462,-312.14801025390625,78.62773132324219,8.554716110229492,18.80987548828125,23.583974838256836,-3.4614219665527344,-1.5847656726837158,5.460551738739014,-10.536253929138184,1.0693602561950684,-9.201146125793457,4.140365123748779,-5.3864569664001465,8.74453353881836,-0.6758567690849304,-7.402253150939941,-2.237643241882324,-3.7346460819244385,-12.653754234313965,-4.844926357269287,21151.8125,3460.3427734375,741.8689575195312,673.3204345703125,387.788330078125,218.68270874023438,181.96994018554688,107.5830307006836,189.69093322753906,130.58335876464844,139.80892944335938,79.71893310546875,121.3204574584961,63.94017028808594,67.97830963134766,92.22309112548828,69.73538970947266,77.04483795166016,95.41056823730469,70.84153747558594,2185.8404830306463,2366452.9219078347,0.1044429357036334,0.017353890934969456,0.07318256050348282,0.003093222388997674,Korean
463,-329.3719482421875,73.65019989013672,12.508484840393066,19.930255889892578,23.480636596679688,-4.3786516189575195,-1.3377981185913086,5.925809383392334,-12.90121841430664,1.0305674076080322,-8.618968963623047,4.435000419616699,-5.707821369171143,8.269322395324707,-0.4650779962539673,-7.05202054977417,-2.322582721710205,-4.813859939575195,-12.165811538696289,-4.477712631225586,22084.748046875,3548.6640625,835.546875,712.4049682617188,340.16650390625,236.10833740234375,176.28590393066406,103.486083984375,231.50401306152344,122.89579772949219,126.39773559570312,88.91847229003906,115.45691680908203,71.96823120117188,68.66613006591797,86.45599365234375,56.9641227722168,76.55084991455078,96.77685546875,69.68231964111328,2167.6086755914553,2543292.4099137485,0.1026071063643441,0.016674819101320935,0.0699562355875969,0.0030882873106747866,Korean
464,-322.6972961425781,76.02079010009766,12.02195930480957,20.269899368286133,25.450130462646484,-2.568603992462158,0.9039520621299744,8.259780883789062,-10.64829158782959,1.8229382038116455,-6.840804576873779,5.248067855834961,-4.053586006164551,9.535646438598633,-0.6191754937171936,-5.576373100280762,-3.467848777770996,-4.655489444732666,-12.620193481445312,-4.753357410430908,20984.203125,3317.560546875,846.8460083007812,728.1632690429688,354.11724853515625,258.4421691894531,219.17056274414062,109.93114471435547,228.3604736328125,119.10154724121094,133.48704528808594,82.09777069091797,119.43099212646484,68.08690643310547,78.0138168334961,82.95935821533203,57.928871154785156,73.35647583007812,93.99034118652344,72.36595916748047,2175.418919933379,2553283.288170686,0.10791032543962231,0.01755895956635339,0.06646807491779327,0.0028940588235855103,Korean
465,-327.779296875,76.32307434082031,15.634834289550781,20.62242889404297,26.150466918945312,-2.114224910736084,0.20111630856990814,8.029829025268555,-12.86051082611084,0.9701394438743591,-7.737349510192871,5.8123393058776855,-4.382625579833984,9.336793899536133,0.5697379112243652,-6.724330425262451,-2.087317705154419,-4.439974308013916,-11.767629623413086,-4.95098352432251,21984.693359375,3277.287109375,786.6578369140625,739.4886474609375,385.53265380859375,255.30389404296875,242.01226806640625,117.75848388671875,286.13311767578125,126.03315734863281,137.9519500732422,76.30467224121094,131.98138427734375,69.132568359375,74.6153793334961,97.60720825195312,51.10140609741211,75.83021545410156,90.02536010742188,74.53952026367188,2104.5837299421446,2365198.415494631,0.09863096061156763,0.016085696930315245,0.0688958689570427,0.003010437125340104,Korean
466,-335.1333312988281,76.6523666381836,13.617450714111328,20.050201416015625,25.174692153930664,-1.7452951669692993,-1.9513906240463257,5.443470001220703,-12.046378135681152,-0.32517701387405396,-7.600610733032227,4.677870750427246,-5.332006931304932,9.032781600952148,-0.29128047823905945,-7.264822959899902,-2.7364039421081543,-3.79459547996521,-12.15567398071289,-5.08657169342041,23292.8046875,3720.568359375,719.9218139648438,705.8010864257812,388.3861083984375,199.53514099121094,175.29348754882812,105.40901184082031,228.6724395751953,136.93544006347656,129.81834411621094,83.36575317382812,124.50119018554688,75.72579956054688,68.15508270263672,93.41365051269531,62.859771728515625,62.184364318847656,106.73150634765625,72.45124053955078,2129.501534305827,2410820.909908065,0.09829689799875453,0.01622886674986662,0.06827069818973541,0.002918436424806714,Korean
467,-326.0061950683594,73.6441650390625,10.994709014892578,21.842432022094727,26.86414909362793,-4.130289077758789,-1.3344776630401611,6.428297996520996,-9.765737533569336,0.5399928092956543,-7.334539890289307,5.090366363525391,-3.4534499645233154,10.84619140625,-1.715983271598816,-6.646876335144043,-2.283237934112549,-4.565144062042236,-13.198616027832031,-3.0316967964172363,22712.091796875,3084.989013671875,831.3251342773438,675.21826171875,367.72637939453125,238.1758270263672,172.39047241210938,108.76213073730469,204.677734375,126.45275115966797,121.49293518066406,82.68071746826172,106.64322662353516,74.30084228515625,73.68147277832031,90.88114166259766,60.23754119873047,64.68958282470703,115.6860122680664,59.86922073364258,2177.1770760213803,2410128.431726753,0.10353648540879017,0.015693932640746387,0.06489232182502747,0.0027992399409413338,Korean
468,-318.6039123535156,80.04976654052734,10.51848316192627,23.780323028564453,27.085044860839844,-5.210649013519287,-0.5013559460639954,8.099605560302734,-10.679426193237305,-0.367908775806427,-8.509514808654785,4.65489387512207,-4.049136638641357,9.449921607971191,0.3611622154712677,-5.511170864105225,-2.452265739440918,-3.9218673706054688,-12.597739219665527,-4.209160327911377,20190.591796875,2957.48388671875,827.7373657226562,710.0154418945312,393.3778991699219,259.998291015625,184.65487670898438,110.36827850341797,228.01927185058594,135.99053955078125,143.0241241455078,90.75770568847656,106.00284576416016,67.3178939819336,72.34618377685547,82.78070831298828,59.80183410644531,74.82878112792969,99.98640441894531,70.67255401611328,2007.3289684106107,2130760.709411013,0.09201606464262613,0.013668017501993082,0.07073204964399338,0.0031690560281276703,Korean
469,-317.6338195800781,79.76935577392578,11.621058464050293,21.078306198120117,26.013376235961914,-3.103400230407715,-0.7471606135368347,6.573785305023193,-11.997758865356445,1.3052738904953003,-8.30319595336914,4.270175933837891,-3.776864528656006,10.481703758239746,-1.0842125415802002,-8.297090530395508,-1.1528316736221313,-3.48968505859375,-12.090794563293457,-4.384711742401123,20674.3984375,2958.106689453125,920.5647583007812,756.0523071289062,339.70843505859375,243.9733123779297,190.7086944580078,115.21134185791016,261.01373291015625,143.2590789794922,141.87965393066406,81.0113296508789,122.13197326660156,72.9937973022461,80.04647064208984,104.06477355957031,61.631839752197266,70.16456604003906,96.85653686523438,67.39550018310547,2055.4114587108816,2086581.7040393369,0.0958055010757128,0.013776447293098477,0.07072512060403824,0.0029406046960502863,Korean
470,-319.644775390625,77.88226318359375,10.42599105834961,11.293923377990723,-3.7543323040008545,-10.732234001159668,-0.24254834651947021,-9.393980026245117,-12.042279243469238,-6.418750286102295,-16.324954986572266,-9.642790794372559,-6.696369647979736,-4.7843451499938965,-11.252046585083008,-11.543998718261719,-8.470012664794922,-12.251012802124023,-12.436925888061523,-4.028728485107422,17239.072265625,3812.439208984375,995.1297607421875,870.529541015625,297.3368225097656,378.049072265625,203.54100036621094,202.4746551513672,154.3854522705078,165.73204040527344,144.64002990722656,80.96747589111328,65.2440185546875,70.09718322753906,78.64627838134766,85.94722747802734,54.24055099487305,66.20946502685547,69.08702087402344,51.680233001708984,2185.669981824537,2632520.716556624,0.10914496202175544,0.01621776888769986,0.08807407319545746,0.005503360647708178,Korean
471,-312.4112854003906,68.81743621826172,10.13089656829834,17.616985321044922,-4.957706451416016,-10.58585262298584,-0.6068164110183716,-8.668328285217285,-11.158817291259766,-6.9968180656433105,-16.58823585510254,-8.766653060913086,-7.569286823272705,-3.8647727966308594,-10.733911514282227,-11.817530632019043,-8.885461807250977,-12.038359642028809,-11.617403030395508,-4.334775447845459,17850.759765625,3615.035400390625,1042.2327880859375,874.75,260.625244140625,364.63909912109375,189.4168243408203,182.27601623535156,152.67794799804688,154.3048553466797,141.64723205566406,85.42897033691406,68.79389953613281,74.59295654296875,69.72542572021484,77.18999481201172,56.05274963378906,58.94475173950195,54.945560455322266,41.73505401611328,2323.831871523562,2639163.739718136,0.11521832735182792,0.017170496148492864,0.09085160493850708,0.005761437583714724,Korean
472,-308.2812194824219,67.89952087402344,10.195743560791016,19.6427059173584,-4.918069839477539,-12.281227111816406,1.5707406997680664,-10.215110778808594,-9.998858451843262,-7.828545093536377,-15.823062896728516,-9.600707054138184,-7.798248291015625,-5.258685111999512,-10.080223083496094,-11.646042823791504,-7.936058521270752,-11.532268524169922,-12.274003982543945,-4.256258964538574,17700.099609375,3697.685546875,947.8853759765625,1012.2017211914062,259.524169921875,438.2870178222656,206.484130859375,189.5187530517578,147.6611328125,140.44680786132812,145.5746612548828,80.37059783935547,64.48028564453125,75.21145629882812,72.21587371826172,85.87277221679688,62.383445739746094,59.19563674926758,60.79755401611328,51.66812515258789,2309.316632610379,2633730.9321073988,0.11460497424860669,0.01784427608053695,0.09853249043226242,0.006749772932380438,Korean
473,-305.4313659667969,74.35693359375,7.069777965545654,20.541526794433594,-4.382652759552002,-14.471766471862793,0.35919612646102905,-9.270423889160156,-10.204191207885742,-9.53897762298584,-16.871826171875,-9.928132057189941,-7.275874614715576,-6.084843158721924,-9.947376251220703,-12.535258293151855,-7.876603603363037,-12.134775161743164,-12.425817489624023,-3.805302381515503,17162.0,3533.4765625,1002.2023315429688,907.7084350585938,256.15765380859375,417.54083251953125,169.70193481445312,185.5421905517578,149.8713836669922,138.34400939941406,134.43116760253906,76.31836700439453,62.79505920410156,73.779296875,74.86676025390625,86.9410171508789,57.79503631591797,59.219993591308594,62.68720626831055,54.44564437866211,2155.2519192098353,2442514.4387479145,0.10645206629672897,0.015109611626047889,0.10398492217063904,0.007404028438031673,Korean
474,-316.3544616699219,69.15354919433594,8.683022499084473,19.29052734375,-3.286539316177368,-13.605257987976074,2.213343858718872,-10.445003509521484,-9.791990280151367,-9.466517448425293,-15.791404724121094,-10.59455680847168,-6.974060535430908,-6.388850688934326,-9.262613296508789,-12.333283424377441,-7.6132612228393555,-10.812106132507324,-13.427067756652832,-3.212049722671509,17979.55078125,3806.167724609375,1018.2086181640625,1057.6058349609375,287.7464294433594,424.8186340332031,220.06390380859375,191.0281982421875,156.22377014160156,134.49319458007812,120.51404571533203,86.98397827148438,60.57138442993164,77.6423110961914,68.03594207763672,82.60201263427734,54.48088836669922,54.566898345947266,63.799678802490234,56.45231246948242,2341.8184429288617,2965892.2367636412,0.11886634744623656,0.020139020939603236,0.09844302386045456,0.0067521315068006516,Korean
475,-315.5887451171875,68.11653900146484,5.4489312171936035,18.779985427856445,-3.8778674602508545,-12.778656959533691,2.2890655994415283,-8.861186027526855,-9.786855697631836,-8.812582969665527,-15.758318901062012,-9.261985778808594,-7.235152244567871,-5.936129570007324,-9.201038360595703,-12.151103973388672,-7.327761173248291,-11.185757637023926,-12.266582489013672,-2.821930408477783,19324.25390625,3453.343505859375,1080.4222412109375,857.5164794921875,258.51812744140625,427.0006408691406,197.38418579101562,184.14376831054688,163.26805114746094,129.35092163085938,128.7890625,84.83352661132812,66.59247589111328,65.09661865234375,81.86898803710938,85.77218627929688,54.59346008300781,64.56282806396484,67.03990173339844,55.890159606933594,2350.2299227095473,2510905.1098549636,0.11832104221921126,0.01753344009265226,0.09314113855361938,0.006600771099328995,Korean
476,-333.6778259277344,76.74275207519531,1.9719094038009644,14.352893829345703,-0.8723360896110535,-10.537117958068848,1.116370439529419,-7.142678260803223,-11.532831192016602,-8.203224182128906,-13.642505645751953,-14.283904075622559,-5.739617347717285,-3.6463494300842285,-9.616426467895508,-12.580183982849121,-8.201400756835938,-10.480941772460938,-12.532742500305176,-5.771468162536621,17452.037109375,4218.708984375,1231.300537109375,927.0947265625,332.84454345703125,428.03466796875,201.49459838867188,160.457763671875,164.59214782714844,139.11819458007812,147.0354766845703,149.4788818359375,54.1837272644043,67.60539245605469,74.16352844238281,86.38691711425781,53.94438552856445,53.55971908569336,64.88040924072266,53.789119720458984,2205.311007918468,2710422.3762766253,0.11749924730582043,0.01760858754361665,0.08893917500972748,0.006436062511056662,Korean
477,-309.89654541015625,73.99568939208984,4.9625325202941895,15.254125595092773,-4.438887596130371,-8.854181289672852,2.9366393089294434,-9.297964096069336,-8.399959564208984,-9.138500213623047,-15.92470932006836,-11.329300880432129,-6.616341590881348,-6.410715579986572,-10.480382919311523,-12.87022876739502,-7.637595176696777,-10.708745956420898,-13.335925102233887,-3.3374102115631104,17756.462890625,3850.447998046875,1105.5372314453125,905.8324584960938,303.4750061035156,410.7339172363281,192.79544067382812,219.16847229003906,135.90090942382812,137.6060028076172,122.3536148071289,87.66719055175781,64.4897689819336,80.01344299316406,74.35153198242188,86.48665618896484,55.62930679321289,56.36908721923828,66.73003387451172,60.882362365722656,2198.447904572054,2595809.898358196,0.11012013332902892,0.01653505389945737,0.10360165685415268,0.007542160805314779,Korean
478,-308.2549133300781,70.02127075195312,5.919422626495361,18.14866065979004,-5.386585712432861,-12.226913452148438,1.4950979948043823,-9.013325691223145,-9.197151184082031,-8.326602935791016,-16.577884674072266,-10.321073532104492,-8.130128860473633,-5.494752407073975,-10.713592529296875,-11.245676040649414,-7.055244445800781,-12.15364933013916,-11.620121955871582,-4.184593677520752,17737.2578125,3552.9267578125,1042.8741455078125,943.49755859375,296.00946044921875,346.0617980957031,176.74639892578125,190.40158081054688,150.12269592285156,125.868896484375,143.59242248535156,78.51890563964844,56.68098831176758,75.66099548339844,76.9975357055664,78.97908020019531,55.52291488647461,66.701171875,56.63642501831055,48.358741760253906,2257.9772013003676,2599641.6185528426,0.11450853534773284,0.017640724832242907,0.1027475968003273,0.007744115777313709,Korean
479,-298.1679382324219,75.68028259277344,5.5719475746154785,18.265579223632812,-4.745302200317383,-12.08299732208252,2.2763991355895996,-9.893023490905762,-9.335782051086426,-10.344101905822754,-16.234128952026367,-11.13277530670166,-9.839397430419922,-4.468111515045166,-11.85255241394043,-10.628754615783691,-8.020529747009277,-10.877437591552734,-11.090877532958984,-3.3095760345458984,17454.861328125,3747.734130859375,1083.2113037109375,949.0502319335938,303.65936279296875,386.40765380859375,192.43943786621094,191.26942443847656,145.06983947753906,124.61141204833984,131.74618530273438,84.30970764160156,68.36368560791016,74.05943298339844,80.16390991210938,65.74707794189453,54.07931137084961,54.00522994995117,57.62568664550781,46.395904541015625,2137.2011979530594,2374934.015614049,0.10357824486132966,0.01504687285554351,0.11417511850595474,0.009049244225025177,Korean
480,-320.8431091308594,76.896728515625,10.75676155090332,18.29341697692871,22.35982894897461,-1.478014588356018,-1.6295437812805176,5.349847316741943,-14.402901649475098,0.7146000862121582,-8.101983070373535,2.9274685382843018,-7.423048496246338,8.227420806884766,-3.516221046447754,-8.369871139526367,-1.809100866317749,-3.6124749183654785,-12.019801139831543,-4.314039707183838,18871.1640625,3875.33349609375,1115.8902587890625,930.3525390625,469.67266845703125,272.4469299316406,262.2978210449219,121.23214721679688,221.03292846679688,143.2300262451172,116.5739517211914,105.02782440185547,134.93519592285156,72.76456451416016,79.59479522705078,100.75004577636719,69.67472839355469,69.73934936523438,94.51630401611328,74.70822143554688,2335.007970312587,2724688.7348006363,0.12971979607009437,0.021050131002642202,0.06586802005767822,0.0023335518781095743,Korean
481,-316.6390686035156,80.88007354736328,11.313823699951172,17.387216567993164,23.292800903320312,-3.885996103286743,-2.7685818672180176,4.8653340339660645,-15.079703330993652,2.522891044616699,-8.783072471618652,1.8470500707626343,-7.60213565826416,8.224780082702637,-3.8239941596984863,-8.943487167358398,-3.1499760150909424,-4.497201442718506,-13.700528144836426,-5.138670444488525,16988.345703125,3429.1572265625,1125.751953125,800.37255859375,429.7074890136719,235.3466339111328,254.61874389648438,114.02268981933594,207.75376892089844,136.94920349121094,99.91593933105469,107.68136596679688,130.9584197998047,81.77616882324219,74.43561553955078,90.87845611572266,72.18685150146484,67.4493637084961,87.7133560180664,77.47277069091797,2303.5088466708767,2834279.0278697237,0.12648958046530837,0.02019025272987055,0.06936106085777283,0.00251184799708426,Korean
482,-331.0826416015625,67.97583770751953,7.829902648925781,22.418333053588867,23.891328811645508,2.4153668880462646,-0.8301314115524292,8.644824981689453,-5.956001281738281,-0.34953850507736206,-7.666652202606201,2.355386257171631,-3.1191203594207764,10.146764755249023,-0.1942995935678482,-6.624268531799316,-2.897171974182129,-2.04765248298645,-10.516873359680176,-2.7091245651245117,23186.875,3747.869384765625,874.3220825195312,778.684326171875,384.2722473144531,189.18800354003906,174.17849731445312,105.51461029052734,178.359619140625,132.5667266845703,124.53829193115234,66.94864654541016,114.60324096679688,60.71684265136719,64.30426025390625,96.40064239501953,52.81039047241211,82.65511322021484,97.1222152709961,74.21420288085938,2393.1544421396766,2619114.275145094,0.11784262219470279,0.018841185675015852,0.06404660642147064,0.002828034572303295,Korean
483,-326.1281433105469,74.05032348632812,4.46105432510376,18.96288299560547,22.331207275390625,5.1923112869262695,2.5952577590942383,8.39100456237793,-4.961991786956787,-0.5161131024360657,-7.401573181152344,2.7946865558624268,-3.8149161338806152,11.815885543823242,-0.7104443311691284,-7.756063461303711,-2.972398281097412,-1.1550766229629517,-10.020482063293457,-3.402628183364868,22013.037109375,3116.65283203125,897.3016357421875,754.884033203125,357.27337646484375,179.7017822265625,180.91944885253906,111.91729736328125,165.02415466308594,143.18466186523438,108.5898666381836,69.38336944580078,134.00198364257812,72.85795593261719,75.88823699951172,105.03792572021484,57.320796966552734,72.54833221435547,85.66265869140625,69.57902526855469,2299.697137438859,2095599.5708256327,0.10887759199766354,0.014107275857655002,0.061352018266916275,0.0026518984232097864,Korean
484,-319.82220458984375,79.14434051513672,7.470658302307129,17.80774688720703,23.058460235595703,4.431641101837158,3.425426721572876,8.53586196899414,-6.442297458648682,-0.32507431507110596,-8.078243255615234,3.097440481185913,-4.018942832946777,10.71585464477539,-1.5108705759048462,-9.957356452941895,-2.951519250869751,-2.6273109912872314,-10.168388366699219,-2.67854380607605,19272.21875,3178.206298828125,966.187744140625,793.4627685546875,377.2928466796875,187.21688842773438,202.91043090820312,105.42171478271484,173.90042114257812,134.960693359375,111.13219451904297,67.90557098388672,132.0913543701172,62.648502349853516,67.89180755615234,110.81896209716797,51.36689758300781,78.78117370605469,82.67807006835938,63.104095458984375,2226.8319851273905,2427669.731183435,0.10836650307832055,0.017470415186672698,0.06540469825267792,0.002690497087314725,Korean
485,-357.6390380859375,72.16252899169922,8.26679801940918,17.23348617553711,21.742786407470703,5.784188270568848,1.4537689685821533,6.818534851074219,-4.528319358825684,-0.8749595880508423,-7.214310646057129,2.7411043643951416,-4.568026065826416,10.74286937713623,-0.5780340433120728,-7.863075256347656,-1.2617902755737305,-3.799643039703369,-9.39615249633789,-2.5876309871673584,24226.830078125,3255.792236328125,845.695068359375,692.5587768554688,406.0251770019531,170.90541076660156,163.51617431640625,97.9881362915039,175.51255798339844,103.55690002441406,117.33106231689453,69.15718841552734,135.58724975585938,69.90453338623047,59.3045768737793,108.44266510009766,50.3287467956543,86.83088684082031,86.18994903564453,60.058067321777344,2267.8261820284124,2215293.462591264,0.10421267083411742,0.012837606693449227,0.05812033638358116,0.0028588499408215284,Korean
486,-341.88671875,67.24308013916016,8.176604270935059,16.818777084350586,21.411169052124023,5.489217281341553,1.5968472957611084,7.642694473266602,-5.293010711669922,-0.8286002278327942,-5.286258220672607,3.4574053287506104,-2.7765402793884277,10.387372970581055,-0.9391059279441833,-7.436371326446533,-0.9570540189743042,-1.0904865264892578,-9.138838768005371,-1.553222417831421,23353.90234375,3586.934326171875,940.8286743164062,781.4619140625,408.32659912109375,207.36865234375,236.32022094726562,101.22856903076172,163.1571502685547,123.52499389648438,106.72535705566406,71.14826202392578,127.3743896484375,70.69609832763672,70.78179168701172,110.1026382446289,53.04435348510742,66.40748596191406,103.25759887695312,66.62281036376953,2453.4843350253373,2807050.4039163627,0.12095152128727064,0.02106837778292705,0.05305008590221405,0.0022041816264390945,Korean
487,-307.2433776855469,77.63018035888672,11.90190601348877,21.43603515625,21.884035110473633,-4.463961124420166,-2.9796361923217773,5.052537441253662,-13.962013244628906,0.01699938252568245,-9.255062103271484,2.966257095336914,-8.050491333007812,8.236425399780273,-3.5873706340789795,-8.293465614318848,-2.122234582901001,-4.47410249710083,-12.369355201721191,-4.5563812255859375,16740.0234375,3985.87158203125,1047.245361328125,953.6072387695312,469.7313232421875,235.06712341308594,242.24276733398438,135.80972290039062,218.8269805908203,145.7128448486328,113.46055603027344,108.00725555419922,136.4980010986328,75.7761001586914,81.4871597290039,94.45694732666016,62.44010925292969,67.45138549804688,80.86695861816406,78.89051055908203,2347.840706422723,2872684.5238096067,0.12901626035391567,0.02183934757566108,0.07082173973321915,0.0023059390950948,Korean
488,-313.35614013671875,84.79647827148438,12.632059097290039,19.06880760192871,24.667848587036133,-4.510950088500977,-3.4823808670043945,4.9044318199157715,-15.718498229980469,2.197613477706909,-8.594178199768066,1.9496443271636963,-7.79083251953125,8.878922462463379,-3.636640787124634,-9.178376197814941,-2.629277467727661,-4.238466739654541,-13.008769989013672,-5.471358776092529,16694.640625,3237.757080078125,1031.622802734375,781.9464721679688,431.0265808105469,243.4125213623047,248.67813110351562,124.17849731445312,213.2028045654297,149.21334838867188,114.59383392333984,116.33280944824219,132.501220703125,86.8486557006836,82.38904571533203,97.93096923828125,63.92337417602539,69.32117462158203,89.91642761230469,71.91991424560547,2220.577745224242,2626666.597777831,0.12162013048629003,0.020209300281830905,0.07174243777990341,0.002491285791620612,Korean
489,-304.39434814453125,85.5960693359375,11.970527648925781,19.707233428955078,23.431917190551758,-5.535628318786621,-3.3599274158477783,5.527287006378174,-15.953301429748535,1.4798710346221924,-9.206814765930176,2.641824245452881,-7.587151527404785,8.579532623291016,-4.01270866394043,-9.722774505615234,-2.2772226333618164,-5.1592864990234375,-13.414772033691406,-4.92875337600708,15852.0400390625,3261.743896484375,1093.6951904296875,950.0963745117188,448.5037536621094,227.041748046875,254.61109924316406,119.16946411132812,239.62295532226562,149.32862854003906,126.40775299072266,111.92475128173828,131.8233642578125,75.02995300292969,85.9536361694336,109.9262466430664,73.76476287841797,76.67636108398438,90.2010498046875,75.26947784423828,2198.684262763144,2600323.3121196623,0.1169724609375,0.018565514385185243,0.07309261709451675,0.002430535852909088,Korean
490,-313.1270751953125,84.76651763916016,11.336023330688477,21.916919708251953,25.295406341552734,-5.585596084594727,-2.6973531246185303,4.701350212097168,-15.319204330444336,0.9998722076416016,-9.11639404296875,2.9637131690979004,-8.069085121154785,8.249579429626465,-2.8564329147338867,-8.630073547363281,-2.3861753940582275,-4.625253677368164,-13.162469863891602,-4.7242255210876465,16592.298828125,3422.360595703125,1019.7547607421875,828.7427978515625,451.8177185058594,243.958251953125,225.8696746826172,124.89094543457031,213.00595092773438,138.80633544921875,115.97061157226562,108.02313995361328,141.54725646972656,79.51973724365234,81.49138641357422,96.28421783447266,73.43791198730469,64.93340301513672,91.68175506591797,75.39104461669922,2151.148643959845,2389568.670071738,0.1133682181127757,0.01695638667020335,0.07298362255096436,0.0025093588046729565,Korean
491,-313.792236328125,82.782958984375,13.337584495544434,21.148401260375977,25.48903465270996,-2.8372395038604736,-3.1636979579925537,4.103445529937744,-14.030684471130371,2.1648991107940674,-9.27934455871582,1.7584295272827148,-7.483211517333984,8.384927749633789,-3.503237724304199,-9.718531608581543,-1.4775090217590332,-4.552841663360596,-13.053969383239746,-4.145749092102051,17010.517578125,3381.3095703125,1137.6094970703125,869.9537353515625,435.8978576660156,238.96949768066406,250.4407501220703,129.99160766601562,203.22068786621094,152.0953369140625,112.2839584350586,101.5755615234375,132.5784912109375,79.05934143066406,83.2015609741211,104.95267486572266,80.17560577392578,72.14588165283203,92.98689270019531,74.89920806884766,2193.844602369831,2462562.3365783338,0.1121761053926757,0.016335298024317157,0.07115846872329712,0.0024258713237941265,Korean
492,-302.30389404296875,85.49295043945312,11.022907257080078,20.280820846557617,24.968189239501953,-6.482030868530273,-3.5367870330810547,6.157599449157715,-16.2320556640625,1.0684480667114258,-9.012425422668457,2.2406840324401855,-7.729089260101318,8.521437644958496,-4.407737731933594,-8.737988471984863,-2.678938627243042,-4.183669090270996,-12.747822761535645,-5.134842395782471,15110.1748046875,3113.966552734375,1069.04541015625,860.76220703125,424.8810729980469,257.98980712890625,234.3857421875,133.23146057128906,209.54454040527344,139.44761657714844,123.50299835205078,105.11314392089844,119.60179138183594,69.62177276611328,87.76663970947266,93.27201080322266,71.11201477050781,64.63641357421875,82.06402587890625,73.73654174804688,2234.6626449459995,2606325.5132186054,0.11959582372963122,0.01792794203216642,0.07343585044145584,0.0024934641551226377,Korean
493,-313.46435546875,79.76365661621094,12.625323295593262,21.960283279418945,23.530860900878906,-5.282188892364502,-2.594268798828125,5.576482772827148,-15.682048797607422,0.9447109699249268,-8.627853393554688,2.616562843322754,-7.6553120613098145,8.875481605529785,-2.6855387687683105,-8.434070587158203,-2.198948621749878,-3.9598844051361084,-12.681468963623047,-4.937373638153076,16465.630859375,3415.326416015625,1082.287353515625,964.3938598632812,453.4420166015625,238.83941650390625,228.0364990234375,144.2436981201172,215.43739318847656,129.22979736328125,123.58251190185547,98.1891098022461,141.66696166992188,77.01665496826172,84.48049926757812,91.88130950927734,58.27027130126953,60.6685791015625,79.36675262451172,69.64891052246094,2260.128404638382,2508185.4847221053,0.12367129035415941,0.019570282405905807,0.06993407011032104,0.0025175251066684723,Korean
494,-307.20660400390625,86.46763610839844,14.105661392211914,22.537883758544922,24.25445556640625,-5.1176981925964355,-3.0775396823883057,5.688309669494629,-16.498043060302734,0.4775021970272064,-9.59492015838623,1.9734476804733276,-8.21564769744873,8.425312042236328,-2.751563310623169,-8.430529594421387,-2.4214627742767334,-4.782446384429932,-13.095338821411133,-5.155823707580566,15880.1123046875,3263.748291015625,985.7410888671875,876.5462646484375,427.81463623046875,258.9573059082031,230.8483428955078,133.11224365234375,220.32908630371094,127.29353332519531,122.83159637451172,96.26312255859375,135.18179321289062,78.88263702392578,78.9878921508789,91.51358032226562,61.33384704589844,62.21478271484375,80.35172271728516,67.63050079345703,2119.2930250528175,2310224.3372301618,0.1108481983721483,0.01739920864812666,0.07358826696872711,0.0024383116979151964,Korean
495,-323.5261535644531,67.97386169433594,8.977899551391602,15.111231803894043,-3.0039501190185547,-12.576557159423828,-0.07271425426006317,-7.618635654449463,-11.752087593078613,-9.112396240234375,-19.752832412719727,-11.829049110412598,-8.756322860717773,-6.0869550704956055,-10.1403226852417,-12.615057945251465,-9.34160041809082,-11.993059158325195,-14.446005821228027,-5.121581554412842,21410.64453125,4037.694580078125,1133.2681884765625,832.2176513671875,252.1269989013672,433.6371765136719,194.66598510742188,192.29541015625,177.432861328125,171.18035888671875,177.33750915527344,98.51439666748047,65.28389739990234,72.48106384277344,88.20660400390625,105.006591796875,61.282501220703125,67.2350082397461,76.21142578125,62.69813537597656,2465.7361958939346,2888922.896496867,0.12867923346693386,0.021086612032636395,0.07923191785812378,0.00425697723403573,Korean
496,-343.9059143066406,66.31523895263672,7.434561729431152,13.277331352233887,-4.92607307434082,-10.703868865966797,1.4170926809310913,-10.099040031433105,-10.586871147155762,-8.877779960632324,-17.222171783447266,-10.435473442077637,-8.124943733215332,-5.672236919403076,-11.953394889831543,-11.928824424743652,-9.708098411560059,-10.769472122192383,-12.883652687072754,-3.425546407699585,22343.673828125,3928.408935546875,866.4871215820312,965.4131469726562,290.58526611328125,408.05255126953125,242.74334716796875,219.6183624267578,151.47415161132812,174.96890258789062,170.63075256347656,95.67538452148438,70.83560180664062,72.24642944335938,85.79096221923828,89.67814636230469,59.38909912109375,74.90139770507812,79.8689956665039,55.191463470458984,2548.196892052216,2768124.086242707,0.14019980270540594,0.02211400312675187,0.06971118599176407,0.003977978136390448,Korean
497,-337.6330261230469,76.91064453125,5.428723335266113,27.13174057006836,-4.886683940887451,-17.431547164916992,3.0463247299194336,-12.747270584106445,-7.028865337371826,-7.150349140167236,-17.047609329223633,-9.579686164855957,-8.625045776367188,-3.8637948036193848,-8.109716415405273,-12.205726623535156,-8.557785987854004,-10.748604774475098,-13.524680137634277,-3.5048820972442627,18539.041015625,4148.66845703125,1085.6180419921875,1106.868408203125,324.0028076171875,626.0941772460938,233.16363525390625,278.4427185058594,154.53468322753906,169.1666259765625,195.2738800048828,96.92326354980469,89.76449584960938,71.33049011230469,94.42552947998047,117.17697143554688,72.67593383789062,70.81680297851562,79.12670135498047,61.656925201416016,2264.900684443553,2565596.692150313,0.12285355465497502,0.019034886983512606,0.07527822256088257,0.004122953861951828,Korean
498,-331.14068603515625,72.10655975341797,8.600439071655273,24.379295349121094,-2.6287543773651123,-15.779082298278809,3.603170156478882,-11.422410011291504,-5.933569431304932,-6.752556324005127,-16.987443923950195,-7.6307148933410645,-9.776330947875977,-4.072768211364746,-7.325695037841797,-9.731386184692383,-7.1882123947143555,-9.982732772827148,-11.864237785339355,-4.718790054321289,20371.298828125,3932.29248046875,1006.9304809570312,1182.1209716796875,264.6192626953125,625.8246459960938,251.82669067382812,229.57940673828125,154.71908569335938,159.23487854003906,190.4730987548828,90.88052368164062,100.81355285644531,72.0342025756836,99.3619384765625,111.6648178100586,61.492919921875,70.12444305419922,66.79466247558594,49.52334976196289,2412.586313518632,2851627.1371467332,0.13278281283216412,0.021901101107672093,0.07992703467607498,0.004781861789524555,Korean
499,-331.796875,76.9186782836914,2.514059543609619,21.861934661865234,-4.620821475982666,-11.071194648742676,0.6796515583992004,-9.320511817932129,-5.5491533279418945,-7.888127326965332,-16.559978485107422,-10.716631889343262,-7.75325870513916,-4.176661491394043,-8.421996116638184,-7.927004814147949,-8.094639778137207,-9.836453437805176,-11.34768295288086,-6.06269645690918,20202.521484375,4235.70849609375,1178.1087646484375,1025.184814453125,290.1033020019531,473.7774658203125,205.8055877685547,188.8502960205078,147.5689239501953,162.8208465576172,186.9215545654297,104.85057067871094,88.3441390991211,68.25064086914062,88.28841400146484,91.12488555908203,66.99586486816406,71.99591064453125,67.58753204345703,48.98326110839844,2309.8136819715683,2660680.694754408,0.1276521898575021,0.019488432917453717,0.0763034075498581,0.004518349189311266,Korean
500,-337.7296142578125,74.89873504638672,4.852062225341797,25.99747657775879,-4.826472759246826,-14.12457275390625,2.6018500328063965,-10.467443466186523,-5.086365699768066,-8.457988739013672,-16.263771057128906,-11.223970413208008,-9.328832626342773,-4.0111894607543945,-8.235755920410156,-8.423035621643066,-8.72476577758789,-10.402963638305664,-11.800607681274414,-5.550769805908203,19021.83203125,4240.13134765625,1156.0916748046875,1257.39111328125,293.25885009765625,524.0808715820312,209.88148498535156,220.07693481445312,150.1443634033203,157.25254821777344,177.99774169921875,104.69097900390625,92.6670150756836,68.87312316894531,88.95966339111328,102.96773529052734,72.90120697021484,69.85144805908203,74.14250946044922,48.974666595458984,2312.582300765866,2813617.3715352705,0.1318433111763352,0.02088199710150864,0.07909313589334488,0.004751303233206272,Korean
501,-317.8271484375,75.89141082763672,6.692691802978516,21.44594955444336,-2.077223777770996,-16.181507110595703,2.2791473865509033,-9.259285926818848,-6.646826267242432,-6.8102216720581055,-17.881393432617188,-9.800477981567383,-8.846673965454102,-5.239232063293457,-9.385839462280273,-9.379462242126465,-9.170228958129883,-8.928471565246582,-12.686556816101074,-5.692086696624756,19463.21875,3812.495849609375,1187.86962890625,1145.4429931640625,295.6625061035156,490.5400085449219,184.11517333984375,194.78509521484375,165.7560272216797,163.96420288085938,190.4983673095703,112.03825378417969,92.26556396484375,71.67139434814453,91.38703918457031,90.0981216430664,66.53924560546875,62.53297805786133,72.71243286132812,48.817779541015625,2289.773724299778,2635929.4385170355,0.12014460543971923,0.01844606414925413,0.08503421396017075,0.004978665616363287,Korean
502,-342.0109558105469,80.16178131103516,3.5611541271209717,20.4874210357666,-3.6603281497955322,-12.135405540466309,0.9579755067825317,-11.961732864379883,-5.066554546356201,-7.256594181060791,-14.692731857299805,-10.713484764099121,-8.006763458251953,-4.03395414352417,-9.189797401428223,-9.530948638916016,-9.239274024963379,-10.464990615844727,-14.292791366577148,-4.519980430603027,21316.880859375,4486.9091796875,1203.1617431640625,952.2492065429688,321.92779541015625,472.9086608886719,192.92904663085938,263.66650390625,138.15798950195312,147.91217041015625,169.1868438720703,94.3756332397461,83.74687957763672,70.42288208007812,82.466064453125,80.6701889038086,65.3535385131836,71.574951171875,86.83180236816406,58.29031753540039,2255.495434299973,2801361.3277133754,0.12658468178537055,0.020482185925460854,0.07866565138101578,0.004931769333779812,Korean
503,-344.2137145996094,73.03440856933594,6.250613212585449,18.076034545898438,-3.331940174102783,-11.420783042907715,1.2823251485824585,-9.626005172729492,-4.6377644538879395,-7.374885559082031,-14.703038215637207,-9.883530616760254,-5.75292444229126,-4.443338394165039,-8.37227725982666,-8.54184341430664,-9.513422012329102,-9.859960556030273,-13.719056129455566,-6.418931007385254,20630.80078125,4384.87841796875,1121.5941162109375,935.0849609375,291.6142272949219,412.983642578125,171.38047790527344,191.3720703125,131.71340942382812,144.96385192871094,168.3018341064453,93.87452697753906,71.59444427490234,65.71904754638672,82.67243194580078,87.2673568725586,68.374267578125,64.49443817138672,87.10344696044922,47.325233459472656,2395.5109693424156,3129135.868393034,0.13844471807065217,0.02367422151368884,0.0792871043086052,0.005595778580754995,Korean
504,-320.424560546875,73.49435424804688,8.97314739227295,20.78957176208496,-4.542835235595703,-11.631854057312012,0.6350489258766174,-8.710155487060547,-7.0482401847839355,-7.019157886505127,-15.272538185119629,-10.9324369430542,-7.446385383605957,-5.543745994567871,-8.740585327148438,-9.998476028442383,-10.397956848144531,-9.45395565032959,-11.856183052062988,-4.913832187652588,21104.24609375,4094.682373046875,1093.7625732421875,1100.383544921875,296.43243408203125,455.605712890625,221.28659057617188,204.38304138183594,151.92208862304688,142.86517333984375,175.11416625976562,102.00528717041016,71.85765838623047,64.78353881835938,87.87683868408203,95.4563980102539,79.05215454101562,68.37690734863281,75.45021057128906,45.156986236572266,2376.8676263678262,2892183.5339815835,0.12977259099887134,0.020480730065357552,0.08672622591257095,0.005266640800982714,Korean
505,-295.80548095703125,71.37574005126953,0.7949458956718445,11.691404342651367,-7.686497211456299,-13.699397087097168,-1.1352235078811646,-11.966376304626465,-12.328977584838867,-10.91816234588623,-18.45348358154297,-12.847161293029785,-10.505624771118164,-7.826147079467773,-13.62884521484375,-14.009930610656738,-9.539657592773438,-13.60242748260498,-15.044082641601562,-5.535037517547607,18762.525390625,3260.3427734375,1061.062255859375,822.0059204101562,372.2380065917969,414.1521301269531,206.92726135253906,210.78907775878906,145.26348876953125,141.09213256835938,147.6314697265625,87.93136596679688,72.77664947509766,87.19417572021484,89.6470947265625,95.84966278076172,56.90126419067383,68.21597290039062,73.21387481689453,51.949676513671875,2187.519011218369,2369899.2394405906,0.10207303797231107,0.01484680526628141,0.11004707962274551,0.007498905528336763,Korean
506,-290.72308349609375,67.36289978027344,4.020466327667236,10.574338912963867,-8.868739128112793,-13.315765380859375,0.15726909041404724,-10.728317260742188,-13.732491493225098,-11.865927696228027,-19.029441833496094,-14.575159072875977,-8.639105796813965,-10.256314277648926,-12.361125946044922,-13.577655792236328,-10.17053508758545,-12.227063179016113,-16.038068771362305,-6.243351936340332,18109.0625,3641.53662109375,1180.2952880859375,870.865478515625,318.9611511230469,393.0816345214844,190.1768035888672,206.22866821289062,167.27003479003906,141.05361938476562,133.3707733154297,107.72252655029297,73.8598861694336,88.25406646728516,88.1369857788086,98.40962982177734,58.837013244628906,68.78095245361328,81.4048080444336,57.99026107788086,2259.806723098401,2702188.856672147,0.10914364948478428,0.016737798257564558,0.11950292438268661,0.008368261158466339,Korean
507,-305.3790588378906,70.36441040039062,-1.5787205696105957,7.935397624969482,-7.003406524658203,-15.534517288208008,-1.0571807622909546,-11.984145164489746,-13.653368949890137,-11.961015701293945,-17.223526000976562,-13.932111740112305,-8.288989067077637,-7.301295280456543,-13.547860145568848,-13.618120193481445,-9.903088569641113,-12.485788345336914,-16.640260696411133,-3.7947757244110107,18695.07421875,3304.9482421875,1092.5557861328125,778.5048828125,317.91656494140625,461.6082458496094,184.05274963378906,231.5357208251953,147.0946807861328,151.44110107421875,142.8141326904297,96.57582092285156,74.638671875,93.98479461669922,88.27997589111328,84.05621337890625,59.9399528503418,65.27246856689453,90.03954315185547,62.99233627319336,2238.2861198128057,2450723.668756613,0.10855753813624285,0.015416511560113325,0.10006428509950638,0.006610416341573,Korean
508,-299.6446838378906,69.79684448242188,2.5387301445007324,12.754473686218262,-5.380123138427734,-13.786148071289062,-2.5360333919525146,-12.229185104370117,-14.569266319274902,-11.923062324523926,-15.291938781738281,-15.667312622070312,-8.881786346435547,-6.529733180999756,-12.841233253479004,-14.374094009399414,-10.304972648620605,-10.949792861938477,-15.392194747924805,-4.167853355407715,17656.248046875,3036.916259765625,1115.0601806640625,828.5797119140625,297.3242492675781,400.092041015625,161.857421875,199.9207763671875,162.4673309326172,132.3882598876953,114.9119873046875,109.71156311035156,68.9389877319336,88.56884765625,88.97600555419922,92.37621307373047,54.776573181152344,62.48215866088867,83.21986389160156,58.146732330322266,2166.8291379114753,2321988.8211951563,0.1010654505120651,0.01457595728311984,0.10854024440050125,0.00781975407153368,Korean
509,-277.42889404296875,75.60098266601562,-3.162184953689575,10.401750564575195,-6.911465644836426,-17.236539840698242,-3.353361129760742,-14.659775733947754,-15.672935485839844,-12.273723602294922,-15.86878776550293,-14.653121948242188,-8.211811065673828,-8.023517608642578,-13.270069122314453,-13.83802604675293,-10.245782852172852,-11.096549987792969,-15.575069427490234,-5.203997611999512,17533.234375,3041.775390625,1232.074462890625,870.8076782226562,315.2988586425781,427.5829162597656,202.38055419921875,274.71612548828125,185.8719024658203,138.83065795898438,114.80175018310547,103.28715515136719,72.93064880371094,95.48323822021484,89.07599639892578,94.61003875732422,62.41992950439453,63.71157455444336,85.4099349975586,60.7349967956543,2096.0142651233177,2228347.835133637,0.0979655156316688,0.013187802257162939,0.12640370428562164,0.008746247738599777,Korean
510,-303.6475830078125,69.43243408203125,2.8076510429382324,12.086810111999512,-5.931028366088867,-15.080666542053223,-1.8636717796325684,-10.242424964904785,-13.0409517288208,-11.537425994873047,-16.909425735473633,-14.268437385559082,-8.658366203308105,-8.970943450927734,-11.666267395019531,-13.672707557678223,-8.888856887817383,-10.958250045776367,-15.631793975830078,-4.567598819732666,18784.279296875,3360.32666015625,957.7714233398438,937.693115234375,324.6973876953125,398.83154296875,189.64361572265625,189.9642333984375,173.6981964111328,145.77163696289062,134.80792236328125,105.16851043701172,67.05858612060547,92.1291732788086,81.07627868652344,97.44239807128906,53.76812744140625,58.35519790649414,81.83673095703125,56.661373138427734,2269.5926768281215,2582695.1208084747,0.10952494463582677,0.017280475207874887,0.10749201476573944,0.0075943381525576115,Korean
511,-323.45306396484375,64.47689056396484,3.114191770553589,10.376192092895508,-6.083185195922852,-12.67203140258789,-1.481276273727417,-10.673429489135742,-12.335381507873535,-8.26114559173584,-15.850666999816895,-12.54891300201416,-8.514778137207031,-8.102572441101074,-12.74825382232666,-13.636622428894043,-8.218292236328125,-12.380513191223145,-13.933412551879883,-4.879656791687012,20289.962890625,3222.513916015625,1015.6925659179688,862.9376831054688,301.59722900390625,391.5014343261719,179.58285522460938,194.45578002929688,168.88552856445312,136.54115295410156,154.99969482421875,104.67738342285156,72.60559844970703,79.10502624511719,94.96649169921875,108.48709869384766,63.189178466796875,73.75166320800781,84.82593536376953,53.866127014160156,2454.9830327435366,2691261.758123975,0.12431064810687113,0.019725965012331956,0.08644688129425049,0.005859559867531061,Korean
512,-287.9779968261719,75.46053314208984,-0.9779079556465149,11.718103408813477,-7.458862781524658,-13.825080871582031,-2.375481367111206,-12.695624351501465,-13.068705558776855,-11.203351020812988,-17.059274673461914,-14.400264739990234,-9.470002174377441,-8.186622619628906,-15.246271133422852,-14.248481750488281,-9.583304405212402,-13.002623558044434,-14.502753257751465,-4.805027008056641,17384.06640625,3002.7265625,1005.4284057617188,881.04296875,320.3040771484375,432.87481689453125,189.7540283203125,213.22264099121094,151.6134033203125,153.78089904785156,144.6577911376953,107.89484405517578,85.3108139038086,91.6794662475586,94.14257049560547,92.0772476196289,66.64093780517578,72.69721221923828,75.90428161621094,59.816123962402344,2067.1375155412966,2069850.2149320361,0.09267767853051687,0.012778100736575768,0.11529339849948883,0.0076872818171978,Korean
513,-300.9793701171875,68.72705841064453,2.9836361408233643,13.009112358093262,-9.435256958007812,-12.219292640686035,-0.007837527431547642,-10.947837829589844,-12.6525239944458,-11.0612154006958,-16.684288024902344,-13.24449634552002,-8.945950508117676,-9.131490707397461,-12.991497993469238,-13.91681957244873,-8.732260704040527,-12.360764503479004,-13.671554565429688,-5.197603702545166,17964.62890625,3419.121337890625,931.6298828125,901.4755249023438,401.92779541015625,410.6285400390625,209.18724060058594,210.6619415283203,156.47225952148438,147.29257202148438,144.49884033203125,95.47911834716797,71.62825775146484,84.7245101928711,89.18426513671875,105.7426528930664,59.2275276184082,64.05648040771484,75.2269058227539,50.760128021240234,2231.8198651135986,2398154.9123714957,0.10801638287029254,0.015544366759889898,0.10732556134462357,0.007890923880040646,Korean
514,-285.4721984863281,66.4401626586914,1.9315226078033447,17.47761344909668,-7.567861557006836,-16.432275772094727,-3.014967918395996,-10.867048263549805,-13.691679954528809,-12.266885757446289,-17.852890014648438,-14.920854568481445,-9.20676040649414,-9.648402214050293,-12.468927383422852,-14.049760818481445,-9.828908920288086,-12.632923126220703,-14.512046813964844,-5.0952630043029785,18595.978515625,3089.858642578125,1034.88232421875,886.9991455078125,310.6787109375,473.4211730957031,195.92901611328125,201.94606018066406,156.18798828125,129.78997802734375,139.4364776611328,104.48173522949219,76.09310913085938,86.76634979248047,90.1603012084961,98.9067611694336,63.7513313293457,68.406005859375,75.37152862548828,51.24416732788086,2277.1366827514476,2474937.5296340394,0.10773029915091037,0.01605047602768701,0.11713266372680664,0.007679051253944635,Korean
515,-345.00927734375,70.60630798339844,11.225027084350586,18.577730178833008,23.792448043823242,0.002291367156431079,1.489564061164856,5.600820064544678,-5.8543701171875,-1.9269968271255493,-6.218867301940918,4.280879497528076,-4.165147304534912,9.668492317199707,-0.5907543897628784,-4.4328155517578125,-1.1204077005386353,-1.6716182231903076,-10.4163236618042,-4.29768180847168,24464.41796875,3299.7607421875,897.4663696289062,687.0779418945312,403.04376220703125,185.6625518798828,177.1964569091797,103.11293029785156,177.8707275390625,128.0465087890625,109.81599426269531,58.03438186645508,132.24917602539062,73.44490814208984,60.555397033691406,92.69273376464844,57.91694641113281,61.0273551940918,97.4245834350586,71.1296615600586,2215.0871112909317,2184656.708159292,0.09471587657715498,0.01218863499677264,0.05929290130734444,0.0026568518951535225,Korean
516,-324.35858154296875,70.38788604736328,13.964995384216309,21.040546417236328,24.779335021972656,-1.87711763381958,-0.4371349513530731,7.271111965179443,-8.001910209655762,0.3111917972564697,-7.5717573165893555,3.7306768894195557,-4.765989780426025,10.394657135009766,0.11003133654594421,-5.33514404296875,-2.503640651702881,-3.7178421020507812,-13.166866302490234,-4.542214393615723,18710.693359375,4005.679931640625,1089.4658203125,785.3485717773438,394.6902770996094,211.88223266601562,199.1963653564453,98.03005981445312,183.97605895996094,122.58477020263672,115.45738220214844,76.3914566040039,139.4532470703125,66.24756622314453,69.25061798095703,86.04163360595703,61.30994415283203,75.54374694824219,99.89385986328125,66.8534927368164,2320.7703824619575,2834012.0709590223,0.11157178560017696,0.02049692828848774,0.06478258967399597,0.0025298467371612787,Korean
517,-327.3479309082031,73.14348602294922,13.533644676208496,21.8411922454834,25.738656997680664,-1.180864691734314,0.5322333574295044,9.336494445800781,-4.612126350402832,-0.871707558631897,-6.405029773712158,4.495962619781494,-3.50541353225708,11.23184585571289,0.30637264251708984,-3.7174456119537354,-1.819739580154419,-1.1908215284347534,-12.280838012695312,-3.8539071083068848,21020.759765625,3222.60791015625,931.9956665039062,731.7723999023438,353.69976806640625,212.8434600830078,173.54071044921875,87.86553192138672,144.02613830566406,136.06077575683594,116.26350402832031,66.40217590332031,132.83807373046875,60.9853515625,73.56990814208984,86.47312927246094,62.575286865234375,63.58749771118164,115.68372344970703,73.5221939086914,2275.7626981897665,2444321.7345453864,0.10237514501875987,0.01599522720321553,0.062192678451538086,0.002448767190799117,Korean
518,-313.8972473144531,74.13832092285156,11.200254440307617,18.633115768432617,23.978429794311523,-1.1121989488601685,-0.9629967212677002,7.370460033416748,-7.1825175285339355,-0.8423076868057251,-7.265803337097168,3.5485949516296387,-4.777389049530029,11.088692665100098,-1.101318597793579,-5.654435157775879,-1.9824739694595337,-1.3669123649597168,-12.32420825958252,-4.26051139831543,21057.734375,3289.537353515625,950.4579467773438,739.7813720703125,330.1271667480469,215.3773956298828,183.2983856201172,101.05171966552734,162.07240295410156,125.66352844238281,117.60110473632812,63.439144134521484,124.36322784423828,65.05160522460938,67.11016845703125,94.642822265625,56.135719299316406,70.04683685302734,102.12545013427734,68.01348876953125,2388.3768981342146,2245548.5633700103,0.10775332157665858,0.015334765016960836,0.06452629715204239,0.0023407761473208666,Korean
519,-320.72149658203125,78.47107696533203,12.473758697509766,20.284698486328125,24.5708065032959,-1.6540955305099487,0.5701999068260193,8.929963111877441,-7.994922637939453,-0.041149359196424484,-7.686201095581055,4.579935550689697,-5.440718650817871,10.634123802185059,-0.2796880304813385,-4.741979122161865,-3.245554208755493,-3.0157663822174072,-12.105053901672363,-5.4046630859375,20734.693359375,3203.402587890625,915.7337036132812,705.292236328125,336.31890869140625,223.45211791992188,189.3389434814453,105.39643096923828,163.24302673339844,127.42807006835938,127.67050170898438,67.12892150878906,127.81941986083984,76.87882232666016,67.68867492675781,84.89395141601562,54.46027755737305,71.31482696533203,90.57543182373047,69.35196685791016,2183.6236624089997,2235977.9888420203,0.09383275237786425,0.013719028027302663,0.06593138724565506,0.0024873758666217327,Korean
520,-311.8526611328125,79.75192260742188,11.160211563110352,19.489238739013672,26.401308059692383,-2.497539520263672,-0.8539156317710876,7.883677005767822,-9.736806869506836,-0.501818060874939,-9.17136001586914,5.475677490234375,-6.492931365966797,11.498769760131836,-0.9999784231185913,-4.457715034484863,-3.5814266204833984,-2.006808280944824,-14.017862319946289,-5.378893852233887,17907.80078125,3323.298095703125,1017.87060546875,752.5980224609375,384.1758728027344,233.67454528808594,198.81578063964844,103.41019439697266,192.2083740234375,132.1567840576172,124.29886627197266,72.3988037109375,146.7947235107422,73.35978698730469,66.9241943359375,77.0517349243164,63.25971984863281,69.10258483886719,98.10832214355469,73.880126953125,2293.73141026889,2404054.896131442,0.106926456205491,0.01527451882922757,0.06675321608781815,0.0024020043201744556,Korean
521,-344.1533508300781,74.55439758300781,11.667970657348633,20.033538818359375,24.942689895629883,-0.17516659200191498,1.3220746517181396,8.197272300720215,-6.697817802429199,0.10225926339626312,-6.097073078155518,5.322686672210693,-3.6463401317596436,11.292774200439453,0.7862850427627563,-3.6206514835357666,-2.255244493484497,-0.8246431946754456,-10.832355499267578,-4.198211669921875,22464.3828125,3050.8798828125,924.8887329101562,640.7332763671875,333.8005065917969,218.9718017578125,178.44332885742188,97.86007690429688,174.05685424804688,132.2980499267578,122.98658752441406,64.52198028564453,142.02655029296875,68.61927795410156,65.82280731201172,87.24708557128906,55.59566879272461,63.30631637573242,102.99951171875,68.68353271484375,2251.2469353491433,2041855.2699790937,0.09633299515179343,0.011866519282929368,0.05674222856760025,0.002368869259953499,Korean
522,-337.54327392578125,115.74146270751953,27.31879425048828,18.660457611083984,16.459941864013672,-3.6920385360717773,-4.554076194763184,1.156099796295166,-10.5607271194458,-2.3487491607666016,-5.1294708251953125,4.591639518737793,-4.110050201416016,2.745521306991577,-5.508273601531982,-8.827810287475586,-4.078554153442383,-3.8642818927764893,-10.93815803527832,-4.4877495765686035,13379.79296875,2332.17236328125,752.7237548828125,481.32562255859375,340.2334289550781,137.42884826660156,147.59910583496094,192.63233947753906,136.81021118164062,102.71851348876953,130.6246337890625,93.28631591796875,133.1432647705078,93.34935760498047,74.51902770996094,98.41665649414062,73.67192077636719,64.7051010131836,81.83590698242188,98.69905090332031,1422.9853966268763,1764713.8112311568,0.06717428724962207,0.008438588578371646,0.059286657720804214,0.002514116931706667,Korean
523,-289.9704284667969,90.9258041381836,16.745389938354492,23.890548706054688,26.908245086669922,-4.851942539215088,-0.7853788137435913,7.203588485717773,-14.633617401123047,-2.5247185230255127,-10.243520736694336,5.166872024536133,-10.155036926269531,6.917789459228516,-5.62819242477417,-11.43736457824707,-1.7190563678741455,-2.0147321224212646,-13.0557279586792,-1.9662506580352783,13334.2119140625,2276.2529296875,959.460693359375,597.0014038085938,309.9859619140625,199.55026245117188,181.7957763671875,102.38370513916016,178.78729248046875,134.2984161376953,112.48564147949219,72.76666259765625,100.9575424194336,65.85709381103516,60.94078826904297,94.93014526367188,50.60786819458008,52.494754791259766,79.64456176757812,77.07784271240234,2020.798572516974,2187755.6303601526,0.08891738118858654,0.014347948278276523,0.07732530683279037,0.002704047365114093,Korean
524,-313.7702941894531,72.30032348632812,9.587637901306152,17.614864349365234,24.214561462402344,-0.33936890959739685,3.330951452255249,8.109843254089355,-12.295265197753906,0.39338207244873047,-8.030577659606934,4.823982238769531,-5.196793079376221,10.263936042785645,-3.7809009552001953,-7.08856725692749,-3.3720040321350098,-0.12702582776546478,-10.657247543334961,-1.364227294921875,20420.767578125,3672.2626953125,1023.7963256835938,636.385986328125,356.5052490234375,201.66383361816406,249.9111785888672,114.53807067871094,198.58673095703125,125.44078063964844,107.73589324951172,71.41695404052734,99.20489501953125,68.37194061279297,60.250736236572266,88.96102142333984,52.177459716796875,48.49042510986328,90.76705169677734,63.79570770263672,2283.956380969716,2634037.1072392096,0.1126947755056952,0.01935318906355173,0.06476787477731705,0.0027446947060525417,Korean
525,-288.2247009277344,84.90615844726562,5.159201145172119,15.908883094787598,23.531816482543945,-1.0113844871520996,3.311652421951294,8.991711616516113,-13.193779945373535,1.5590720176696777,-10.391627311706543,4.543650150299072,-5.3854193687438965,9.98095703125,-3.81809663772583,-8.907292366027832,-3.3397364616394043,0.4490985572338104,-12.975933074951172,-1.4468040466308594,16252.0791015625,2700.07275390625,1008.6693725585938,682.8754272460938,350.47039794921875,203.7169189453125,232.5625762939453,118.7352523803711,189.8764190673828,124.53074645996094,118.61009216308594,75.22040557861328,99.51944732666016,56.285980224609375,64.51835632324219,94.73735046386719,54.1149787902832,52.05961990356445,89.25720977783203,65.3467025756836,2236.0419239948283,1896059.0580756748,0.10096012242207913,0.01289501023969182,0.07080751657485962,0.002626116154715419,Korean
526,-293.9324035644531,81.61443328857422,10.602821350097656,19.238283157348633,26.187265396118164,-0.7879409193992615,3.324120283126831,8.21971321105957,-13.374200820922852,1.6119654178619385,-10.578777313232422,5.638786315917969,-5.614476680755615,9.569363594055176,-3.161612033843994,-8.424659729003906,-2.486447811126709,0.42146214842796326,-12.380816459655762,-0.8861753940582275,16827.115234375,2798.3701171875,996.2637939453125,631.31982421875,352.7781982421875,234.019287109375,220.94786071777344,121.91554260253906,222.35398864746094,141.07052612304688,127.82331848144531,78.99728393554688,107.32273864746094,59.958438873291016,61.92934799194336,92.2615966796875,54.089759826660156,53.37030792236328,89.06360626220703,65.0179214477539,2218.821482942626,2018220.3361700554,0.09724016597762646,0.01424601234009568,0.07424610108137131,0.002753399545326829,Korean
527,-284.82415771484375,84.95148468017578,9.249699592590332,15.968525886535645,26.556888580322266,-1.4486159086227417,1.925521969795227,7.895216464996338,-14.50214672088623,2.7225306034088135,-10.127307891845703,5.089479446411133,-5.130622386932373,8.940845489501953,-3.8633251190185547,-8.864992141723633,-3.3155949115753174,0.6152917742729187,-12.676895141601562,-1.0500158071517944,14551.662109375,3155.935791015625,1014.6256713867188,688.7074584960938,365.1445617675781,231.4636688232422,189.20018005371094,125.02605438232422,212.4383087158203,131.5166473388672,109.73695373535156,82.52264404296875,97.84638977050781,60.28512954711914,57.513004302978516,86.51592254638672,62.12095260620117,53.88710403442383,85.9527587890625,65.95610809326172,2280.7511798439637,2428778.9328601668,0.1109120506184306,0.018809931194846728,0.07456256449222565,0.0026001306250691414,Korean
528,-290.4051818847656,82.67459869384766,9.310416221618652,21.14409828186035,25.753772735595703,-0.005290504544973373,3.029608726501465,7.99598503112793,-12.643963813781738,-0.5372095704078674,-9.346136093139648,6.058260440826416,-6.448124408721924,10.171789169311523,-4.363415241241455,-8.3985013961792,-1.4569734334945679,0.09307979047298431,-10.442214965820312,-0.8666866421699524,15063.77734375,2929.970458984375,1036.386474609375,695.1828002929688,359.61334228515625,227.38417053222656,278.1046447753906,131.7566680908203,198.6128692626953,151.23765563964844,123.07711791992188,74.31977081298828,112.8680419921875,58.40546417236328,67.2650375366211,99.72041320800781,58.766597747802734,56.783992767333984,90.83277893066406,71.24214935302734,2197.555883890321,2064606.6239633893,0.10008083767361112,0.01460541811666371,0.0724349170923233,0.002615185920149088,Korean
529,-295.59271240234375,80.98214721679688,11.808493614196777,22.393537521362305,26.946134567260742,-1.5378391742706299,0.9376108050346375,6.538776874542236,-13.67374324798584,-0.32595500349998474,-10.523950576782227,3.2920095920562744,-7.71900749206543,8.589797019958496,-5.575744152069092,-9.701355934143066,-2.231781005859375,-2.1295833587646484,-11.261567115783691,-1.2851282358169556,16043.8076171875,2783.13671875,1008.2086181640625,715.0164794921875,336.0539855957031,200.19886779785156,207.3459930419922,114.5245132446289,235.23678588867188,138.67825317382812,112.2148208618164,75.72088623046875,113.91812896728516,65.09905242919922,74.76929473876953,101.25271606445312,49.755775451660156,58.632904052734375,84.30207061767578,68.27320861816406,2174.9318724889,1987925.4718099255,0.0908336166251525,0.013695479037991592,0.07483956217765808,0.0025731062050908804,Korean
530,-289.9986267089844,80.65045928955078,7.011544227600098,14.826143264770508,25.205209732055664,-1.4395700693130493,1.150831937789917,7.950157642364502,-14.256242752075195,3.0397000312805176,-11.440338134765625,2.50407075881958,-6.450913429260254,8.10202407836914,-5.120177268981934,-10.442045211791992,-4.361226558685303,-0.6883814930915833,-12.943623542785645,-1.453050971031189,14774.4912109375,3277.526123046875,1082.1998291015625,679.4335327148438,379.01611328125,214.73483276367188,233.75181579589844,112.10189056396484,198.46563720703125,146.2540283203125,112.54042053222656,79.18587493896484,97.48359680175781,58.4703483581543,61.04936218261719,87.2364273071289,56.01737976074219,54.3342399597168,90.1681900024414,70.36804962158203,2340.089723866719,2535242.8355265586,0.11414573306129092,0.018616556356228883,0.07063480466604233,0.0023479145020246506,Korean
531,-294.5830993652344,86.27555084228516,11.533757209777832,21.953006744384766,27.5045223236084,0.04479411244392395,2.1877076625823975,9.528838157653809,-11.848556518554688,1.9419784545898438,-9.362667083740234,6.120317459106445,-4.829540729522705,10.592366218566895,-3.186316967010498,-8.336962699890137,-1.3744697570800781,0.7204084992408752,-10.976393699645996,-0.3123982846736908,15939.7060546875,3008.398193359375,935.6267700195312,623.1559448242188,348.470458984375,213.81141662597656,237.61785888671875,105.06275177001953,222.81195068359375,133.64120483398438,122.02830505371094,79.46931457519531,115.29240417480469,62.39258575439453,64.08477783203125,96.70622253417969,50.98162078857422,54.5645751953125,91.1576919555664,74.2038345336914,2105.942931823316,2208869.912960647,0.09098271441354626,0.014634365960644751,0.07214559614658356,0.0024744297843426466,Korean
532,-288.7547607421875,82.43871307373047,11.002752304077148,21.146074295043945,26.650232315063477,-3.398183584213257,1.5388745069503784,8.64311408996582,-14.264666557312012,-0.8139194846153259,-11.07673454284668,5.220765113830566,-8.598875045776367,8.712367057800293,-5.647459983825684,-9.35995864868164,-1.6199887990951538,-2.243734836578369,-12.213611602783203,-0.05057266354560852,13864.583984375,2970.45458984375,1036.1722412109375,691.4940185546875,344.3870544433594,194.5057830810547,206.68325805664062,102.1810302734375,208.82286071777344,146.76272583007812,109.11669158935547,71.67326354980469,112.06974029541016,61.09052658081055,57.56663131713867,86.21012878417969,45.51871871948242,56.49864959716797,83.69779205322266,68.009033203125,2278.08777183678,2525699.8756488054,0.10956867580307263,0.019342188468399652,0.07395067065954208,0.002467229263857007,Korean
533,-323.97119140625,67.731201171875,13.835514068603516,21.563879013061523,25.65831756591797,-2.5597681999206543,-0.6200698614120483,5.010056495666504,-10.699661254882812,1.483191967010498,-8.519094467163086,3.334606647491455,-7.412476062774658,8.55130672454834,-3.8825623989105225,-7.959904193878174,-1.4113118648529053,-3.0260932445526123,-11.787031173706055,-1.783147931098938,20491.517578125,3688.825439453125,1204.4595947265625,854.4385375976562,411.1745300292969,240.02218627929688,226.1553955078125,115.13519287109375,195.350341796875,118.63819122314453,105.71015167236328,94.85722351074219,121.75044250488281,70.58428955078125,68.71171569824219,95.7867202758789,58.868770599365234,56.42879104614258,88.29914093017578,58.568748474121094,2164.6630697885266,2541064.004845468,0.10239955357142858,0.01618093515967754,0.0668422281742096,0.0025417322758585215,Korean
534,-300.1436767578125,80.72078704833984,15.958829879760742,18.867542266845703,25.570785522460938,-6.653030872344971,-2.138765573501587,4.3912434577941895,-14.677913665771484,1.0729308128356934,-9.821148872375488,3.14821195602417,-8.377082824707031,9.143962860107422,-4.625281810760498,-8.122060775756836,-2.929655075073242,-4.206279277801514,-13.144939422607422,-4.121554374694824,16169.3466796875,3081.26171875,1165.2415771484375,905.248046875,433.13824462890625,246.07679748535156,282.87164306640625,130.9754180908203,174.82379150390625,130.44744873046875,107.5266342163086,105.19829559326172,133.5420684814453,77.84980773925781,76.93141174316406,93.69017028808594,63.801658630371094,54.833797454833984,75.03012084960938,69.6285171508789,2338.6255853787993,2593106.814015876,0.11585394198586835,0.016965886180636318,0.07315445691347122,0.0022986112162470818,Korean
535,-305.60638427734375,87.31067657470703,13.247589111328125,12.386299133300781,23.611223220825195,-4.760287761688232,-0.7584652900695801,4.606464862823486,-15.085586547851562,1.681133508682251,-9.09249496459961,2.896355152130127,-8.658711433410645,10.250995635986328,-4.8404927253723145,-9.177282333374023,-3.872143268585205,-3.4101626873016357,-14.224990844726562,-4.993263244628906,16357.0888671875,3060.538330078125,1190.0313720703125,814.3737182617188,443.0294494628906,244.96702575683594,311.7640075683594,141.3812713623047,184.05203247070312,138.61981201171875,109.39879608154297,111.80384063720703,142.44532775878906,78.59548950195312,71.08269500732422,97.25868225097656,63.50194549560547,56.42030334472656,85.06549835205078,66.58301544189453,2253.7530093101764,2414587.5699285744,0.11118891814778059,0.014707939306818905,0.06904837489128113,0.0022022759076207876,Korean
536,-309.7946472167969,77.6729965209961,15.00641918182373,17.878742218017578,26.595094680786133,-6.455663204193115,-3.6510415077209473,4.98503303527832,-13.978836059570312,0.8696613311767578,-9.383397102355957,3.649984359741211,-8.295693397521973,10.136848449707031,-3.996156930923462,-8.177521705627441,-2.4262142181396484,-3.656428813934326,-13.727867126464844,-3.981813430786133,17852.4609375,3435.34912109375,1163.498291015625,854.8244018554688,421.5580749511719,246.1580810546875,261.17578125,134.04986572265625,191.12380981445312,141.89108276367188,107.5426254272461,97.63288879394531,131.32334899902344,81.62069702148438,78.76972961425781,103.05943298339844,64.57992553710938,56.75871658325195,84.90088653564453,65.85806274414062,2395.332151601365,2660698.7306275745,0.12329770764471139,0.018611216204316845,0.06938912719488144,0.002249970566481352,Korean
537,-299.47515869140625,82.45975494384766,11.936712265014648,17.022125244140625,24.00068473815918,-7.185047626495361,-1.8459142446517944,4.165805339813232,-14.736756324768066,1.2184902429580688,-9.64387321472168,3.026309013366699,-8.362685203552246,9.587394714355469,-5.538505554199219,-8.262372016906738,-3.916658401489258,-4.052157402038574,-13.614883422851562,-4.015539646148682,15859.68359375,3172.002197265625,1235.4483642578125,809.5536499023438,436.2110900878906,270.026123046875,294.3629150390625,138.96116638183594,167.32015991210938,151.0915985107422,112.4558334350586,106.93893432617188,134.56088256835938,81.87091064453125,74.00752258300781,95.03077697753906,67.0598373413086,66.38131713867188,79.02481842041016,64.19620513916016,2326.808299960882,2468941.63524473,0.11876315708796599,0.016346972038550418,0.07167118042707443,0.0023397307377308607,Korean
538,-303.9936828613281,82.55750274658203,13.200228691101074,19.154033660888672,24.57569694519043,-7.472489833831787,-1.7993628978729248,5.056382179260254,-14.645236015319824,1.2525827884674072,-8.389679908752441,4.168182849884033,-7.943565845489502,9.751908302307129,-4.315220355987549,-7.673713684082031,-3.2691307067871094,-3.8588128089904785,-14.189713478088379,-3.940417528152466,15766.53125,3245.89599609375,1150.0361328125,853.5652465820312,466.5119934082031,289.9255676269531,274.0069274902344,132.3739776611328,187.66514587402344,135.1938018798828,125.49629974365234,112.28440856933594,137.39071655273438,73.74773406982422,77.03268432617188,95.13568115234375,66.18594360351562,61.47607421875,84.58917236328125,65.96946716308594,2273.7107512786165,2474844.7120770514,0.11341476171599718,0.01582550664925696,0.0705060213804245,0.002355543663725257,Korean
539,-329.3879699707031,72.59923553466797,14.274890899658203,17.002914428710938,24.228904724121094,-4.317050933837891,-1.4519706964492798,4.07978630065918,-12.73259449005127,0.5824541449546814,-8.11937427520752,3.141477584838867,-7.8056793212890625,9.02304458618164,-3.6508212089538574,-7.4067487716674805,-2.2506372928619385,-2.998467445373535,-12.202136039733887,-3.7246360778808594,20797.61328125,3721.84765625,1026.43994140625,801.0482177734375,468.9150085449219,218.88943481445312,265.0398254394531,116.45962524414062,193.1739501953125,136.31808471679688,105.92430114746094,105.4417953491211,137.32058715820312,79.38496398925781,69.02066040039062,97.50215148925781,57.85188674926758,57.71229553222656,93.06200408935547,69.97522735595703,2151.8243133701994,2741879.1488160808,0.10571273945433436,0.017424725268255475,0.06597243994474411,0.0024951533414423466,Korean
540,-324.04156494140625,64.74491119384766,52.99565887451172,20.846830368041992,21.04711151123047,-20.578632354736328,-21.012357711791992,-16.604665756225586,-31.688703536987305,-15.987133979797363,-12.87341594696045,-15.561086654663086,-15.270292282104492,-9.834885597229004,-12.867575645446777,-7.022971153259277,-16.199655532836914,-4.60188102722168,-8.752452850341797,-5.2346720695495605,7598.83251953125,3287.175537109375,991.9710083007812,713.3743896484375,545.7264404296875,513.0872802734375,265.9780578613281,176.41880798339844,240.902587890625,137.9343719482422,174.30235290527344,77.06803894042969,91.79247283935547,80.54839324951172,71.0792236328125,79.1956558227539,87.24840545654297,56.88761901855469,53.484073638916016,50.12514114379883,2477.3943914981196,3850996.8208878827,0.12286648097518132,0.027647715952943838,0.0817248672246933,0.004346512258052826,Spanish
541,-335.7099609375,68.47616577148438,58.20561218261719,16.746000289916992,28.004390716552734,-23.621675491333008,-20.120683670043945,-22.92255401611328,-34.891204833984375,-12.769125938415527,-17.255577087402344,-11.09726333618164,-12.038227081298828,-12.280143737792969,-11.964805603027344,0.24260957539081573,-19.771299362182617,-2.4325737953186035,-8.38174819946289,-4.6092071533203125,9646.2861328125,3755.6962890625,1166.7193603515625,683.8521118164062,723.8400268554688,503.8369445800781,366.0351867675781,199.70208740234375,217.0787353515625,164.4097900390625,201.13162231445312,104.80426025390625,110.44171142578125,89.73140716552734,75.52567291259766,95.82149505615234,118.68986511230469,63.84443283081055,63.81888961791992,54.05368423461914,2875.9126833563787,3933800.303098175,0.14304385091424293,0.03278902282779299,0.059093836694955826,0.001621340517885983,Spanish
542,-330.27703857421875,65.63554382324219,53.34038162231445,25.369613647460938,23.477474212646484,-23.45392417907715,-21.608535766601562,-20.016510009765625,-31.77374839782715,-13.336172103881836,-15.366779327392578,-16.525842666625977,-13.500244140625,-10.897112846374512,-14.981443405151367,-2.773369550704956,-17.336244583129883,-4.49456262588501,-6.618555068969727,-5.167774677276611,8996.2783203125,3399.0205078125,1116.181396484375,771.4820556640625,567.353271484375,466.482177734375,298.75128173828125,215.2356719970703,263.9932861328125,139.26829528808594,195.88320922851562,98.26448822021484,118.6685562133789,73.72008514404297,84.77569580078125,115.95510864257812,101.2388687133789,49.34523010253906,56.90305709838867,50.94687271118164,2416.247533807129,3616097.939197354,0.11282775562661918,0.02518570477118544,0.08827891945838928,0.004600867163389921,Spanish
543,-328.8489990234375,69.18494415283203,51.690406799316406,26.579185485839844,21.3076229095459,-22.858572006225586,-19.47249412536621,-19.903505325317383,-33.52176284790039,-15.847885131835938,-14.164395332336426,-16.469133377075195,-13.521855354309082,-9.302862167358398,-14.513328552246094,-3.8108298778533936,-16.98244857788086,-5.485097408294678,-7.15138578414917,-5.634486675262451,8221.169921875,3585.715087890625,934.1312255859375,723.684814453125,642.7006225585938,561.966796875,286.0616149902344,196.64266967773438,241.73672485351562,150.2517547607422,188.98817443847656,87.74347686767578,106.18773651123047,83.37762451171875,87.99869537353516,107.39427185058594,88.09624481201172,54.03054428100586,54.13982391357422,51.1827507019043,2296.1837445981696,3823473.068301419,0.11568752810251799,0.027501529264636816,0.08293979614973068,0.0040133739821612835,Spanish
544,-327.8253173828125,68.08794403076172,53.67989730834961,21.605119705200195,22.448497772216797,-24.457843780517578,-22.490299224853516,-19.052085876464844,-33.39339828491211,-14.881315231323242,-16.41218376159668,-15.531243324279785,-14.905221939086914,-11.4882173538208,-13.695634841918945,-2.9245591163635254,-18.414627075195312,-4.7251386642456055,-6.821928977966309,-5.220891952514648,7722.27490234375,3840.5947265625,1123.714599609375,678.0347900390625,669.2125244140625,516.9473266601562,270.43707275390625,187.61346435546875,219.96067810058594,154.58944702148438,200.05873107910156,93.93087005615234,100.64927673339844,82.43891906738281,70.10597229003906,100.48907470703125,101.96458435058594,58.787147521972656,58.92629623413086,56.9510612487793,2482.9693612568863,3826374.2984994394,0.11982675999070631,0.0282417387072505,0.07934502512216568,0.0034456190187484026,Spanish
545,-338.45654296875,75.12084197998047,56.493934631347656,20.4886474609375,26.45799446105957,-25.43250846862793,-20.094337463378906,-18.053905487060547,-32.22758865356445,-14.011119842529297,-16.05739402770996,-13.661089897155762,-16.44832420349121,-10.065448760986328,-14.640304565429688,-3.8827028274536133,-18.72285270690918,-3.0819199085235596,-7.60837984085083,-3.9435622692108154,8885.771484375,4156.66943359375,1231.29150390625,617.1946411132812,625.7858276367188,561.8925170898438,246.68890380859375,192.0708770751953,251.3253631591797,169.02001953125,194.2175750732422,88.43885803222656,95.88633728027344,82.15979766845703,73.7708740234375,104.6550521850586,103.12342071533203,67.782958984375,50.53297424316406,48.83386993408203,2509.970992690295,4141222.1671781824,0.12492800584864808,0.030400259215975427,0.06898237764835358,0.002406133571639657,Spanish
546,-323.59259033203125,71.97080993652344,51.54045867919922,23.08837890625,25.9908504486084,-27.35103988647461,-21.880895614624023,-20.13387680053711,-35.14866638183594,-13.802482604980469,-14.680540084838867,-15.059645652770996,-14.001873016357422,-10.500906944274902,-15.190340995788574,-1.8695411682128906,-19.056419372558594,-4.726080894470215,-6.88521146774292,-5.010817050933838,8875.2177734375,3299.91357421875,993.41845703125,670.1767578125,650.1959838867188,522.4288940429688,300.0746765136719,167.2582244873047,221.511474609375,149.98033142089844,224.83595275878906,77.72540283203125,104.08997344970703,86.42137908935547,75.03763580322266,110.65735626220703,105.71696472167969,54.430877685546875,55.32191848754883,57.692752838134766,2380.386061740557,3408702.130210368,0.10995935651463262,0.023959806395422695,0.08356072753667831,0.0036942516453564167,Spanish
547,-331.4326171875,76.70779418945312,52.0804328918457,24.601226806640625,26.79351806640625,-28.81167221069336,-20.953670501708984,-18.58187484741211,-36.9500732421875,-13.64844799041748,-16.290645599365234,-15.203086853027344,-14.079397201538086,-9.925599098205566,-15.993858337402344,-0.5802084803581238,-18.628225326538086,-5.042064666748047,-6.269115924835205,-3.1115012168884277,8821.5185546875,3844.613037109375,1181.8626708984375,722.87109375,784.580078125,601.8802490234375,262.75,201.44000244140625,259.2263488769531,171.65525817871094,206.88047790527344,84.68401336669922,103.75184631347656,83.24267578125,82.02549743652344,114.5664291381836,94.29515075683594,51.519622802734375,55.675537109375,51.17415237426758,2452.74156274064,4421166.586891717,0.1341095631256764,0.03282913124466531,0.07478852570056915,0.0027884207665920258,Spanish
548,-347.7232360839844,59.27481460571289,63.63365936279297,13.74864673614502,26.333280563354492,-15.08204174041748,-22.902467727661133,-18.693696975708008,-27.822620391845703,-14.845584869384766,-16.20460319519043,-9.79142951965332,-16.539262771606445,-12.4682035446167,-10.283371925354004,-7.041186332702637,-17.661418914794922,-1.9805699586868286,-9.855415344238281,-4.034486770629883,7946.005859375,3921.853515625,1149.400390625,662.8089599609375,518.8648681640625,393.0437927246094,284.1863708496094,220.4784393310547,192.7694091796875,150.72039794921875,150.23606872558594,80.36744689941406,99.86944580078125,84.66317749023438,77.78994750976562,81.26141357421875,116.97943115234375,58.978240966796875,51.20200729370117,40.532413482666016,3007.2946678145686,4232891.725281382,0.15141834253262104,0.033872714740601925,0.055496376007795334,0.0020935575012117624,Spanish
549,-340.8783874511719,56.48908615112305,59.5109748840332,15.228485107421875,28.981210708618164,-18.198822021484375,-21.375015258789062,-17.660198211669922,-26.71297836303711,-15.259248733520508,-16.41459083557129,-10.329209327697754,-15.623946189880371,-11.686498641967773,-9.636581420898438,-5.890285491943359,-15.706985473632812,-0.9072771668434143,-10.303422927856445,-4.125511646270752,8103.9111328125,3179.266845703125,1081.471923828125,615.7780151367188,598.707275390625,435.25897216796875,307.5837097167969,202.39132690429688,225.38107299804688,145.9827117919922,138.21432495117188,78.50933837890625,102.20706939697266,83.8025131225586,74.12225341796875,84.85741424560547,103.0823974609375,64.43714904785156,61.675174713134766,41.413307189941406,3227.187640740653,3918656.4181965254,0.16231336152145276,0.033964617815107484,0.058365438133478165,0.002748005324974656,Spanish
550,-347.4371032714844,74.90186309814453,56.90765380859375,27.32855224609375,30.71219825744629,-27.17738914489746,-24.970211029052734,-23.486648559570312,-37.817867279052734,-10.96860122680664,-12.357733726501465,-16.119712829589844,-13.330224990844727,-13.894070625305176,-13.821623802185059,-7.215693950653076,-19.674819946289062,-4.6054911613464355,-11.547061920166016,-4.810178279876709,9837.810546875,3034.607666015625,948.9869995117188,698.6712036132812,665.4282836914062,530.4607543945312,279.7550354003906,175.06072998046875,228.94647216796875,187.7345428466797,199.2252960205078,83.06475067138672,100.94807434082031,88.21311950683594,72.4758071899414,83.22882080078125,89.61228942871094,55.53363800048828,56.64973449707031,54.31853485107422,2382.0799255316083,3175550.7631279696,0.10944455797283702,0.021559670904131353,0.0589728020131588,0.0015657711774110794,Spanish
551,-339.9756774902344,66.93614196777344,53.58670425415039,18.26460838317871,19.593673706054688,-17.053089141845703,-22.85059356689453,-17.659893035888672,-31.570451736450195,-12.781708717346191,-15.749287605285645,-16.2049503326416,-13.901660919189453,-16.228328704833984,-6.802489280700684,-9.178362846374512,-19.416196823120117,-5.166465759277344,-11.290887832641602,-5.454376697540283,9031.1962890625,3566.2666015625,1127.2884521484375,742.2805786132812,568.6995239257812,361.3020935058594,299.20855712890625,171.4976348876953,272.56390380859375,143.25718688964844,178.7335205078125,89.64305114746094,113.96478271484375,101.27530670166016,90.43082427978516,86.4045181274414,123.05403137207031,73.80453491210938,68.49290466308594,53.897857666015625,2617.1013045419822,3876022.223207477,0.12896307660297338,0.029131662134487354,0.06477198749780655,0.0030100883450359106,Spanish
552,-323.109375,60.97883605957031,56.30326843261719,19.114099502563477,24.861400604248047,-19.883474349975586,-21.555049896240234,-19.590900421142578,-32.26262283325195,-11.252983093261719,-15.172530174255371,-12.691573143005371,-12.905282974243164,-13.892827033996582,-10.487773895263672,-9.083536148071289,-17.701114654541016,-6.0538225173950195,-12.183588027954102,-4.735413074493408,9100.9775390625,3258.787109375,953.1842041015625,739.891357421875,562.2218627929688,451.4504089355469,296.5455627441406,212.72970581054688,272.7196044921875,148.37161254882812,154.30654907226562,78.125732421875,101.37940216064453,79.30548858642578,88.12403869628906,78.07500457763672,94.21673583984375,71.05206298828125,55.51654052734375,54.4698486328125,2765.85137277274,3706086.5628247284,0.1290772014731173,0.029317111441138462,0.07291212677955627,0.0031808491330593824,Spanish
553,-329.3096923828125,64.27799987792969,54.024803161621094,26.628658294677734,26.07814598083496,-24.382671356201172,-19.710338592529297,-21.439239501953125,-35.28572463989258,-11.708125114440918,-14.779936790466309,-12.887049674987793,-14.9387845993042,-13.362258911132812,-13.571407318115234,-6.867323398590088,-17.19130516052246,-8.018322944641113,-9.104483604431152,-4.607077121734619,9108.3388671875,3043.5634765625,993.2678833007812,838.959716796875,675.8082275390625,546.226806640625,290.841064453125,217.62313842773438,292.91668701171875,155.64141845703125,190.6199493408203,92.64781188964844,93.29694366455078,83.74314880371094,77.30826568603516,78.7168197631836,86.1291732788086,53.53196716308594,55.857887268066406,53.45597839355469,2576.676840488163,3188667.7603165773,0.11465768835943468,0.022418503562787573,0.06736649572849274,0.002574760001152754,Spanish
554,-330.8931884765625,71.1912841796875,54.155635833740234,23.448516845703125,30.0155029296875,-24.650094985961914,-22.87091636657715,-19.321353912353516,-38.3316535949707,-10.527134895324707,-14.092459678649902,-14.710543632507324,-12.384178161621094,-14.592992782592773,-14.677568435668945,-4.701540946960449,-20.4238338470459,-7.767989635467529,-10.0291166305542,-4.424353122711182,9073.212890625,3265.4501953125,986.1892700195312,698.1541137695312,639.8555908203125,532.4319458007812,280.09417724609375,214.5557403564453,294.2947082519531,181.8382110595703,180.5290985107422,84.07551574707031,98.96976470947266,77.96818542480469,75.1319580078125,106.65203857421875,94.72277069091797,49.29578399658203,54.372840881347656,52.88276290893555,2569.6161741121514,3650379.5581494784,0.12286551339285715,0.026359662942740385,0.066872738301754,0.0024092018138617277,Spanish
555,-324.4234619140625,62.25929260253906,56.27354049682617,22.17462158203125,26.521320343017578,-21.030853271484375,-21.182592391967773,-18.845905303955078,-33.01148223876953,-12.400675773620605,-12.96960735321045,-14.526947021484375,-15.120980262756348,-12.502344131469727,-12.425783157348633,-9.050354957580566,-16.92621421813965,-4.293076992034912,-11.876569747924805,-5.222311019897461,8989.8544921875,3321.9208984375,1057.5111083984375,722.1453247070312,559.5680541992188,485.0954284667969,309.18792724609375,199.0792236328125,273.57867431640625,171.5498046875,182.0177764892578,84.2544937133789,91.6005630493164,88.54009246826172,83.25914764404297,85.56669616699219,82.13467407226562,56.31749725341797,58.515953063964844,55.6482048034668,2753.886447384918,3851607.566060254,0.13050825978053435,0.029363542954048263,0.07125501334667206,0.002776696113869548,Spanish
556,-326.3134460449219,68.44342041015625,53.374046325683594,24.869604110717773,33.3060302734375,-29.462627410888672,-22.496461868286133,-19.95290184020996,-39.115501403808594,-11.24245834350586,-13.988973617553711,-13.341822624206543,-13.888629913330078,-11.446335792541504,-15.069520950317383,-6.119270324707031,-17.449848175048828,-6.563313961029053,-11.096719741821289,-2.8896405696868896,10205.8193359375,3857.17529296875,1048.149169921875,786.5009765625,700.615478515625,590.3860473632812,295.2763671875,195.61215209960938,285.44598388671875,177.8112030029297,189.54147338867188,75.54999542236328,98.12262725830078,80.448974609375,69.54517364501953,71.5918197631836,81.22503662109375,48.93073654174805,53.950653076171875,55.40028381347656,2788.0198692206895,3994893.178635401,0.13986372343869916,0.0314834771481518,0.06722249835729599,0.002020573476329446,Spanish
557,-357.2764587402344,75.0652847290039,55.17012405395508,15.314480781555176,27.263397216796875,-17.701969146728516,-24.544330596923828,-20.694921493530273,-31.74724006652832,-15.7625732421875,-16.881229400634766,-15.542621612548828,-14.387499809265137,-16.287572860717773,-6.712180137634277,-7.284371376037598,-21.2364444732666,-3.318171262741089,-10.60890007019043,-3.6975808143615723,8576.3857421875,4000.91943359375,1146.2030029296875,708.1414794921875,608.0289916992188,402.6354675292969,317.08782958984375,188.0311279296875,234.1564178466797,154.59979248046875,172.1136474609375,90.6512222290039,91.17115783691406,93.49118041992188,88.99050903320312,66.57720947265625,126.91462707519531,72.05908966064453,64.2696533203125,56.622371673583984,2587.3905980812115,3785652.965048987,0.12820579575852376,0.028504113717983434,0.049061261117458344,0.0011732577113434672,Spanish
558,-341.5020446777344,73.3127670288086,49.267723083496094,16.71058464050293,26.852230072021484,-20.40907859802246,-20.936443328857422,-20.55801773071289,-30.85049819946289,-14.81452751159668,-15.719182968139648,-15.071924209594727,-12.884221076965332,-16.432138442993164,-8.332303047180176,-6.622368335723877,-20.392377853393555,-4.88787317276001,-9.931848526000977,-2.326564311981201,8089.31298828125,3524.944091796875,1082.75244140625,775.7780151367188,621.5343627929688,480.41162109375,270.30267333984375,199.39187622070312,259.17474365234375,160.7058868408203,181.12567138671875,92.09904479980469,101.62599182128906,97.5600814819336,77.17281341552734,79.67329406738281,128.8311309814453,70.1264877319336,57.304954528808594,52.963104248046875,2526.4794316573716,3593984.533131221,0.12226213103756708,0.02691341211261709,0.05898132920265198,0.002344509121030569,Spanish
559,-322.5613098144531,70.08784484863281,48.57730484008789,17.803016662597656,22.518957138061523,-21.845443725585938,-20.120859146118164,-21.313480377197266,-33.19248962402344,-12.528782844543457,-16.07180404663086,-14.036266326904297,-12.580816268920898,-15.179494857788086,-8.457356452941895,-7.691810607910156,-17.391645431518555,-7.447317123413086,-8.741125106811523,-2.668625593185425,8338.0703125,3504.234619140625,1188.2216796875,616.1996459960938,559.2214965820312,478.0021057128906,265.9934997558594,207.5796356201172,273.5899658203125,177.3954620361328,172.03048706054688,90.20655822753906,121.37772369384766,96.50653076171875,84.9457015991211,82.37059020996094,85.86266326904297,65.14535522460938,53.32147216796875,57.96977615356445,2623.5229920956444,3584748.085928755,0.12848446452181578,0.026018824322977873,0.07028660923242569,0.003107665339484811,Spanish
560,-379.275146484375,81.6498031616211,58.299312591552734,14.462778091430664,31.61536407470703,-20.059762954711914,-22.04330825805664,-24.910037994384766,-33.01329040527344,-13.257726669311523,-14.023602485656738,-12.92046070098877,-15.537288665771484,-13.617043495178223,-10.197025299072266,-7.5618791580200195,-17.416189193725586,-9.195145606994629,-6.703702449798584,-6.920207977294922,6487.13623046875,4122.962890625,1262.6502685546875,932.4568481445312,669.0811157226562,533.7081909179688,410.4747009277344,236.0164794921875,240.18997192382812,205.7497100830078,223.47555541992188,113.33180236816406,112.74968719482422,110.67440795898438,92.72523498535156,74.91510009765625,103.87479400634766,72.36083221435547,56.8984489440918,55.44915008544922,2324.546757410852,4323931.743586631,0.12381182868929017,0.030124835282815295,0.045515235513448715,0.0010213354835286736,Spanish
561,-346.9023742675781,83.60181427001953,39.5424690246582,27.46647071838379,41.23504638671875,-37.67943572998047,-24.015398025512695,-16.91617202758789,-42.79090881347656,-13.106019973754883,-10.67183780670166,-17.607812881469727,-15.013097763061523,-7.829772472381592,-15.321065902709961,-6.311306476593018,-12.245500564575195,-11.978569984436035,-9.105743408203125,-1.7774847745895386,9277.0576171875,4349.75537109375,1456.47412109375,816.9012451171875,1193.326416015625,896.9765625,366.80157470703125,244.05487060546875,344.4385070800781,219.68441772460938,258.9325256347656,98.38487243652344,109.92638397216797,94.6668701171875,98.59418487548828,76.72444152832031,73.37779235839844,66.94811248779297,60.718379974365234,60.42277145385742,2194.0278730602536,3960818.156106134,0.11603183670948616,0.027830395266101975,0.06433775275945663,0.0020060851238667965,Spanish
562,-377.8282165527344,85.11241149902344,45.84352493286133,26.993013381958008,35.335208892822266,-31.644742965698242,-18.207012176513672,-24.215576171875,-36.32588577270508,-12.972028732299805,-15.321142196655273,-15.9679594039917,-12.023683547973633,-12.201081275939941,-13.574621200561523,-3.767395496368408,-15.862932205200195,-11.5908842086792,-3.8762617111206055,-7.235964775085449,8160.1220703125,3920.69970703125,1322.9658203125,972.2572021484375,932.3869018554688,761.0210571289062,393.89019775390625,298.9290771484375,295.6029357910156,219.37637329101562,253.0233612060547,103.99565887451172,105.92681884765625,101.48683166503906,87.0549545288086,81.92354583740234,96.16126251220703,64.01067352294922,59.889888763427734,65.69379425048828,2084.5523578661155,3618296.4932539677,0.10275551305411341,0.02142427294658818,0.05156916752457619,0.0015509681543335319,Spanish
563,-363.72613525390625,77.70936584472656,38.61188507080078,29.59519386291504,35.47282409667969,-28.51371955871582,-24.128860473632812,-21.05752944946289,-38.567298889160156,-13.328970909118652,-15.431267738342285,-16.232864379882812,-11.810869216918945,-9.846689224243164,-15.062384605407715,-4.486359596252441,-13.301703453063965,-12.874490737915039,-6.55797004699707,-3.3556337356567383,7572.7275390625,4600.42724609375,1495.011962890625,852.9087524414062,908.3084106445312,715.7882080078125,374.5519104003906,264.2193603515625,303.6618347167969,204.94741821289062,270.8985595703125,120.51860809326172,105.5692138671875,100.92670440673828,97.99637603759766,78.47732543945312,88.45841217041016,67.94195556640625,53.63384246826172,52.19203186035156,2206.5893050895484,4497187.436918243,0.12548277113172743,0.030137584410876574,0.05301681533455849,0.0016609567683190107,Spanish
564,-329.5366516113281,85.0558090209961,31.678037643432617,27.9281063079834,32.624088287353516,-33.95064926147461,-18.624923706054688,-17.31561279296875,-44.7316780090332,-10.864063262939453,-11.052124977111816,-18.82866859436035,-12.51810073852539,-8.643604278564453,-15.419857025146484,-5.537997245788574,-12.427797317504883,-11.65624713897705,-6.996275901794434,-2.5805580615997314,9626.6875,4420.81396484375,1550.064208984375,816.3088989257812,975.7109375,745.4274291992188,361.60540771484375,240.0160675048828,405.6032409667969,200.6630401611328,279.18487548828125,119.11936950683594,111.27519989013672,105.3380355834961,96.10411071777344,78.0255126953125,85.53021240234375,61.266571044921875,54.71748733520508,57.60974884033203,2131.732645127682,3613496.010701817,0.10926027803515274,0.023014285185356833,0.0741257518529892,0.0026563704013824463,Spanish
565,-326.8960266113281,83.2637710571289,35.55056381225586,29.161636352539062,36.769493103027344,-37.96355438232422,-20.687711715698242,-19.528940200805664,-42.40690612792969,-10.487699508666992,-14.01240348815918,-17.412033081054688,-12.470832824707031,-8.667525291442871,-15.348398208618164,-5.261438369750977,-12.22165298461914,-12.073365211486816,-5.371547698974609,-5.154652118682861,9555.224609375,4593.90771484375,1546.1148681640625,851.7451171875,1117.9697265625,869.2929077148438,412.6142578125,250.74815368652344,350.40777587890625,212.5820770263672,233.45745849609375,103.23729705810547,96.479248046875,107.23920440673828,81.35477447509766,75.16931915283203,71.08035278320312,62.87929916381836,50.431602478027344,51.42645263671875,2243.131859789655,4143026.8388951584,0.12132119166746275,0.02877583330527105,0.07558180391788483,0.0024681666400283575,Spanish
566,-344.071044921875,87.00238037109375,37.9003791809082,26.152721405029297,38.17763137817383,-34.783912658691406,-24.439252853393555,-19.513357162475586,-41.49440383911133,-14.145697593688965,-11.802656173706055,-17.699342727661133,-12.706521034240723,-8.173421859741211,-15.323906898498535,-6.041528224945068,-12.020966529846191,-11.263429641723633,-8.666640281677246,-3.167231798171997,8276.15234375,4032.2041015625,1401.78662109375,760.9351806640625,1079.3428955078125,760.3763427734375,360.6719665527344,230.26625061035156,316.8585510253906,224.13916015625,251.68182373046875,92.5648422241211,108.2240982055664,97.575439453125,93.212158203125,74.57182312011719,77.90557861328125,63.18598937988281,57.30170440673828,59.3251838684082,2077.8211015664356,3939207.662670181,0.11025394288025131,0.025111092401461678,0.06375555694103241,0.0019834074191749096,Spanish
567,-352.0110168457031,74.50237274169922,41.64195251464844,29.270586013793945,35.90443420410156,-31.463565826416016,-24.072837829589844,-16.373979568481445,-38.68244552612305,-15.692782402038574,-14.140246391296387,-15.973563194274902,-13.918333053588867,-7.6797919273376465,-14.382590293884277,-6.441934108734131,-10.48454761505127,-10.932159423828125,-8.673067092895508,-3.0412087440490723,7844.0869140625,4792.0791015625,1404.037841796875,912.7103271484375,1071.623046875,840.7671508789062,376.96923828125,252.24813842773438,305.9881591796875,220.31143188476562,265.2880554199219,107.17290496826172,117.28875732421875,89.80266571044922,90.5904769897461,67.64972686767578,70.4610366821289,61.82535934448242,49.57185363769531,55.38581085205078,2316.076397119649,4687934.514560686,0.13120750540918055,0.033205754186066076,0.06078927591443062,0.002057814970612526,Spanish
568,-323.5447082519531,85.66000366210938,33.887210845947266,21.76473045349121,33.24339294433594,-34.25143814086914,-21.059463500976562,-17.750062942504883,-40.673343658447266,-9.871898651123047,-9.648776054382324,-18.59206199645996,-13.11755084991455,-9.711614608764648,-15.135198593139648,-5.71414852142334,-13.187196731567383,-11.742779731750488,-7.524813652038574,-2.175726890563965,9615.21484375,4030.3056640625,1372.0506591796875,788.812255859375,1007.7289428710938,823.4874877929688,354.1997375488281,224.52386474609375,322.792236328125,222.624755859375,255.61582946777344,100.55916595458984,117.37873840332031,96.99824523925781,92.17253875732422,82.88496398925781,84.41806030273438,64.09617614746094,57.29387283325195,62.405487060546875,2233.177781250035,3831854.216511632,0.12081124035942957,0.02745077693629847,0.07181842625141144,0.002516993787139654,Spanish
569,-332.1839294433594,79.47860717773438,42.732601165771484,27.087276458740234,35.93918991088867,-35.78703689575195,-21.610506057739258,-16.14134407043457,-43.234256744384766,-13.133252143859863,-15.039556503295898,-17.718727111816406,-12.626585960388184,-8.067551612854004,-14.618974685668945,-4.406099796295166,-12.541513442993164,-12.396499633789062,-7.7674384117126465,-2.8399996757507324,8136.7216796875,3888.93115234375,1368.3790283203125,728.6004638671875,1159.70654296875,823.892333984375,367.8112487792969,253.2286376953125,323.67755126953125,209.24517822265625,267.7469177246094,102.73490142822266,111.4879379272461,98.89017486572266,87.99517059326172,75.41911315917969,83.18590545654297,76.2289810180664,63.81721115112305,61.48630142211914,2318.884035959783,3930438.475942207,0.12214278719409073,0.026904784834844233,0.06878799200057983,0.0023101954720914364,Spanish
570,-292.6992492675781,47.86560821533203,60.201271057128906,20.49003791809082,22.16196632385254,-25.20819091796875,-20.735469818115234,-21.56929588317871,-34.291866302490234,-8.100695610046387,-17.227243423461914,-16.011898040771484,-15.350842475891113,-11.581550598144531,-13.63480281829834,-5.825978755950928,-15.195683479309082,-5.454754829406738,-11.024271011352539,-4.685945987701416,9231.9658203125,3949.262451171875,986.310791015625,791.9254150390625,616.664794921875,561.4290161132812,286.8170471191406,186.31307983398438,286.10614013671875,204.71690368652344,190.16009521484375,108.9493408203125,121.47168731689453,94.12950897216797,80.18602752685547,94.53022003173828,86.24713134765625,60.67616653442383,67.58568572998047,65.11608123779297,3170.6309530149783,4549442.267472497,0.16444897281275553,0.04333508450023127,0.10774016380310059,0.006186739541590214,Spanish
571,-350.48529052734375,48.50566482543945,70.24016571044922,17.168968200683594,27.442005157470703,-17.08156967163086,-22.093883514404297,-16.10667610168457,-28.49128532409668,-13.33211612701416,-19.80141258239746,-11.768940925598145,-19.211864471435547,-10.220845222473145,-9.61781120300293,-10.556280136108398,-15.402076721191406,-3.293044328689575,-7.687222480773926,-4.620851993560791,7121.88623046875,3830.407958984375,921.9221801757812,728.0089111328125,525.2950439453125,384.7325134277344,286.0099792480469,170.6485137939453,206.24227905273438,125.74313354492188,139.10093688964844,79.24463653564453,88.58015441894531,67.64705657958984,68.32334899902344,62.53158187866211,89.97769165039062,63.84305953979492,48.4791374206543,40.23141098022461,3350.852030320706,4341152.357129974,0.16390406831781915,0.03690566687818133,0.05609927326440811,0.0016081456560641527,Spanish
572,-300.0788879394531,62.53529357910156,51.21707534790039,23.665868759155273,28.602062225341797,-28.86624526977539,-23.175617218017578,-22.232723236083984,-34.674827575683594,-11.898604393005371,-12.780285835266113,-16.51594352722168,-14.15954875946045,-11.625596046447754,-15.40050983428955,-3.601769208908081,-19.699098587036133,-4.8012189865112305,-8.576146125793457,-2.390213966369629,9548.880859375,2893.0009765625,1006.568115234375,806.0017700195312,693.7117309570312,599.27392578125,310.0213928222656,184.89976501464844,252.50917053222656,154.7838134765625,220.1826629638672,87.61529541015625,122.49957275390625,82.93896484375,70.35877990722656,106.16028594970703,105.82868194580078,62.91010665893555,61.6529541015625,66.42388916015625,2683.911746659181,2975735.5626084236,0.1132720813149221,0.021742662630742145,0.08711983263492584,0.003917103633284569,Spanish
573,-321.9313659667969,54.96043395996094,52.38253402709961,23.955129623413086,25.689786911010742,-23.612804412841797,-20.387712478637695,-18.593584060668945,-36.26378631591797,-13.195512771606445,-14.436394691467285,-17.223291397094727,-13.094340324401855,-11.583806991577148,-15.029037475585938,-4.247706890106201,-17.123783111572266,-4.13796329498291,-8.537166595458984,-1.3522793054580688,12312.033203125,4089.032470703125,1150.8675537109375,766.1329956054688,848.7343139648438,713.5003662109375,335.06121826171875,228.93650817871094,359.3848571777344,157.37913513183594,191.07106018066406,94.97050476074219,132.04901123046875,93.05731201171875,77.95203399658203,93.02198791503906,117.97129821777344,70.43647766113281,59.30186080932617,56.4080810546875,2924.313980245331,4025661.447012606,0.14336406079607417,0.03281907043008552,0.07711634039878845,0.003576496383175254,Spanish
574,-344.8301696777344,75.91658782958984,48.464874267578125,19.111106872558594,22.61417007446289,-20.483556747436523,-24.87618064880371,-23.59148597717285,-30.180442810058594,-14.23874282836914,-15.180723190307617,-13.411953926086426,-17.807758331298828,-12.015403747558594,-15.208830833435059,-3.130974531173706,-20.079633712768555,-6.0226664543151855,-5.529009819030762,-6.399530410766602,7680.427734375,3938.424072265625,1173.2589111328125,794.837646484375,650.1675415039062,436.5911865234375,300.3049621582031,214.59886169433594,191.79983520507812,144.22579956054688,222.2711639404297,77.59989166259766,110.49238586425781,90.90062713623047,79.8154525756836,86.21757507324219,102.99552154541016,56.21329879760742,51.46316146850586,54.20535659790039,2520.4128519171377,4033265.042157566,0.1286104991355285,0.028343945317517504,0.055251289159059525,0.0016678159590810537,Spanish
575,-350.7035827636719,53.944095611572266,62.910003662109375,18.906478881835938,30.144119262695312,-23.585792541503906,-23.364797592163086,-18.037992477416992,-30.96226692199707,-14.112421035766602,-17.1435604095459,-12.363825798034668,-18.108440399169922,-11.944125175476074,-11.753458023071289,-5.509642601013184,-17.45185089111328,-4.158772945404053,-8.925540924072266,-3.7213451862335205,9158.7998046875,3875.462890625,1255.2113037109375,797.8228759765625,590.8857421875,518.3521118164062,317.7054748535156,218.60699462890625,217.115966796875,137.91326904296875,195.79226684570312,77.80648040771484,89.04830932617188,85.86962890625,87.50373077392578,82.59093475341797,96.59635925292969,68.81116485595703,54.906375885009766,47.8362922668457,3320.9023451766416,4011949.846821972,0.16470623316120342,0.0340743687186961,0.05326984077692032,0.0016083796508610249,Spanish
576,-347.45416259765625,54.654396057128906,65.10971069335938,13.321596145629883,23.098424911499023,-14.637396812438965,-20.422086715698242,-17.12558364868164,-21.910314559936523,-14.659369468688965,-20.4154052734375,-9.04776668548584,-21.384897232055664,-8.663750648498535,-9.352235794067383,-10.911705017089844,-12.53918170928955,-5.919890403747559,-8.479692459106445,-5.6776018142700195,6793.42041015625,3394.086181640625,1006.1784057617188,673.2904052734375,469.8758850097656,313.95440673828125,224.1540069580078,202.6349334716797,164.877685546875,143.07777404785156,129.2512664794922,77.15847778320312,99.3663330078125,64.93429565429688,72.2457504272461,56.41508865356445,61.40681457519531,50.48761749267578,37.94715881347656,39.08061981201172,3225.782624351047,3876468.7740636445,0.15881381126370936,0.034504000043411455,0.053547006100416183,0.0018692737212404609,Spanish
577,-363.9073791503906,57.15272903442383,68.35627746582031,16.18670654296875,26.69312858581543,-17.899738311767578,-23.327442169189453,-20.539743423461914,-22.35357666015625,-17.094135284423828,-20.05439567565918,-8.867030143737793,-22.951229095458984,-6.159542560577393,-11.770746231079102,-7.542006969451904,-16.39249038696289,-5.035240173339844,-8.41602611541748,-8.88765811920166,9716.14453125,4015.93505859375,997.5060424804688,759.32080078125,558.9552612304688,411.5780029296875,260.8681640625,192.3329620361328,202.96926879882812,154.6083526611328,168.52090454101562,89.82339477539062,102.6552734375,76.068603515625,64.3106689453125,62.17831039428711,80.92076873779297,55.556068420410156,43.80527877807617,49.257530212402344,3229.31846745698,4213905.170031253,0.16247102771081248,0.034494728361148856,0.05053231492638588,0.001375045394524932,Spanish
578,-355.6080627441406,49.72948455810547,65.49901580810547,16.626731872558594,30.340787887573242,-19.427032470703125,-24.073820114135742,-17.817794799804688,-25.84749412536621,-15.232057571411133,-20.223812103271484,-10.902145385742188,-17.831504821777344,-13.232451438903809,-9.405506134033203,-7.002645492553711,-17.783544540405273,-2.711793899536133,-10.362663269042969,-5.124228000640869,8667.224609375,4098.63134765625,1084.5213623046875,808.7277221679688,566.9655151367188,445.15582275390625,296.5850524902344,217.81619262695312,256.04534912109375,151.70590209960938,189.20042419433594,80.33917999267578,87.64236450195312,89.15423583984375,87.03750610351562,67.46349334716797,96.70684814453125,72.03229522705078,56.11093521118164,50.38193130493164,3375.6508078282104,4217315.79618046,0.1700533209125384,0.03789913144253902,0.052491605281829834,0.001594285131432116,Spanish
579,-349.4167175292969,56.72654724121094,72.58297729492188,16.20058250427246,28.441099166870117,-19.695528030395508,-24.74832534790039,-15.784892082214355,-29.310630798339844,-14.108715057373047,-20.335067749023438,-11.397478103637695,-19.856258392333984,-11.112340927124023,-9.192980766296387,-12.346649169921875,-15.083420753479004,-2.0103859901428223,-9.989191055297852,-4.298008918762207,7568.13134765625,3525.67431640625,911.0639038085938,902.4931030273438,520.9599609375,403.8410339355469,281.2010803222656,146.02401733398438,211.2356414794922,127.90036010742188,140.0126190185547,85.51054382324219,86.80636596679688,73.0956039428711,71.32465362548828,58.374786376953125,85.64251708984375,68.36424255371094,49.617591857910156,38.937255859375,3205.4866106303707,3884392.9695699615,0.15294399009603843,0.033264021399866096,0.05490652099251747,0.0015809376491233706,Spanish
580,-325.5331115722656,69.33458709716797,46.02608871459961,31.294960021972656,31.002567291259766,-23.34689712524414,-24.843711853027344,-18.540449142456055,-39.06821060180664,-10.058548927307129,-14.712303161621094,-16.811359405517578,-13.37893009185791,-12.422930717468262,-9.11068344116211,-5.73457145690918,-15.219073295593262,-2.8583688735961914,-9.71959400177002,-4.657862663269043,10484.7861328125,4421.337890625,1342.6591796875,761.987548828125,733.7333984375,652.7708740234375,347.0902404785156,193.4877166748047,280.5698547363281,164.63877868652344,219.9480438232422,87.86871337890625,99.33899688720703,84.32933044433594,64.06392669677734,68.28474426269531,75.52738189697266,55.035701751708984,58.55580520629883,48.04969787597656,2460.6614668531506,4098220.6186879934,0.13399695022476799,0.03295583646099967,0.06762225180864334,0.0022820732556283474,Spanish
581,-325.7506103515625,74.53345489501953,47.67958068847656,29.359621047973633,28.833209991455078,-24.878801345825195,-18.839420318603516,-24.727230072021484,-36.82154083251953,-8.805376052856445,-18.07938575744629,-13.546015739440918,-12.218859672546387,-13.838058471679688,-8.86030101776123,-5.085719108581543,-13.892114639282227,-5.77462100982666,-7.0895161628723145,-3.949375867843628,9746.533203125,3981.154052734375,1263.538818359375,765.8494262695312,808.466796875,585.4688110351562,286.6405029296875,264.3515625,283.7626037597656,185.5156707763672,193.87330627441406,100.10242462158203,110.98362731933594,83.88953399658203,81.14924621582031,84.93275451660156,71.24221801757812,57.3824577331543,53.679168701171875,46.95034408569336,2446.63903897394,3493534.9076999174,0.12121995744436505,0.02517918728347976,0.07190123945474625,0.002717861207202077,Spanish
582,-348.64263916015625,65.79566192626953,51.20805358886719,25.20765495300293,28.490436553955078,-16.011611938476562,-24.441051483154297,-22.64283561706543,-31.816020965576172,-11.439135551452637,-21.049654006958008,-13.542940139770508,-15.537126541137695,-12.33056354522705,-6.910552501678467,-7.464012622833252,-14.830310821533203,-1.727311134338379,-9.925101280212402,-5.358343601226807,9036.3017578125,4655.01806640625,1068.449951171875,638.676025390625,671.568115234375,510.4357604980469,275.6778259277344,224.00167846679688,254.993408203125,143.15829467773438,163.67567443847656,71.5721435546875,85.10679626464844,95.23695373535156,85.6393051147461,64.88948059082031,78.66019439697266,69.60264587402344,53.39391326904297,43.8207893371582,2669.562777075324,4405547.953929625,0.14560719055433116,0.032419893642690774,0.054849181324243546,0.0017710411921143532,Spanish
583,-340.31024169921875,67.28387451171875,50.9919548034668,29.03659439086914,25.90191078186035,-17.58649444580078,-20.8337459564209,-21.98788070678711,-33.45189666748047,-11.469705581665039,-21.01626968383789,-12.746811866760254,-16.29187774658203,-12.338007926940918,-8.579141616821289,-7.805732727050781,-13.10775375366211,-4.539826393127441,-9.264588356018066,-5.442700386047363,8726.40625,4787.10546875,1266.872314453125,663.3558349609375,673.6033325195312,576.3006591796875,296.3757629394531,239.96890258789062,247.4832305908203,157.83859252929688,177.33969116210938,81.13168334960938,82.30036926269531,75.82083892822266,83.35256958007812,64.99785614013672,62.15407180786133,56.05678939819336,47.66844940185547,37.10380554199219,2573.337403915586,4519885.237425727,0.14083137146113245,0.03361171071348388,0.05873814970254898,0.002015757141634822,Spanish
584,-329.50421142578125,74.00225067138672,43.92082977294922,33.004512786865234,28.477611541748047,-25.072729110717773,-19.64980125427246,-25.57229995727539,-32.13186264038086,-10.467157363891602,-22.966466903686523,-11.75792407989502,-16.710573196411133,-11.724642753601074,-9.352933883666992,-5.1856536865234375,-14.429853439331055,-3.9656200408935547,-7.898565769195557,-6.368466854095459,8984.783203125,4206.4814453125,1342.254638671875,783.32373046875,710.8544921875,645.756591796875,298.5716857910156,258.37139892578125,254.23785400390625,149.76551818847656,199.3018798828125,88.82699584960938,74.23423767089844,83.98388671875,65.54862976074219,57.678985595703125,74.86074829101562,56.23286437988281,41.150814056396484,38.23625183105469,2428.85514122837,3961351.614860333,0.12873953683035713,0.028448617253498155,0.06693155318498611,0.002655765973031521,Spanish
585,-337.3221130371094,64.6570053100586,56.08089065551758,25.271060943603516,32.07542419433594,-18.727256774902344,-25.34368896484375,-21.503265380859375,-31.231796264648438,-9.954668998718262,-20.7665958404541,-12.577962875366211,-17.322980880737305,-11.193744659423828,-7.706737995147705,-7.609006881713867,-14.58789348602295,-1.958821415901184,-10.725666999816895,-5.411716938018799,9167.4228515625,4492.517578125,1211.1043701171875,670.5286865234375,688.7688598632812,554.1655883789062,298.718017578125,230.65353393554688,302.20330810546875,126.1983871459961,153.5639190673828,87.55884552001953,99.05020904541016,70.95808410644531,91.39202880859375,88.08861541748047,77.76293182373047,64.61241149902344,51.299930572509766,39.78605270385742,2746.7695326479047,4299308.569393895,0.14542797504443128,0.0331048412070697,0.060378383845090866,0.0019270410994067788,Spanish
586,-321.2161560058594,74.32666015625,41.664947509765625,30.43561363220215,31.46714973449707,-25.435810089111328,-24.029315948486328,-16.97168731689453,-40.28899383544922,-12.706945419311523,-17.71229362487793,-16.79195213317871,-13.86184024810791,-10.613972663879395,-12.11656665802002,-4.328097820281982,-13.724822044372559,-4.154209136962891,-9.017078399658203,-3.8787014484405518,8951.3134765625,4493.34375,1185.07275390625,623.2019653320312,861.5045166015625,634.1862182617188,274.2188415527344,228.89846801757812,280.958251953125,171.1663055419922,192.69784545898438,85.99907684326172,80.30992889404297,89.3944091796875,79.77328491210938,68.988525390625,75.27518463134766,62.92127227783203,57.68338394165039,43.24314880371094,2413.578922300662,4020990.1443227287,0.13085851322582068,0.03028584830980401,0.07281772792339325,0.00289041711948812,Spanish
587,-340.16925048828125,68.88853454589844,57.482398986816406,23.019142150878906,28.899328231811523,-15.493480682373047,-23.361217498779297,-17.227468490600586,-31.330623626708984,-10.336570739746094,-21.644657135009766,-13.599919319152832,-14.50368881225586,-14.402986526489258,-8.057696342468262,-6.910481929779053,-15.589744567871094,-1.8089942932128906,-10.028471946716309,-4.251459121704102,9784.9658203125,4187.84765625,1074.92333984375,647.215087890625,583.8063354492188,463.3475646972656,306.83135986328125,187.8901824951172,250.47604370117188,162.708984375,135.78579711914062,72.30768585205078,81.00621795654297,82.81428527832031,90.87405395507812,69.04602813720703,98.0429458618164,76.89776611328125,59.97471618652344,46.0136833190918,2574.897977979439,3879280.2751249652,0.12805766301895308,0.029468704192634577,0.06411273032426834,0.002156129339709878,Spanish
588,-337.9003601074219,78.48784637451172,44.70771026611328,28.240501403808594,28.496749877929688,-24.482824325561523,-21.699064254760742,-18.096696853637695,-39.12333679199219,-11.287984848022461,-16.111722946166992,-17.311189651489258,-13.491132736206055,-11.824048042297363,-10.846596717834473,-4.140837669372559,-15.389606475830078,-3.8447272777557373,-9.526029586791992,-4.087463855743408,9950.150390625,4016.7412109375,1179.8963623046875,615.0064086914062,802.0975341796875,584.8404541015625,302.7071228027344,193.4279022216797,293.2738342285156,153.6240234375,203.5758514404297,78.44294738769531,85.62854766845703,84.61251831054688,73.8197021484375,68.14064025878906,100.66083526611328,65.41693115234375,64.93856811523438,47.66766357421875,2271.66700787894,3571437.9312364063,0.11785314755657433,0.02525244946297394,0.06349783390760422,0.0021145320497453213,Spanish
589,-326.54022216796875,67.00390625,52.54471206665039,23.72797393798828,27.39198875427246,-21.127384185791016,-22.38241195678711,-21.8045711517334,-32.22760009765625,-11.288826942443848,-17.364633560180664,-13.14345645904541,-12.293092727661133,-14.696854591369629,-9.32703971862793,-3.3800885677337646,-16.534875869750977,-3.4454267024993896,-10.071663856506348,-3.7481167316436768,8940.32421875,3904.1044921875,1202.8223876953125,649.699462890625,689.9991455078125,522.3670043945312,315.21002197265625,211.84866333007812,233.60641479492188,155.91787719726562,223.46408081054688,91.57469177246094,106.56143188476562,85.14759063720703,75.80341339111328,89.6204605102539,101.56975555419922,55.16671371459961,60.71044921875,53.412872314453125,2718.7520742139727,3898717.5146986535,0.13887582174161586,0.02987077143674873,0.062199268490076065,0.001994796795770526,Spanish
590,-304.8448791503906,73.2012710571289,58.02121353149414,24.648799896240234,30.176908493041992,-26.745315551757812,-19.183795928955078,-20.379135131835938,-34.6870002746582,-13.750678062438965,-17.024805068969727,-16.361846923828125,-12.559907913208008,-10.245673179626465,-15.582576751708984,0.004323811735957861,-17.0290584564209,-5.7094621658325195,-6.239775657653809,-2.609549045562744,7886.77392578125,3491.545654296875,1005.9003295898438,657.2269897460938,763.5664672851562,644.6403198242188,286.54351806640625,254.84829711914062,240.2376708984375,151.4008026123047,224.7580108642578,91.95417022705078,131.42715454101562,81.20068359375,92.15982055664062,101.54251861572266,91.80430603027344,60.73756408691406,69.99137115478516,49.05144500732422,2559.683661972582,3342457.82571181,0.12013597566742326,0.024909388238245015,0.08186866343021393,0.0028171860612928867,Spanish
591,-305.59185791015625,69.04351806640625,59.6343879699707,22.762908935546875,31.51911163330078,-28.395713806152344,-20.251625061035156,-18.588542938232422,-37.314208984375,-11.26956558227539,-15.21794319152832,-15.904972076416016,-13.365104675292969,-8.22523021697998,-17.31414222717285,-0.31505343317985535,-18.17377281188965,-4.46906852722168,-7.915520668029785,-1.76876699924469,9223.376953125,3689.42724609375,1010.82080078125,752.1483154296875,697.3717041015625,532.5439453125,281.8285217285156,186.70245361328125,253.90914916992188,172.560546875,217.65919494628906,86.75910949707031,117.65751647949219,81.28025817871094,80.60212707519531,98.27007293701172,100.72367095947266,51.54351043701172,49.30464172363281,65.48655700683594,2794.569897361728,3540143.327099832,0.13383807014016544,0.029000414960492386,0.0824662521481514,0.0029533470515161753,Spanish
592,-315.57904052734375,64.00772094726562,63.860313415527344,17.259309768676758,26.2283992767334,-17.317970275878906,-20.11385154724121,-15.705113410949707,-27.485715866088867,-15.647890090942383,-16.569921493530273,-13.6878662109375,-14.819681167602539,-12.020918846130371,-11.62239933013916,-3.8834142684936523,-17.454038619995117,-2.1762497425079346,-8.749917984008789,-3.0924723148345947,7911.7412109375,3549.052978515625,1008.8029174804688,771.6925659179688,600.52490234375,448.2666931152344,253.8567657470703,216.13536071777344,211.13490295410156,126.36125946044922,180.66815185546875,90.91393280029297,113.01467895507812,82.90463256835938,90.72877502441406,92.34226989746094,105.7759780883789,71.79540252685547,53.8004264831543,53.1916618347168,2844.7468204685765,3836605.603846909,0.13435971285293066,0.0298322999347366,0.07849232107400894,0.003166142152622342,Spanish
593,-317.5048522949219,63.05855941772461,66.14447021484375,18.888824462890625,25.788610458374023,-16.562612533569336,-19.947364807128906,-15.405150413513184,-27.185482025146484,-14.466163635253906,-18.70166778564453,-12.214698791503906,-15.492101669311523,-13.11577033996582,-9.523292541503906,-6.736190319061279,-16.851261138916016,-3.092191219329834,-9.464290618896484,-4.664530277252197,7282.703125,3427.9072265625,874.8252563476562,845.6148071289062,474.8299255371094,396.7392272949219,300.81756591796875,176.1490936279297,192.4777374267578,132.7111358642578,133.18177795410156,66.73452758789062,98.15174102783203,78.4782485961914,75.27336120605469,66.61974334716797,88.435546875,65.53028869628906,48.05141067504883,39.69535446166992,2801.512148482724,3873821.370032387,0.1319246805251096,0.029547230579117918,0.07989778369665146,0.0035309591330587864,Spanish
594,-302.88629150390625,56.74177551269531,59.640769958496094,18.50249481201172,25.155426025390625,-14.376482009887695,-21.04252052307129,-18.181516647338867,-27.463130950927734,-11.170089721679688,-18.595298767089844,-12.699989318847656,-12.80220890045166,-12.296571731567383,-12.36092472076416,-3.698756694793701,-16.88454246520996,-3.9129374027252197,-7.819880485534668,-3.9954028129577637,8191.91064453125,3491.332763671875,882.3213500976562,678.5719604492188,594.8545532226562,372.0612487792969,275.8314208984375,191.82351684570312,199.68975830078125,124.74635314941406,173.86984252929688,72.1139144897461,115.56000518798828,85.64208984375,82.88799285888672,99.45462799072266,109.14616394042969,57.25023651123047,52.49321365356445,42.75371551513672,2893.4612559502348,3942387.110053667,0.13833454803869277,0.033404696774164265,0.09431974589824677,0.004881249740719795,Spanish
595,-298.1631164550781,65.75659942626953,60.82634735107422,21.16665267944336,29.31239891052246,-20.014387130737305,-25.033050537109375,-14.83203125,-29.16347885131836,-12.847419738769531,-16.125415802001953,-15.08623218536377,-15.285874366760254,-10.393058776855469,-13.96923828125,-5.3936591148376465,-15.91715145111084,-4.483137130737305,-9.723773002624512,-2.9183390140533447,8824.6376953125,3215.073974609375,892.5116577148438,842.8689575195312,599.727294921875,440.8824462890625,290.1773681640625,201.6517791748047,192.89871215820312,137.11737060546875,181.9353790283203,76.99199676513672,122.4633560180664,85.8440170288086,74.62782287597656,92.86428833007812,91.63297271728516,63.186378479003906,55.6529655456543,49.55659103393555,2703.8333553057455,3294546.537585468,0.12123457505053908,0.026306162287600958,0.09362828731536865,0.004448380321264267,Spanish
596,-312.0022888183594,60.46881103515625,70.07418060302734,22.731252670288086,30.399442672729492,-16.33507537841797,-22.995868682861328,-13.004375457763672,-28.64946937561035,-14.627706527709961,-17.772974014282227,-15.656994819641113,-15.631643295288086,-10.28609561920166,-12.093057632446289,-5.98323917388916,-15.594202041625977,-3.1456971168518066,-9.318986892700195,-4.181298732757568,7725.3466796875,3123.275634765625,881.9661865234375,830.266357421875,550.7472534179688,400.2322998046875,279.36248779296875,178.80747985839844,193.0831298828125,127.84571075439453,143.0628662109375,73.8259048461914,97.33929443359375,75.5300064086914,70.98819732666016,68.2667007446289,103.67965698242188,58.11205291748047,55.90510559082031,40.25847244262695,2796.213371190525,3666807.6350549725,0.12367216423908807,0.027937139834218496,0.09064029902219772,0.00412394804880023,Spanish
597,-304.17633056640625,59.572486877441406,70.06355285644531,21.2965087890625,28.844257354736328,-18.460521697998047,-23.871356964111328,-16.897674560546875,-28.94601821899414,-13.170855522155762,-18.492794036865234,-15.145039558410645,-14.356709480285645,-9.9861478805542,-13.748736381530762,-4.677699089050293,-16.21506690979004,-3.053844451904297,-9.26264476776123,-3.6648616790771484,7691.25927734375,3660.362060546875,869.9635009765625,742.3077392578125,560.271484375,448.05078125,295.0909118652344,198.71694946289062,202.69735717773438,127.41731262207031,152.4468994140625,75.78594207763672,119.53202819824219,82.27961730957031,83.33291625976562,70.37330627441406,94.92753601074219,64.649169921875,55.307403564453125,46.87201690673828,2973.306064257452,4051918.0349478005,0.14211807250976563,0.0313951651979005,0.089175745844841,0.0038504928816109896,Spanish
598,-310.307373046875,72.71369934082031,56.780174255371094,27.236722946166992,32.98461151123047,-29.680051803588867,-19.15991973876953,-17.70842170715332,-37.72665786743164,-12.495816230773926,-16.937089920043945,-17.256418228149414,-12.68934154510498,-6.173261642456055,-16.51154899597168,-1.0241832733154297,-15.659333229064941,-5.1848626136779785,-7.290616512298584,-2.1935410499572754,9367.8720703125,3289.67138671875,973.0499267578125,651.3411865234375,778.6217041015625,578.4993896484375,270.77618408203125,229.61058044433594,268.26971435546875,153.41702270507812,160.7811737060547,86.66956329345703,110.09223937988281,82.6553955078125,75.79393768310547,88.57170867919922,88.43531036376953,63.305091857910156,48.71516418457031,59.862003326416016,2587.9839358923123,3376829.6801641737,0.11687420498059169,0.02505039497933392,0.08635492622852325,0.003245506901293993,Spanish
599,-311.8156433105469,69.9055404663086,57.795509338378906,23.735715866088867,29.770307540893555,-28.677711486816406,-20.012516021728516,-20.05108070373535,-36.66975784301758,-11.782777786254883,-14.200128555297852,-17.414445877075195,-11.543661117553711,-9.684320449829102,-16.34563636779785,-0.9580938220024109,-17.671466827392578,-4.809150218963623,-7.905073165893555,-1.7240263223648071,9321.8544921875,3630.45361328125,971.0202026367188,709.0364990234375,795.8789672851562,503.8534851074219,276.82391357421875,224.95062255859375,250.8672637939453,141.4715118408203,225.35479736328125,99.93272399902344,122.96820831298828,89.68550109863281,87.08051300048828,103.45840454101562,103.78172302246094,54.99864959716797,55.89646530151367,59.341827392578125,2823.1842131497515,3636138.2463423554,0.14085089901444398,0.029265610503398633,0.07341915369033813,0.0024631519336253405,Spanish
600,-316.6822814941406,56.63563537597656,53.77895736694336,24.393709182739258,33.72768020629883,-30.620046615600586,-22.009531021118164,-14.041999816894531,-39.84976577758789,-10.86715030670166,-13.475404739379883,-11.57644271850586,-14.84243392944336,-6.4159016609191895,-14.06978988647461,-2.3441622257232666,-12.975167274475098,-4.150807857513428,-5.986482620239258,-1.3963570594787598,11059.7236328125,4028.4208984375,1093.0731201171875,813.5805053710938,875.2229614257812,718.0240478515625,292.7159423828125,195.5461883544922,374.6639404296875,170.80088806152344,233.9238739013672,90.13755798339844,109.30896759033203,86.93548583984375,93.21595001220703,74.98677062988281,104.76826477050781,45.86495590209961,54.36906051635742,56.958457946777344,3153.3279123816396,4151802.428458555,0.16822635394713734,0.03979845901062572,0.07764431834220886,0.003163497196510434,Spanish
601,-334.7039794921875,66.7754898071289,56.88399124145508,20.85289192199707,27.949459075927734,-31.03722381591797,-19.99089813232422,-15.355506896972656,-39.884891510009766,-8.380398750305176,-14.806285858154297,-9.64313793182373,-15.65346908569336,-6.789023399353027,-12.785330772399902,-3.8939449787139893,-12.442307472229004,-6.954013824462891,-5.6251606941223145,-4.004654884338379,11562.5673828125,3746.8916015625,1049.0430908203125,763.1090087890625,784.37744140625,696.6026611328125,264.836669921875,168.82614135742188,369.6121520996094,176.3776092529297,216.730712890625,94.87599182128906,117.68468475341797,84.02619934082031,77.9901351928711,72.8868408203125,92.23350524902344,51.698707580566406,52.336631774902344,51.4195442199707,2805.40695560951,3699435.9332302534,0.1408774952471483,0.030406727240569507,0.07191132754087448,0.0027171510737389326,Spanish
602,-329.11822509765625,63.561885833740234,55.91436004638672,21.654682159423828,29.202011108398438,-29.09901237487793,-23.374666213989258,-13.942814826965332,-40.42134094238281,-10.441391944885254,-14.190038681030273,-11.49799633026123,-13.377165794372559,-5.741164684295654,-12.818511009216309,-2.9654455184936523,-12.072539329528809,-5.950139999389648,-6.459083080291748,-3.6438798904418945,11918.525390625,4315.8857421875,1118.902587890625,712.2062377929688,869.1009521484375,592.7361450195312,286.3074645996094,195.49313354492188,357.6944885253906,185.69105529785156,187.62181091308594,95.8887939453125,116.55529022216797,83.22119903564453,98.5783462524414,82.36540985107422,94.16521453857422,49.88947677612305,50.9007453918457,56.435359954833984,2935.5050098398833,4349922.589534275,0.15858407823600085,0.03780321494845646,0.0752420425415039,0.002951824339106679,Spanish
603,-319.5723876953125,62.48801040649414,60.05067825317383,23.060808181762695,25.31422996520996,-29.42258644104004,-20.749086380004883,-14.822993278503418,-39.37290573120117,-7.999902248382568,-15.977054595947266,-9.428521156311035,-17.019882202148438,-6.13055944442749,-12.927082061767578,-6.068905353546143,-10.104249000549316,-6.230273723602295,-4.871304512023926,-3.367124319076538,9622.294921875,3884.373779296875,1120.8076171875,709.238525390625,716.6278076171875,578.2058715820312,285.06182861328125,165.7598876953125,317.8035888671875,175.27552795410156,221.80572509765625,94.82520294189453,116.08860778808594,74.82867431640625,83.39139556884766,67.63544464111328,84.64395141601562,47.611732482910156,55.20098114013672,54.5322265625,2885.294797815246,4348920.268127865,0.1513524223145218,0.03470528506356095,0.07660475373268127,0.0027339551597833633,Spanish
604,-321.6954650878906,52.15190887451172,57.95387268066406,19.075151443481445,28.740234375,-24.099903106689453,-20.83110809326172,-14.947100639343262,-32.73264694213867,-8.714408874511719,-15.965242385864258,-9.004294395446777,-14.075329780578613,-6.5298027992248535,-11.164860725402832,-3.7341670989990234,-12.656055450439453,-2.409818649291992,-5.841089248657227,-4.280165672302246,9041.884765625,3542.1845703125,1088.932373046875,669.3342895507812,647.4105834960938,517.1800537109375,267.43359375,188.11341857910156,340.9205627441406,155.09161376953125,207.80809020996094,96.83673095703125,107.10746765136719,96.01361846923828,83.01676940917969,69.88874053955078,104.70436096191406,56.89664840698242,48.04695129394531,49.659637451171875,3346.6320744875297,4056357.647860706,0.17656698994252873,0.04000709428321581,0.07193044573068619,0.003324749181047082,Spanish
605,-328.22308349609375,74.33204650878906,53.619850158691406,19.552268981933594,30.324249267578125,-34.441932678222656,-22.882387161254883,-15.824959754943848,-39.465152740478516,-9.811208724975586,-14.666783332824707,-10.555404663085938,-14.396496772766113,-6.603644847869873,-13.770869255065918,-3.3842179775238037,-13.476088523864746,-5.1970930099487305,-5.997772216796875,-3.587991237640381,11308.640625,3936.364013671875,1217.0635986328125,797.0261840820312,834.8851928710938,646.7057495117188,295.8229064941406,192.1964569091797,341.60198974609375,178.9976043701172,228.26699829101562,90.53837585449219,114.63920593261719,92.65331268310547,96.30819702148438,90.47830963134766,99.51286315917969,55.76286315917969,58.24393844604492,60.823524475097656,2744.824318133445,3679108.905144675,0.14060812391993088,0.029721164748178003,0.07338438928127289,0.0026202788576483727,Spanish
606,-324.3752746582031,62.116268157958984,56.86423873901367,23.385601043701172,30.745847702026367,-32.77898025512695,-22.099353790283203,-14.274041175842285,-40.10353088378906,-8.09311580657959,-16.749378204345703,-11.032610893249512,-13.803799629211426,-8.156111717224121,-11.922612190246582,-3.3923232555389404,-14.172442436218262,-5.128299713134766,-6.175771713256836,-3.392507314682007,12206.0029296875,3896.8583984375,1289.667236328125,936.2924194335938,843.633056640625,694.4041748046875,310.57275390625,210.51315307617188,367.6213073730469,163.17547607421875,214.63414001464844,96.37982177734375,114.3332290649414,90.27084350585938,96.5514907836914,90.96243286132812,111.84691619873047,65.35631561279297,61.00107192993164,63.39750671386719,3007.4048010836314,3688534.72553494,0.14997733224491586,0.030910024363188755,0.07355866581201553,0.0026167831383645535,Spanish
607,-314.9101257324219,57.49273681640625,60.89742660522461,19.320775985717773,28.70362091064453,-28.988506317138672,-23.31795883178711,-15.6105318069458,-40.3687629699707,-9.001044273376465,-15.229002952575684,-11.637528419494629,-13.872027397155762,-6.604331016540527,-13.897735595703125,-2.072709560394287,-12.9921236038208,-5.3782501220703125,-8.034503936767578,-2.420391321182251,9995.0361328125,4479.17041015625,1117.363525390625,744.7826538085938,742.195556640625,606.0877685546875,326.2226257324219,170.0227508544922,327.2386779785156,160.1311492919922,244.47512817382812,101.07813262939453,109.41126251220703,90.91899871826172,87.93904113769531,91.7337875366211,100.17015838623047,55.42728805541992,63.191158294677734,64.18296813964844,3239.8321035569174,4403971.870545279,0.17233250186497576,0.036462579307684706,0.07463308423757553,0.0022500641644001007,Spanish
608,-323.411376953125,71.34858703613281,60.94687271118164,20.008243560791016,26.915416717529297,-34.98074722290039,-20.69538116455078,-14.786152839660645,-42.316776275634766,-8.480708122253418,-13.479513168334961,-12.386701583862305,-13.697992324829102,-7.483748435974121,-14.376265525817871,-2.1715381145477295,-13.658921241760254,-6.316676139831543,-8.32979679107666,-2.117340564727783,9997.8916015625,3886.357666015625,1068.6512451171875,728.158935546875,865.411376953125,656.06494140625,277.5281066894531,182.4412841796875,330.6669006347656,166.7877960205078,256.8393859863281,100.18894958496094,116.65559387207031,103.4629135131836,86.71702575683594,82.30152130126953,103.2867202758789,51.933467864990234,67.58690643310547,77.38204956054688,2830.600780898827,3644380.0650550225,0.14422927106416197,0.030423517641654144,0.07550083100795746,0.0024707026313990355,Spanish
609,-323.0849914550781,70.9051513671875,59.43359375,19.37129020690918,27.240833282470703,-34.39373779296875,-21.466657638549805,-15.536524772644043,-42.629638671875,-7.050693988800049,-15.665278434753418,-10.24983024597168,-15.368077278137207,-6.228167533874512,-12.520423889160156,-3.8824100494384766,-11.464159965515137,-8.180283546447754,-5.825580596923828,-3.0025415420532227,11741.6669921875,4126.75390625,1153.9705810546875,671.7269897460938,867.4373168945312,648.611328125,305.06182861328125,164.53280639648438,347.5221862792969,179.17984008789062,220.74234008789062,106.11727905273438,133.67648315429688,86.8425064086914,77.16323852539062,80.94297790527344,85.86927032470703,58.87141418457031,56.101802825927734,54.89771270751953,2812.7088171747746,3907863.8783677425,0.14218065886163458,0.031143361313998013,0.07850570231676102,0.0025902194902300835,Spanish
610,-310.6544494628906,68.49002838134766,59.88547134399414,19.41152572631836,30.873098373413086,-24.494680404663086,-18.59613800048828,-18.783777236938477,-32.40422821044922,-11.615559577941895,-14.660552024841309,-13.575139999389648,-12.332559585571289,-8.810547828674316,-11.61067008972168,-2.8414382934570312,-18.14933967590332,-2.2310445308685303,-6.11846923828125,-1.884670615196228,9711.3212890625,4021.750732421875,1131.3455810546875,616.1073608398438,624.0245361328125,514.9190673828125,287.30804443359375,215.01248168945312,230.6539306640625,155.90760803222656,214.18614196777344,94.24340057373047,111.94451141357422,87.28021240234375,71.97982788085938,81.1027603149414,107.54263305664062,62.538597106933594,55.731502532958984,55.55174255371094,2993.9868248929,4000630.8264881265,0.15603075385733453,0.03432274764550557,0.0715557187795639,0.0019811701495200396,Spanish
611,-315.6407165527344,58.579383850097656,63.758087158203125,20.542217254638672,27.838163375854492,-18.016881942749023,-18.258708953857422,-15.074280738830566,-26.51443862915039,-10.833625793457031,-16.37933921813965,-10.444157600402832,-13.630209922790527,-12.012426376342773,-8.506404876708984,-6.578455448150635,-16.586475372314453,-0.8938882350921631,-9.357353210449219,-2.647768259048462,8453.783203125,4130.8525390625,990.0573120117188,610.514892578125,447.46142578125,422.0451354980469,282.20361328125,221.8397216796875,210.37966918945312,148.6928253173828,163.80873107910156,76.96556854248047,104.14725494384766,84.04463958740234,78.3963394165039,72.30750274658203,92.80951690673828,66.50699615478516,54.558467864990234,44.61534118652344,3109.1117517153843,4077307.615596622,0.15781922210091665,0.03629853476310913,0.07578287273645401,0.002938765799626708,Spanish
612,-321.0466613769531,68.9215087890625,59.10333251953125,18.262338638305664,31.884122848510742,-23.54889488220215,-20.814102172851562,-18.621326446533203,-30.785432815551758,-10.989692687988281,-14.229068756103516,-12.971168518066406,-13.55417251586914,-9.165483474731445,-10.13709831237793,-5.013976573944092,-17.974430084228516,-1.6522254943847656,-8.211220741271973,-1.9587429761886597,9512.162109375,4429.517578125,1125.8341064453125,624.5587768554688,603.4623413085938,505.9129638671875,294.91375732421875,214.1415252685547,198.6439971923828,160.23289489746094,189.82150268554688,80.79304504394531,108.41691589355469,90.78469848632812,82.98912048339844,73.9702377319336,114.72693634033203,70.94722747802734,50.3790283203125,58.28553771972656,3056.117117034875,4497311.271705307,0.16529617238466915,0.03798588424182456,0.06264518946409225,0.001498337951488793,Spanish
613,-345.45745849609375,74.29622650146484,55.285892486572266,24.31684112548828,28.17750358581543,-21.958921432495117,-17.38043785095215,-19.709049224853516,-32.22174835205078,-13.541824340820312,-19.5592098236084,-10.355472564697266,-12.404122352600098,-12.176414489746094,-10.334982872009277,-2.0077521800994873,-15.847783088684082,-3.9798052310943604,-5.821357727050781,-3.9711074829101562,7073.5712890625,3560.368408203125,880.842529296875,589.6697387695312,615.3218994140625,404.4150390625,267.1238708496094,217.54673767089844,200.60189819335938,152.64285278320312,183.5756072998047,89.13534545898438,100.03185272216797,80.84175872802734,78.35549926757812,78.84133911132812,96.94693756103516,59.076332092285156,54.7574348449707,55.61775588989258,2525.9034825916083,3637336.5732892477,0.12899584134200068,0.027874293914768113,0.055855583399534225,0.0014838443603366613,Spanish
614,-327.4564208984375,70.39765167236328,52.14616012573242,22.580738067626953,27.781463623046875,-22.915613174438477,-15.274380683898926,-23.038667678833008,-30.832828521728516,-11.029532432556152,-16.27246856689453,-9.900933265686035,-10.547749519348145,-11.159296035766602,-12.131000518798828,-2.0339653491973877,-15.307699203491211,-5.293014049530029,-8.33501148223877,-3.449314832687378,8538.34375,3902.615234375,1035.208984375,614.942138671875,621.8563232421875,480.37548828125,295.65875244140625,242.27066040039062,217.9820098876953,164.5277557373047,216.40530395507812,88.50161743164062,101.11003112792969,90.74872589111328,78.06271362304688,81.15047454833984,94.71395111083984,55.554718017578125,53.46989822387695,54.38460159301758,2705.3109101454575,3798249.0767483013,0.13605502878139789,0.029067316389436073,0.06280517578125,0.0021686770487576723,Spanish
615,-329.87982177734375,72.52262878417969,52.465335845947266,19.106904983520508,26.136096954345703,-20.48914337158203,-17.382057189941406,-19.423009872436523,-30.53864860534668,-10.13759994506836,-16.237340927124023,-10.16397476196289,-11.804072380065918,-11.983659744262695,-9.93308162689209,-4.889582633972168,-15.87463092803955,-3.5351402759552,-8.613924026489258,-4.258498668670654,9501.224609375,4175.7724609375,1061.565673828125,623.4111328125,595.9395141601562,458.8822937011719,318.1114501953125,227.9211883544922,235.34124755859375,156.6548309326172,169.90011596679688,84.27136993408203,97.46419525146484,85.88973236083984,74.91207885742188,77.4074478149414,89.28163146972656,61.30448532104492,56.38758850097656,57.897953033447266,2791.591949832838,4394220.795009636,0.15244168721742704,0.03610963073907587,0.06348248571157455,0.002370823873206973,Spanish
616,-308.3392333984375,70.32643127441406,51.650482177734375,23.509132385253906,29.755647659301758,-26.614721298217773,-14.78670883178711,-22.337059020996094,-32.720191955566406,-9.98967456817627,-17.641586303710938,-8.92675495147705,-12.388195991516113,-10.18409252166748,-13.618799209594727,-0.7390519976615906,-14.739364624023438,-5.325409889221191,-7.801787853240967,-4.084710597991943,7367.587890625,3918.34375,1050.9674072265625,602.4156494140625,558.8568725585938,537.2361450195312,254.47683715820312,251.6446075439453,217.7961883544922,149.17245483398438,210.20401000976562,81.57205963134766,86.12626647949219,80.98402404785156,77.93317413330078,77.79085540771484,82.06576538085938,51.59083557128906,50.43838882446289,47.90507888793945,2863.793699652909,4001427.8567642407,0.14794810859937477,0.030706814717357332,0.06915199756622314,0.0022543994709849358,Spanish
617,-316.170166015625,72.1597900390625,55.85981750488281,17.683048248291016,27.04828453063965,-22.379880905151367,-16.598176956176758,-20.73621940612793,-28.495384216308594,-11.961416244506836,-15.493270874023438,-8.723339080810547,-17.276044845581055,-7.311466217041016,-10.2090425491333,-6.821298122406006,-14.58611011505127,-4.473733901977539,-4.301583290100098,-2.28877329826355,10662.609375,4391.8896484375,1204.7745361328125,635.9210205078125,561.91357421875,450.4745178222656,311.00311279296875,234.54388427734375,185.79103088378906,191.82427978515625,175.46006774902344,90.24060821533203,100.26193237304688,77.8335952758789,80.77052307128906,67.22606658935547,71.57264709472656,59.242095947265625,56.4509391784668,68.37323760986328,2912.55365566144,4114467.9460107177,0.1555027291296406,0.03442023420582195,0.0711672380566597,0.0021343918051570654,Spanish
618,-307.2839660644531,73.55029296875,54.56834030151367,18.769296646118164,25.98866844177246,-22.015541076660156,-17.512557983398438,-20.067916870117188,-29.067825317382812,-12.84627914428711,-14.036141395568848,-11.287628173828125,-14.438705444335938,-9.302206039428711,-10.143257141113281,-3.6467087268829346,-16.895849227905273,-2.6390438079833984,-4.741633415222168,-3.2857601642608643,9194.1533203125,3527.26513671875,1119.209228515625,622.1405639648438,635.7862548828125,489.45050048828125,285.6291809082031,208.2500762939453,184.15492248535156,155.62525939941406,227.81533813476562,92.31012725830078,102.34261322021484,88.9848861694336,74.07500457763672,71.98385620117188,121.22632598876953,76.50028228759766,60.661014556884766,60.72856140136719,2788.619248073131,3401544.518098939,0.13850054824561403,0.02700514579906379,0.06896144896745682,0.0020232286769896746,Spanish
619,-310.2628173828125,70.21459197998047,54.84186553955078,20.33904266357422,31.870262145996094,-27.801328659057617,-17.85320281982422,-24.8963680267334,-27.65129280090332,-10.424867630004883,-16.335126876831055,-8.256768226623535,-15.243362426757812,-8.435871124267578,-11.733170509338379,-5.416970729827881,-15.508078575134277,-5.119719505310059,-6.950098037719727,-0.5228243470191956,9397.96875,4082.548095703125,1072.39208984375,664.481689453125,634.5240478515625,508.4399108886719,318.7217102050781,256.3625793457031,195.55398559570312,168.2749786376953,208.1487274169922,97.77363586425781,96.33494567871094,93.35916137695312,73.62266540527344,80.5040283203125,85.0882797241211,55.56477737426758,57.23392868041992,66.6993179321289,3025.331114586029,3797613.5203478993,0.1584643932074911,0.03322670260787907,0.06533436477184296,0.001817371346987784,Spanish
620,-337.527587890625,57.53940200805664,57.45261001586914,20.039865493774414,28.906583786010742,-25.008285522460938,-21.418991088867188,-19.021638870239258,-36.27962875366211,-12.770271301269531,-18.622936248779297,-13.418057441711426,-13.63610553741455,-9.536203384399414,-15.246166229248047,-3.923461675643921,-15.107108116149902,-5.106327056884766,-9.18281078338623,-2.282399892807007,9844.4228515625,4166.0966796875,1171.8299560546875,846.5435180664062,748.1022338867188,626.025390625,335.5893859863281,217.82215881347656,304.38238525390625,192.6683349609375,219.97213745117188,99.40946960449219,116.35164642333984,84.36935424804688,95.55182647705078,108.14445495605469,117.19178771972656,71.15869903564453,74.66092681884766,68.98348236083984,2957.500021884296,4202415.75842281,0.14927421029158464,0.03790848031113445,0.06801978498697281,0.0028647964354604483,Spanish
621,-341.2159118652344,54.06017303466797,64.00691986083984,19.732152938842773,30.677810668945312,-28.576168060302734,-22.8356990814209,-17.048261642456055,-39.85175323486328,-14.05540657043457,-17.4882755279541,-13.627684593200684,-14.484082221984863,-6.641922950744629,-14.62791919708252,-3.206136465072632,-15.39381217956543,-4.560466289520264,-8.585593223571777,-3.1322879791259766,11588.5771484375,4535.2353515625,1316.4906005859375,728.864990234375,870.5200805664062,679.0582275390625,324.336669921875,202.25027465820312,294.25927734375,176.3121795654297,227.28936767578125,96.40431213378906,115.46022033691406,80.70028686523438,81.68384552001953,85.34156799316406,103.8056869506836,51.98918914794922,55.87584686279297,50.600337982177734,3293.3702550828616,4595714.227090648,0.17923387833950857,0.04050827538549838,0.06677892059087753,0.0023244209587574005,Spanish
622,-324.33453369140625,50.65516662597656,55.950313568115234,19.393680572509766,26.037614822387695,-21.80986213684082,-21.221691131591797,-18.07329750061035,-34.92383575439453,-12.115955352783203,-17.840618133544922,-12.598245620727539,-14.53038501739502,-9.810104370117188,-13.333189964294434,-4.900097370147705,-14.558737754821777,-5.834239959716797,-8.674890518188477,-3.227633237838745,9257.888671875,3792.751953125,1161.0753173828125,798.30029296875,558.0941162109375,543.2839965820312,325.9333801269531,204.87229919433594,339.076416015625,185.96530151367188,200.8094940185547,126.72198486328125,127.04147338867188,88.53018188476562,82.6513900756836,108.9458999633789,104.81803131103516,59.902015686035156,66.654541015625,62.33190155029297,3110.8192912215295,4348773.334515975,0.15645148955195784,0.03950971883238616,0.07849666476249695,0.0042469617910683155,Spanish
623,-335.00640869140625,53.53458786010742,62.26886749267578,24.896581649780273,31.867328643798828,-27.663293838500977,-20.54633331298828,-20.153839111328125,-39.749969482421875,-12.406291961669922,-21.984724044799805,-11.157946586608887,-15.258932113647461,-6.711836814880371,-13.285484313964844,-3.8659212589263916,-14.324420928955078,-6.3997907638549805,-6.726584434509277,-4.352293491363525,9968.181640625,3988.3701171875,1154.1236572265625,815.6229858398438,815.0938110351562,662.5460815429688,350.1321716308594,243.3152313232422,314.8896484375,174.98373413085938,208.819580078125,102.57745361328125,112.97754669189453,77.07733154296875,77.02291870117188,92.03253173828125,91.9542465209961,55.244354248046875,57.8809700012207,50.3894157409668,3093.974634282356,4177883.29235255,0.15880784104024487,0.036203913720788315,0.07508775591850281,0.002901470521464944,Spanish
624,-328.8809509277344,62.15325164794922,55.833553314208984,23.549959182739258,30.393339157104492,-30.15582275390625,-18.864444732666016,-22.60093116760254,-36.128395080566406,-12.722223281860352,-20.657686233520508,-8.8377685546875,-17.588130950927734,-6.095447063446045,-15.091102600097656,-2.9294421672821045,-12.782254219055176,-8.983156204223633,-5.6256103515625,-4.464849472045898,9910.439453125,3100.07373046875,1234.68603515625,743.1411743164062,744.9755249023438,622.1787109375,344.2724914550781,218.6473846435547,265.38677978515625,191.5632781982422,229.26248168945312,94.74085235595703,113.9310302734375,93.12522888183594,86.38673400878906,75.14020538330078,78.72180938720703,58.91254425048828,59.83792495727539,61.79783630371094,2882.781237001268,3254840.932927704,0.13192751035143374,0.0257829760349227,0.0700419545173645,0.002643644344061613,Spanish
625,-345.9699401855469,66.5528793334961,58.60418701171875,22.107959747314453,28.454238891601562,-31.577295303344727,-18.679006576538086,-23.207765579223633,-37.41677474975586,-13.53101634979248,-19.33321762084961,-8.758211135864258,-18.041440963745117,-6.018559455871582,-14.678139686584473,-3.4067015647888184,-12.824321746826172,-9.322792053222656,-5.637902736663818,-4.291111946105957,10345.3564453125,3838.1455078125,1261.9617919921875,773.5317993164062,851.2874755859375,623.47998046875,306.7085876464844,205.21046447753906,279.0941467285156,208.79318237304688,265.0313720703125,90.75890350341797,114.47455596923828,85.08098602294922,84.38285064697266,71.65742492675781,72.50733184814453,68.00459289550781,60.256248474121094,68.76153564453125,2854.417762351747,3800646.6488572485,0.14209817804962893,0.032180185726254446,0.06108010187745094,0.002006457420065999,Spanish
626,-345.6326599121094,45.79461669921875,59.599308013916016,14.37488842010498,26.664344787597656,-25.624286651611328,-20.960962295532227,-16.10700225830078,-38.4389533996582,-12.320693016052246,-14.937668800354004,-10.6602783203125,-14.793680191040039,-7.390023231506348,-13.761935234069824,-3.354271173477173,-15.414769172668457,-4.557714462280273,-9.625865936279297,-2.469245672225952,11246.5439453125,5248.7080078125,1341.9202880859375,915.599609375,811.3388671875,678.427978515625,353.7475891113281,219.16607666015625,411.8682556152344,194.5894775390625,264.69012451171875,134.4281005859375,117.74391174316406,98.26461791992188,92.22713470458984,101.3394775390625,117.07343292236328,53.484683990478516,61.73927688598633,52.148380279541016,3605.160647640108,5050531.687069821,0.21252352179777237,0.05094408366997206,0.06033433601260185,0.002150207059457898,Spanish
627,-363.49298095703125,56.135658264160156,65.04470825195312,14.794364929199219,28.11672019958496,-17.50255584716797,-19.86411476135254,-18.472490310668945,-31.338178634643555,-13.979530334472656,-16.942705154418945,-12.927518844604492,-16.142040252685547,-9.206918716430664,-11.120556831359863,-5.176966667175293,-15.77543830871582,-3.61719012260437,-9.934991836547852,-3.7594528198242188,9575.4794921875,3425.18212890625,1167.722900390625,739.0006103515625,632.3818969726562,510.9417724609375,342.3955383300781,190.2991485595703,271.7153625488281,173.4544677734375,225.835205078125,91.7190933227539,97.775390625,78.33557891845703,84.76091003417969,95.44369506835938,112.05802917480469,56.61641311645508,62.25689697265625,51.21159744262695,3207.9625819271055,4178245.2928466466,0.16369099838701734,0.03529161875477441,0.05454489216208458,0.001905797515064478,Spanish
628,-347.4843444824219,52.96532440185547,69.72308349609375,17.193981170654297,28.56822395324707,-20.166215896606445,-21.36216163635254,-17.872467041015625,-38.033424377441406,-14.644775390625,-17.06836700439453,-13.469120979309082,-15.872564315795898,-6.899258136749268,-12.894977569580078,-5.737643718719482,-15.277859687805176,-3.4223403930664062,-10.289881706237793,-3.942445755004883,11193.21875,4534.6845703125,1254.6368408203125,793.1708374023438,654.5888061523438,560.2643432617188,328.9612731933594,203.16226196289062,336.5643615722656,172.5811004638672,207.48094177246094,97.98057556152344,93.52949523925781,83.36666107177734,81.2057876586914,84.4485855102539,92.93661499023438,58.37667465209961,59.628135681152344,52.817378997802734,3202.706007497854,4459372.5097929,0.16782980093943817,0.04005307413958605,0.06580150127410889,0.0021764158736914396,Spanish
629,-328.1297302246094,59.755435943603516,59.470645904541016,19.675764083862305,31.949176788330078,-29.140527725219727,-22.163766860961914,-20.23810577392578,-41.85712814331055,-12.791428565979004,-16.06269073486328,-14.58176040649414,-14.480315208435059,-6.448412895202637,-13.867668151855469,-4.353352069854736,-15.398540496826172,-3.2646420001983643,-10.64488697052002,-3.0814719200134277,11114.4140625,4310.31640625,1200.2720947265625,726.369140625,864.5176391601562,672.2918701171875,339.63031005859375,176.50827026367188,299.22064208984375,188.6415557861328,239.25511169433594,101.00611877441406,100.78338623046875,80.24455261230469,69.55840301513672,82.88307189941406,101.01143646240234,53.518646240234375,63.5347785949707,48.42919921875,3078.7060442730117,4468886.172694828,0.16422424672781238,0.03958867515001551,0.07154284417629242,0.002308736089617014,Spanish
630,-366.9140319824219,81.73536682128906,17.966686248779297,31.454505920410156,17.918014526367188,-2.0006463527679443,-5.594908237457275,-14.541648864746094,-6.765562534332275,-1.6086732149124146,-2.678145408630371,0.18649767339229584,-12.282675743103027,-0.14220085740089417,-6.1657304763793945,-9.855474472045898,-1.3276623487472534,-0.7495086789131165,-2.7368574142456055,0.8715101480484009,12093.0087890625,3565.378173828125,860.7967529296875,794.7317504882812,312.9068908691406,391.155029296875,223.5049285888672,248.216064453125,222.47825622558594,203.642578125,104.58427429199219,92.75519561767578,187.07598876953125,80.0246810913086,86.56290435791016,83.46553039550781,60.14397048950195,56.349945068359375,55.39680099487305,45.98216247558594,1921.0639542473423,1697899.7911926655,0.09397943570502593,0.010532406014207966,0.03352905064821243,0.0008176285191439092,Spanish
631,-381.9750671386719,86.13421630859375,16.993316650390625,33.88364028930664,20.901920318603516,-3.3002355098724365,-5.8511152267456055,-14.40054702758789,-10.925186157226562,-3.704472303390503,-5.022451400756836,2.597874879837036,-11.820533752441406,-0.9407280683517456,-5.789804935455322,-10.025216102600098,-3.2248311042785645,-3.3405797481536865,-3.7939906120300293,2.4856276512145996,10601.1884765625,3300.612548828125,730.0318603515625,693.4894409179688,280.1485900878906,372.0544128417969,211.79605102539062,209.74534606933594,209.45782470703125,175.07742309570312,118.60079956054688,106.21448516845703,151.9736328125,71.9926528930664,60.347537994384766,78.37696838378906,56.52145767211914,48.3101921081543,53.65097427368164,61.326717376708984,1796.4758234700616,1484628.999325311,0.08356426957470273,0.009502966849048668,0.03052440844476223,0.0005964976153336465,Spanish
632,-389.19598388671875,85.855224609375,17.740713119506836,35.392723083496094,20.062824249267578,-0.27302637696266174,-3.6304826736450195,-13.020709991455078,-5.86764669418335,0.12093864381313324,-1.9637675285339355,0.6915255784988403,-11.20614242553711,0.7021552920341492,-5.373969554901123,-7.845555782318115,0.03654759004712105,0.524467945098877,-1.0077338218688965,2.939065933227539,12256.3193359375,3618.760009765625,753.9867553710938,768.1505737304688,288.509765625,380.1105041503906,222.18045043945312,250.0061492919922,225.11602783203125,198.16326904296875,116.20909881591797,92.96340942382812,182.56869506835938,83.53936767578125,82.01001739501953,76.80838012695312,50.30694580078125,46.070762634277344,57.788673400878906,52.39315414428711,1826.5438225138116,1605127.575797424,0.08447382392138301,0.009660988795291826,0.029351651668548584,0.0006710105226375163,Spanish
633,-371.04522705078125,91.50090026855469,12.313860893249512,31.01443862915039,18.96687126159668,-5.06865119934082,-3.7851173877716064,-12.959247589111328,-11.312440872192383,-4.075177192687988,-3.2889792919158936,0.059989575296640396,-11.495903015136719,-1.4101203680038452,-6.708002090454102,-14.361865997314453,-2.288400411605835,-1.0916478633880615,-2.8752896785736084,1.4545830488204956,8820.958984375,3299.272216796875,844.5814208984375,826.64306640625,288.03265380859375,333.2870178222656,177.12149047851562,220.50633239746094,211.28240966796875,179.8634796142578,102.22303771972656,94.89730834960938,141.94931030273438,75.00519561767578,60.8028450012207,93.39372253417969,56.051231384277344,44.14389419555664,45.13195037841797,48.6575927734375,1670.3982875146194,1331560.554691443,0.07745635561630218,0.0074378872337251,0.03264152631163597,0.0006714340415783226,Spanish
634,-367.9521789550781,87.4146499633789,14.404366493225098,33.402793884277344,19.16628074645996,-3.95131254196167,-4.9608259201049805,-14.199112892150879,-10.843743324279785,-4.460974216461182,-2.623943567276001,-0.2006939947605133,-11.254484176635742,-1.4712791442871094,-7.206647872924805,-12.399243354797363,-1.622257113456726,-1.0528359413146973,-3.6218082904815674,3.1659252643585205,12007.3525390625,3444.073486328125,816.6190795898438,730.72216796875,281.2474365234375,383.0355224609375,232.8922882080078,230.38539123535156,229.9811553955078,172.52496337890625,119.32844543457031,92.87913513183594,173.20367431640625,88.99559783935547,72.34026336669922,81.2559585571289,58.679046630859375,50.98120880126953,49.862850189208984,55.41101837158203,1857.2248508625205,1508184.5949839028,0.08712530612754898,0.009059527538780874,0.032361749559640884,0.00070380256511271,Spanish
635,-383.0153503417969,91.84675598144531,13.951433181762695,29.58576774597168,18.13764762878418,-5.464727878570557,-8.814953804016113,-16.045793533325195,-7.142078876495361,-3.4098916053771973,1.9784308671951294,-0.6370645761489868,-11.377001762390137,-0.14236322045326233,-10.20274543762207,-11.358782768249512,-4.570034027099609,-1.6050755977630615,-1.0207321643829346,0.24248917400836945,10465.27734375,3710.061279296875,909.5285034179688,677.47607421875,301.509033203125,361.3631286621094,232.77767944335938,267.7973937988281,207.6183319091797,158.66041564941406,100.56112670898438,77.87603759765625,154.3502960205078,73.63544464111328,89.15130615234375,67.34568786621094,50.78213882446289,43.2210693359375,38.43882751464844,56.0979118347168,1824.2537005767126,1584907.0138374534,0.08641269672479795,0.008980265612075117,0.03009672835469246,0.0006029955111443996,Spanish
636,-393.6325378417969,91.94860076904297,12.627032279968262,33.36066436767578,18.52078628540039,-1.5865542888641357,-5.378127098083496,-13.441853523254395,-8.23249340057373,-0.6259408593177795,0.04940669611096382,0.41605445742607117,-11.68630599975586,-1.4818000793457031,-6.543564319610596,-10.859809875488281,-2.587618589401245,-0.6014646291732788,-2.4578492641448975,1.0517497062683105,11921.8896484375,3495.44189453125,860.6881103515625,746.768798828125,292.5013427734375,331.9143371582031,222.97247314453125,209.0056610107422,202.05728149414062,189.0912628173828,85.73607635498047,87.13733673095703,154.53724670410156,68.43824005126953,66.5207290649414,66.36640930175781,63.672218322753906,40.93061065673828,40.72856521606445,41.516788482666016,1758.3396561835373,1468944.6051348632,0.08288744285748839,0.00873901028092923,0.026591569185256958,0.0004814623389393091,Spanish
637,-373.5699768066406,88.4527587890625,17.274385452270508,33.035587310791016,19.75787353515625,-5.09544038772583,-3.468916416168213,-13.867344856262207,-8.379973411560059,1.0793569087982178,-1.294935703277588,1.4946234226226807,-10.353326797485352,-0.6220328211784363,-8.431920051574707,-8.748048782348633,-3.24428129196167,-0.8928775191307068,-2.974575996398926,2.522303581237793,11776.9052734375,3841.75732421875,929.2354736328125,740.3590087890625,348.16375732421875,437.67120361328125,228.94703674316406,252.15670776367188,230.9912872314453,152.081787109375,133.15724182128906,103.31517028808594,149.90162658691406,75.62456512451172,80.58356475830078,58.80363464355469,62.37429428100586,43.502628326416016,45.0174446105957,44.90240478515625,1835.298943698141,1663756.0823390728,0.08555324316106179,0.010400248946391086,0.03177405148744583,0.0007166413706727326,Spanish
638,-371.0660705566406,88.09654998779297,10.78012466430664,29.219532012939453,18.608856201171875,-5.056416034698486,-4.846184730529785,-13.992633819580078,-10.978759765625,-1.2318127155303955,-3.1524741649627686,-0.2345244139432907,-11.557165145874023,-1.8244974613189697,-8.382458686828613,-11.563050270080566,-3.0037460327148438,-1.753601312637329,-4.944131851196289,0.9943434596061707,11661.28515625,3639.401123046875,953.7965698242188,782.8245849609375,271.8543701171875,407.8423156738281,226.5061798095703,218.8183135986328,242.37588500976562,158.79513549804688,114.65878295898438,101.64073181152344,160.7102508544922,74.5421142578125,66.56612396240234,77.54383850097656,53.08934020996094,45.69691848754883,47.643558502197266,52.78217315673828,1809.9308054563385,1456454.0770999845,0.0846435546875,0.008764321020269018,0.03256390243768692,0.0007742746383883059,Spanish
639,-377.6114807128906,93.35577392578125,12.562031745910645,29.1524715423584,20.00809097290039,-4.745070934295654,-4.911233901977539,-16.3304443359375,-9.910341262817383,-0.19724871218204498,-3.5227181911468506,-1.1099125146865845,-12.246427536010742,-0.8681519031524658,-8.75235652923584,-9.208003044128418,-4.176222324371338,-2.5755255222320557,-4.337380886077881,0.7166280150413513,10477.9013671875,3152.541015625,927.1895141601562,721.662109375,301.335693359375,402.68621826171875,230.47515869140625,240.19309997558594,218.32102966308594,150.79873657226562,115.08097076416016,109.68009185791016,170.54440307617188,78.24472045898438,81.05402374267578,70.24781036376953,57.354087829589844,50.94792938232422,47.84520721435547,47.26062774658203,1634.8259275654234,1241600.6940239763,0.07157750793942275,0.00704854649997456,0.03248971700668335,0.000719824165571481,Spanish
640,-388.1082763671875,99.99435424804688,-0.6476267576217651,25.274593353271484,4.991842269897461,2.994098663330078,-6.7359209060668945,-0.7884789705276489,-7.249645233154297,-2.6856770515441895,-2.72884202003479,-1.6631134748458862,-5.2963480949401855,0.5538856983184814,-1.702728271484375,-4.18748664855957,1.897746205329895,-2.3826868534088135,0.26710250973701477,-3.0107016563415527,18280.83984375,4827.20361328125,904.3727416992188,771.2652587890625,374.0921325683594,410.17864990234375,322.5540466308594,212.60400390625,319.0002136230469,233.1328582763672,166.05494689941406,132.15757751464844,140.17181396484375,73.2337417602539,98.66446685791016,122.35676574707031,56.437259674072266,83.66045379638672,62.66484069824219,66.95220947265625,1553.2719395642769,1264647.1899307126,0.06510121999245651,0.008657287885310927,0.033404406160116196,0.000623153115157038,Spanish
641,-388.7596435546875,95.09938049316406,-0.5243974328041077,26.10663414001465,6.115314960479736,3.2137081623077393,-7.3258209228515625,-0.6731927990913391,-6.983445644378662,-2.881171226501465,-2.957998275756836,-0.9356383681297302,-4.570882797241211,0.9644824862480164,-1.7320078611373901,-3.7719779014587402,1.8021924495697021,-1.8818751573562622,-0.10174185037612915,-2.619441032409668,18475.29296875,4909.77294921875,863.5034790039062,761.911865234375,366.6937255859375,399.3345031738281,361.78955078125,224.25315856933594,294.6304931640625,240.2859344482422,164.1309356689453,120.73616790771484,140.08609008789062,72.693115234375,92.54647064208984,127.99259948730469,58.28907775878906,82.75830078125,66.28411102294922,68.77045440673828,1618.0648528811191,1412981.7270657956,0.07100830500952546,0.010149870648396874,0.033265214413404465,0.000689263513777405,Spanish
642,-407.90081787109375,87.50758361816406,1.3511102199554443,26.381534576416016,5.781845569610596,4.420070171356201,-5.327941417694092,-0.17298556864261627,-5.652439117431641,-2.1247825622558594,-2.2966361045837402,-1.1739693880081177,-3.8642351627349854,1.2066694498062134,-1.7868605852127075,-2.608503580093384,1.898288369178772,-1.5517827272415161,0.08422479778528214,-1.9493926763534546,20649.869140625,4766.259765625,807.8013916015625,769.4180908203125,381.4088134765625,380.32122802734375,332.9372253417969,205.22665405273438,301.1078186035156,235.9829559326172,155.5069580078125,131.81439208984375,137.5747528076172,71.90949249267578,103.24373626708984,106.59415435791016,56.99032974243164,84.30863952636719,68.71788787841797,68.73268127441406,1567.4744517327838,1351552.6511678763,0.0657022758152174,0.00955818648888168,0.029343046247959137,0.0006153655122034252,Spanish
643,-397.50921630859375,93.87725067138672,0.9920265674591064,26.32663345336914,6.752068519592285,4.36040735244751,-6.645823955535889,-0.14269165694713593,-6.336841583251953,-2.5661566257476807,-1.680023431777954,-2.0714833736419678,-4.013230800628662,1.334874153137207,-1.6556230783462524,-3.1649932861328125,1.7055904865264893,-1.7969486713409424,-0.2947065234184265,-2.765472412109375,18252.59375,4811.48583984375,900.9797973632812,776.3746337890625,335.2782287597656,430.782470703125,340.3147888183594,213.33926391601562,310.34100341796875,240.8395233154297,146.7975311279297,131.91848754882812,133.39549255371094,73.06324005126953,95.46183776855469,116.52908325195312,60.62416458129883,77.93634796142578,67.38026428222656,69.9819564819336,1587.610219229074,1319573.010168271,0.06448641226212881,0.008548853427075781,0.03051583282649517,0.0005754164303652942,Spanish
644,-387.177490234375,93.64714050292969,2.3600265979766846,24.28018569946289,5.638730049133301,7.491724491119385,-6.864452362060547,-0.3391147553920746,-7.078907012939453,-3.1841533184051514,-2.101203203201294,-1.671435832977295,-4.521080493927002,1.2379627227783203,-1.9902225732803345,-2.6471974849700928,2.0697245597839355,-1.9021142721176147,0.13472767174243927,-2.1553196907043457,18501.328125,5153.0029296875,818.20361328125,712.171630859375,381.3579406738281,396.8777770996094,340.36981201171875,205.36651611328125,318.36297607421875,245.49183654785156,159.48936462402344,130.52297973632812,141.3724365234375,69.3575668334961,104.46743774414062,106.44332885742188,64.73085021972656,85.30479431152344,72.7611083984375,71.11520385742188,1671.2576155898305,1606836.7726890254,0.07371547099776439,0.010155769063143825,0.031952131539583206,0.0005888646701350808,Spanish
645,-393.65887451171875,97.34513092041016,0.1561509072780609,28.13515281677246,7.093106746673584,3.4502084255218506,-7.210296630859375,0.15495164692401886,-7.004189968109131,-3.5806033611297607,-3.242919445037842,-1.7827119827270508,-5.6651763916015625,0.43239688873291016,-2.6136975288391113,-4.1752543449401855,1.5160678625106812,-2.334672451019287,-0.10593849420547485,-2.4897446632385254,18803.060546875,4706.306640625,857.2874755859375,818.2763061523438,326.1323547363281,423.663330078125,362.0942077636719,211.6499786376953,294.1442565917969,272.13616943359375,162.73658752441406,121.23091125488281,145.49212646484375,74.42473602294922,100.29138946533203,122.2886734008789,59.53122329711914,82.644775390625,71.2946548461914,73.6456527709961,1618.2695261663473,1416866.5060773522,0.07224312355990783,0.010154730206997722,0.03238127753138542,0.0005563588929362595,Spanish
646,-396.1963195800781,99.62822723388672,-0.8695750832557678,23.775497436523438,6.027225494384766,2.815099000930786,-6.5217719078063965,-0.16452600061893463,-7.431143283843994,-2.2351200580596924,-2.8115391731262207,-2.455411195755005,-4.645288467407227,0.37137970328330994,-2.2803149223327637,-4.571573257446289,1.5812561511993408,-2.456054210662842,0.20411886274814606,-2.0258750915527344,19099.166015625,4619.01123046875,931.4024658203125,759.316162109375,365.8328857421875,392.35931396484375,357.3334045410156,220.7786865234375,308.06280517578125,254.26312255859375,168.4213409423828,146.90505981445312,138.81825256347656,84.52076721191406,107.99261474609375,132.66946411132812,63.56582260131836,88.142578125,83.69116973876953,79.95124053955078,1483.4707152419392,1167422.7742041356,0.059106637549212596,0.0075817659661156275,0.03379371389746666,0.0006805077427998185,Spanish
647,-391.46588134765625,96.68175506591797,-0.18715642392635345,23.493844985961914,4.269346714019775,3.4925668239593506,-5.7162017822265625,-0.5012192130088806,-7.055314540863037,-2.4334325790405273,-2.4018094539642334,-1.5427433252334595,-5.013363838195801,0.3598446547985077,-1.9411616325378418,-4.1612114906311035,1.3772096633911133,-2.355419635772705,-0.27858948707580566,-2.739731788635254,18804.46484375,4965.2548828125,919.2324829101562,836.1922607421875,423.80419921875,407.3705749511719,334.08782958984375,219.45692443847656,293.8099365234375,249.0503692626953,180.98114013671875,133.82887268066406,154.3430938720703,78.73472595214844,106.98755645751953,133.8816375732422,66.29444122314453,85.66175079345703,69.92527770996094,74.39659881591797,1534.2624554598233,1281803.5241037824,0.0629670349862799,0.008777964416098788,0.03391428291797638,0.0006963963969610631,Spanish
648,-389.24456787109375,96.4346923828125,-1.1793636083602905,25.94483184814453,5.467639923095703,3.0786008834838867,-7.163327217102051,-0.5511285662651062,-6.893095970153809,-2.4467010498046875,-2.695713758468628,-1.3364325761795044,-4.860424041748047,1.136648416519165,-1.2950061559677124,-4.319000244140625,1.834250569343567,-1.8649308681488037,-0.02396976202726364,-2.6230499744415283,18671.74609375,5171.23193359375,924.8230590820312,760.074951171875,352.3409729003906,469.85894775390625,339.499267578125,215.55538940429688,323.69342041015625,223.14300537109375,155.5846405029297,125.87935638427734,146.038818359375,75.2741928100586,98.29962158203125,133.1383819580078,64.52898406982422,91.82803344726562,68.22749328613281,69.7251968383789,1645.0461880354053,1502320.8369033737,0.0697837348954562,0.009674339861855662,0.03279881551861763,0.0006500676972791553,Spanish
649,-380.53466796875,104.6367416381836,2.15636944770813,27.56256675720215,5.4642486572265625,4.0611114501953125,-7.2741594314575195,-0.596781849861145,-7.653493404388428,-4.677884101867676,-3.746471405029297,-2.6134183406829834,-5.1925764083862305,0.5944002866744995,-2.1103663444519043,-3.752152919769287,1.0028493404388428,-2.778369426727295,-0.3596262037754059,-3.101364850997925,16194.990234375,4823.2353515625,970.4459838867188,876.8450927734375,396.9384460449219,418.93902587890625,345.693603515625,208.0556640625,270.931396484375,233.3918914794922,156.83749389648438,132.1680145263672,138.35855102539062,70.44490814208984,90.69618225097656,102.6020736694336,59.717201232910156,75.38877868652344,65.13104248046875,65.3810806274414,1560.7505840852853,1433331.5781586717,0.06800003051757812,0.008704948378144764,0.03427954763174057,0.0005607299390248954,Spanish
650,-365.48876953125,83.16826629638672,10.645970344543457,26.97837257385254,19.337284088134766,-5.559715270996094,-0.6151682734489441,-12.22132682800293,-7.688528537750244,-4.1571784019470215,-0.9734381437301636,2.6479811668395996,-9.456511497497559,-0.9047293066978455,-7.212907314300537,-10.043363571166992,-3.4076478481292725,-0.2187516838312149,-5.961433410644531,-1.9335540533065796,9982.095703125,3457.4130859375,861.92822265625,818.471435546875,277.3413391113281,440.1214599609375,200.95578002929688,216.02346801757812,184.53814697265625,163.7403106689453,114.3664321899414,115.58251953125,149.4759063720703,74.18773651123047,79.0474853515625,64.70203399658203,57.14748764038086,52.888099670410156,47.11555099487305,45.42609405517578,1992.0406617411747,1596092.3439192649,0.09341393156424581,0.010256249418955445,0.02874801680445671,0.0005650551174767315,Spanish
651,-358.07720947265625,88.31708526611328,6.998937606811523,34.48381042480469,16.62725830078125,-2.756707191467285,-6.517701625823975,-14.541337966918945,-5.057315349578857,-3.0891270637512207,0.164717897772789,0.1379505842924118,-10.253706932067871,-0.6089088916778564,-4.3433732986450195,-9.404690742492676,-0.8767464756965637,-3.178570032119751,-5.6160078048706055,-0.8731899261474609,8953.654296875,2928.45361328125,951.0804443359375,646.9666137695312,310.6806640625,373.06353759765625,211.95018005371094,219.466796875,154.25497436523438,164.8982391357422,89.89507293701172,94.39897155761719,128.10694885253906,69.65859985351562,56.609153747558594,68.84693145751953,55.87776565551758,53.4515266418457,50.156829833984375,45.86145782470703,2112.0740734251826,1334010.2812880594,0.08758486481472616,0.007715814843951658,0.030258024111390114,0.0006759173702448606,Spanish
652,-353.1180419921875,95.19781494140625,7.093462944030762,26.952144622802734,18.84837532043457,-10.17746639251709,0.14792315661907196,-14.369545936584473,-9.095645904541016,-2.859962224960327,1.4566861391067505,1.84888756275177,-10.892531394958496,-0.24209746718406677,-7.344204425811768,-10.46066951751709,-3.3200764656066895,-0.23924551904201508,-5.063925266265869,-0.5177383422851562,9563.89453125,3194.803955078125,996.9730224609375,844.6222534179688,322.1156005859375,467.57342529296875,205.44354248046875,228.75425720214844,201.94088745117188,166.5245361328125,119.29759979248047,107.6109848022461,139.8480682373047,83.88192749023438,84.33252716064453,65.2317886352539,62.164188385009766,52.85079574584961,44.448028564453125,44.6721076965332,1827.3874929206277,1329927.9399995937,0.08367985551075269,0.00849497829617648,0.03373740240931511,0.0006696168566122651,Spanish
653,-367.29620361328125,90.6877212524414,10.653007507324219,29.68886375427246,19.094892501831055,-5.724005699157715,-1.5804213285446167,-13.502050399780273,-7.327896595001221,-2.1827239990234375,1.7869718074798584,-0.04838456213474274,-9.825729370117188,-0.9225428700447083,-6.543394565582275,-9.93532943725586,-3.8614373207092285,-0.11039843410253525,-5.204843521118164,-1.2401988506317139,9432.994140625,3136.00830078125,889.669189453125,826.50048828125,342.5879821777344,415.9631042480469,196.82960510253906,225.1050567626953,207.28562927246094,144.17898559570312,109.48367309570312,111.6460189819336,131.39329528808594,71.73811340332031,77.35022735595703,64.1129379272461,55.22285842895508,49.49723815917969,47.85618591308594,40.194705963134766,1804.771896545003,1362079.618002633,0.08182210119353182,0.0083741125624541,0.030012618750333786,0.0005857272772118449,Spanish
654,-361.515869140625,82.82052612304688,14.077391624450684,30.106624603271484,16.740360260009766,-2.309185743331909,-1.9822590351104736,-12.117524147033691,-5.924774646759033,-1.6419273614883423,0.2685737907886505,-0.9595316052436829,-9.019121170043945,-1.2239933013916016,-7.408843040466309,-9.736716270446777,-4.092269420623779,-1.3002524375915527,-5.1885528564453125,-2.26247239112854,9964.7861328125,3630.642822265625,918.448974609375,782.4473876953125,327.5638427734375,456.5785217285156,234.83790588378906,244.7034149169922,192.8993682861328,159.4711151123047,103.35628509521484,97.35697174072266,149.038330078125,72.12517547607422,74.52342224121094,65.15548706054688,66.16520690917969,55.2138557434082,46.5137939453125,40.58818435668945,1900.9894878441783,1769406.6694275858,0.09026516716406867,0.010840457492736176,0.033259131014347076,0.0009176390594802797,Spanish
655,-367.6980895996094,89.5112075805664,3.800853729248047,32.28375244140625,18.03885269165039,-7.844691753387451,-3.8571276664733887,-16.06926918029785,-7.860996723175049,-2.6186881065368652,0.9999697804450989,0.3581160008907318,-11.509170532226562,0.043551091104745865,-8.01979923248291,-11.559011459350586,-3.8039357662200928,-1.8979612588882446,-5.581972122192383,-0.37601348757743835,9733.6103515625,3242.9609375,884.5663452148438,759.5469360351562,300.2406921386719,439.45526123046875,206.22108459472656,253.47593688964844,191.42330932617188,164.0885009765625,120.50605773925781,95.37358093261719,144.53054809570312,77.62149047851562,82.3228530883789,65.14271545410156,60.90382766723633,50.25887680053711,42.86222457885742,41.99066925048828,1899.6671511915117,1426649.5532456785,0.08995039659429743,0.009285981559187903,0.0295167937874794,0.0005687406519427896,Spanish
656,-372.1824035644531,92.91132354736328,4.935201644897461,35.38019943237305,19.131465911865234,-5.805206298828125,-3.2977771759033203,-14.17668628692627,-7.164895534515381,-4.473066329956055,1.352474570274353,0.052950210869312286,-11.539205551147461,-0.14460361003875732,-7.450535297393799,-11.751248359680176,-2.889289140701294,-2.133423328399658,-5.839400291442871,-0.6674357056617737,9453.4296875,3796.745849609375,953.3637084960938,781.6491088867188,291.7029724121094,394.2921447753906,213.97853088378906,250.26992797851562,170.6634063720703,162.5923309326172,89.20780181884766,92.27242279052734,134.50352478027344,67.4791030883789,72.9676742553711,65.25869750976562,53.411582946777344,48.996421813964844,43.212520599365234,45.291507720947266,1795.2860922942032,1482219.0135555915,0.08276963099652647,0.008829547940217404,0.029083769768476486,0.0004958685021847486,Spanish
657,-339.2596740722656,86.85688018798828,8.195307731628418,24.147737503051758,18.93755531311035,-8.471017837524414,-3.290447950363159,-14.076695442199707,-7.354526519775391,-1.893309235572815,-0.42402926087379456,1.4499062299728394,-10.805665969848633,-1.3913631439208984,-8.49930477142334,-9.450437545776367,-3.9681408405303955,-0.46445465087890625,-6.694676399230957,-0.8694111108779907,9045.3662109375,3098.06591796875,749.655029296875,816.0514526367188,317.3720397949219,432.13134765625,199.1533966064453,191.6743927001953,180.4957733154297,163.27841186523438,110.0516128540039,107.56816864013672,128.92698669433594,73.25102996826172,71.5589828491211,60.42625045776367,68.23442840576172,53.36581039428711,44.0719108581543,45.61704635620117,2244.1585452625745,1412840.5809358892,0.09410912065297818,0.008995194093549916,0.03210040181875229,0.0005756105529144406,Spanish
658,-358.4195251464844,91.18428802490234,12.014650344848633,29.06733512878418,19.537513732910156,-6.223039150238037,-4.159676551818848,-14.266088485717773,-8.668827056884766,-4.353634834289551,-1.2850369215011597,0.7313021421432495,-10.917097091674805,-0.6043431162834167,-6.220211982727051,-9.154165267944336,-3.546888589859009,-1.165950894355774,-6.185098171234131,-0.44546449184417725,9146.9775390625,2789.422119140625,792.0419311523438,691.94580078125,326.89483642578125,415.0668640136719,231.60902404785156,228.86886596679688,187.55044555664062,140.39598083496094,103.55424499511719,100.25846862792969,140.864013671875,71.39277648925781,67.35150146484375,60.46086120605469,64.0562744140625,56.25072479248047,48.73225784301758,43.76609802246094,2066.7302493299308,1396313.5605030805,0.0825215413898765,0.00793059241224866,0.03302372992038727,0.0007579749799333513,Spanish
659,-356.1019287109375,88.66705322265625,7.483179569244385,31.968643188476562,19.594070434570312,-4.460807800292969,-7.410132884979248,-15.351058006286621,-6.497497081756592,-2.561710834503174,0.16626887023448944,0.8520111441612244,-11.171192169189453,-0.19043897092342377,-5.782845973968506,-9.785008430480957,-1.9321538209915161,-2.0946574211120605,-6.725360870361328,-0.02733009308576584,9245.798828125,3276.262451171875,795.0814208984375,675.6334228515625,301.51141357421875,392.1615295410156,214.85523986816406,221.95863342285156,201.78343200683594,169.82659912109375,113.19585418701172,105.17094421386719,132.2557373046875,62.31877136230469,60.09406280517578,61.30677032470703,56.467227935791016,56.193599700927734,50.55419921875,45.27217102050781,2180.19116029658,1622995.0021159237,0.09679434622537193,0.01018759414039517,0.031259167939424515,0.0006063065375201404,Spanish
660,-266.9227600097656,92.82313537597656,14.177348136901855,30.69599151611328,20.033905029296875,-2.8022212982177734,-3.6589722633361816,-13.702760696411133,-5.320582866668701,-0.9652208685874939,-2.8564884662628174,2.347294330596924,-11.517650604248047,0.573457658290863,-6.684370517730713,-9.945420265197754,-3.195293426513672,-1.2345558404922485,-3.6884610652923584,0.762417733669281,10420.6064453125,3253.794189453125,785.6001586914062,711.55517578125,272.092529296875,399.8354187011719,205.52487182617188,234.8751983642578,207.6390380859375,172.688232421875,111.10358428955078,103.72293090820312,158.21131896972656,70.49925231933594,75.637939453125,71.41803741455078,55.80843734741211,60.240577697753906,43.13683319091797,43.786964416503906,1819.2812726839368,1355120.065232106,0.07938577454922027,0.008167271862722394,0.09161723405122757,0.005235418677330017,Spanish
661,-270.20086669921875,94.53064727783203,14.674285888671875,24.273813247680664,19.831239700317383,-2.4671881198883057,-6.161822319030762,-9.32765007019043,-10.04688549041748,1.2978564500808716,-0.9171768426895142,4.501780033111572,-10.823678016662598,0.43657875061035156,-4.259503364562988,-12.356510162353516,-2.543107509613037,-0.21441268920898438,-2.7336599826812744,1.2012474536895752,10583.4931640625,2785.662109375,683.0338745117188,740.6669921875,272.99114990234375,381.00689697265625,221.32679748535156,171.06924438476562,212.09352111816406,162.69244384765625,107.7644271850586,102.39305877685547,157.42796325683594,75.08956909179688,70.9425277709961,112.8177719116211,60.812435150146484,45.53898239135742,42.9011116027832,43.431732177734375,2041.8729044256922,1292424.3179437937,0.08433461130401235,0.008370624037345651,0.08025577664375305,0.0042569078505039215,Spanish
662,-267.9482727050781,91.36298370361328,11.965290069580078,29.18844223022461,19.1571044921875,-3.9995012283325195,-6.725092887878418,-14.75995922088623,-5.724356174468994,-0.627618670463562,-5.05186653137207,3.5959932804107666,-12.058832168579102,0.4272022843360901,-4.601078987121582,-11.257299423217773,-4.06005334854126,-1.599576711654663,-4.959186553955078,0.9692600965499878,10430.8330078125,3332.8369140625,763.1905517578125,757.8511352539062,303.0863952636719,338.32073974609375,205.14305114746094,226.44432067871094,213.38743591308594,159.1980743408203,112.09919738769531,99.3587417602539,168.21958923339844,70.22080993652344,69.84591674804688,81.96842956542969,62.248966217041016,49.394466400146484,52.667701721191406,46.48967742919922,1805.6630102792005,1287391.0446390158,0.08038117263772664,0.007358751807254354,0.09169168025255203,0.004891692195087671,Spanish
663,-270.7568664550781,89.3084945678711,16.18878936767578,27.508968353271484,18.84608268737793,-4.706046104431152,-5.602892875671387,-13.887048721313477,-9.149491310119629,0.6549938321113586,-4.400681972503662,1.7459890842437744,-11.373260498046875,-1.3072243928909302,-4.474420547485352,-11.092007637023926,-3.8841867446899414,-1.2981750965118408,-6.153644561767578,1.0178190469741821,11304.5341796875,3598.4609375,727.535400390625,844.4248657226562,289.453857421875,358.64007568359375,257.6014404296875,250.32666015625,246.4096221923828,157.265625,131.66859436035156,104.70230102539062,157.38975524902344,80.17031860351562,59.81998825073242,84.31166076660156,56.412837982177734,45.51213073730469,50.649993896484375,53.52427291870117,1836.138368566023,1553898.0313722608,0.0849372573271543,0.009696267949016752,0.09434738755226135,0.0051227896474301815,Spanish
664,-300.6839294433594,86.19398498535156,17.68975830078125,26.85418128967285,20.016035079956055,-0.9599048495292664,-3.2986536026000977,-11.242607116699219,-9.469120025634766,0.7993316650390625,-2.5587809085845947,1.0011463165283203,-9.779175758361816,0.1435764878988266,-3.9610228538513184,-7.9265971183776855,-3.266770601272583,-1.7075159549713135,-6.09349250793457,0.43200185894966125,12677.9091796875,3478.41015625,712.1236572265625,758.6085205078125,303.2122497558594,341.6671142578125,263.22137451171875,265.56817626953125,241.90867614746094,147.26174926757812,107.6650619506836,108.79991149902344,169.9994354248047,68.70769500732422,62.2213249206543,77.12693786621094,57.777130126953125,38.59047317504883,48.86506271362305,49.44565200805664,1702.490106680976,1288616.9784932649,0.07192274216175865,0.007412933410489589,0.0812692791223526,0.006051297299563885,Spanish
665,-285.09930419921875,90.59233093261719,13.663082122802734,25.561574935913086,21.042484283447266,-1.3622336387634277,-4.889394283294678,-10.82119369506836,-10.297597885131836,1.5619715452194214,-2.3613216876983643,0.23578038811683655,-9.765717506408691,-0.5425200462341309,-4.443403720855713,-8.5968656539917,-4.482882499694824,-0.9666297435760498,-5.67972469329834,-0.4624738097190857,10382.7919921875,3570.781005859375,708.5139770507812,763.6895751953125,302.9812927246094,345.5164489746094,237.09751892089844,198.42568969726562,234.93194580078125,137.8681640625,114.68533325195312,104.33677673339844,149.28749084472656,79.28690338134766,62.945621490478516,71.82274627685547,66.87467193603516,38.38710021972656,46.8907470703125,46.066524505615234,1684.3612857602448,1369037.061505732,0.07522917141879562,0.007988677131417678,0.08232685923576355,0.004628313705325127,Spanish
666,-271.9071044921875,98.27742004394531,9.993308067321777,29.618202209472656,19.600666046142578,-5.120877265930176,-4.882339000701904,-11.46233081817627,-7.782743453979492,0.1009608581662178,-4.848898410797119,1.4783755540847778,-10.431571006774902,-0.9633666276931763,-3.3764572143554688,-6.087480545043945,-2.0291614532470703,1.0905053615570068,-3.1959781646728516,1.133668303489685,8637.376953125,3140.26318359375,728.6220703125,646.2906494140625,296.6351013183594,313.8250427246094,190.36920166015625,189.50234985351562,217.6259307861328,143.15737915039062,111.53510284423828,119.13481903076172,154.3667449951172,77.08885192871094,77.3768539428711,106.06732940673828,70.8281478881836,50.49577331542969,56.843711853027344,50.571346282958984,1906.4343687033327,1399400.68489989,0.07965769974226804,0.007956237219527595,0.07806317508220673,0.00388347078114748,Spanish
667,-282.9133605957031,90.29944610595703,16.871868133544922,26.07141876220703,20.129051208496094,-3.4405431747436523,-7.2208404541015625,-12.807746887207031,-7.0904388427734375,1.0562126636505127,-3.2525928020477295,2.9510982036590576,-11.100715637207031,-1.0180083513259888,-4.252413749694824,-9.045039176940918,-2.8290202617645264,0.0769258365035057,-4.134420394897461,1.2525086402893066,11154.005859375,3103.48046875,729.9442749023438,757.0110473632812,311.5243225097656,354.650146484375,234.25355529785156,202.93218994140625,205.2583770751953,145.47178649902344,100.08424377441406,101.314453125,163.88523864746094,76.773193359375,61.50982666015625,80.78262329101562,66.7341537475586,48.267208099365234,47.55043029785156,43.931270599365234,2127.47323428467,1519695.934327924,0.088299135618572,0.009016614881505453,0.079833023250103,0.0044594029895961285,Spanish
668,-292.0830078125,91.69941711425781,17.633983612060547,29.80996322631836,19.77186393737793,-3.639246702194214,-6.4636406898498535,-14.295663833618164,-4.5310492515563965,-1.3542793989181519,-2.520787477493286,2.4268674850463867,-10.324859619140625,-1.180120825767517,-4.340718746185303,-9.505278587341309,-2.2342679500579834,-0.1321062296628952,-3.990463972091675,1.6470690965652466,11230.49609375,2684.54541015625,794.3416137695312,647.7046508789062,274.589111328125,312.26422119140625,227.09153747558594,236.77842712402344,169.26162719726562,147.80389404296875,99.47855377197266,93.70279693603516,131.6770477294922,67.7344741821289,57.77739334106445,78.41319274902344,53.67761993408203,37.997276306152344,42.97231674194336,45.97312545776367,2130.9230539724563,1520322.802843892,0.08589966340565672,0.008890389056884792,0.0714019313454628,0.0034474569838494062,Spanish
669,-298.3129577636719,85.40463256835938,20.038013458251953,32.60698699951172,19.5291748046875,-2.2755465507507324,-5.203551769256592,-11.622197151184082,-4.938360214233398,-1.0064114332199097,-1.007309913635254,1.3474448919296265,-10.008931159973145,0.65693199634552,-4.697853088378906,-9.521533012390137,-1.5519706010818481,-0.9890714883804321,-2.572789430618286,0.8899178504943848,12550.59765625,2777.22802734375,736.2872924804688,626.6961669921875,236.25167846679688,365.9556884765625,231.87478637695312,251.99282836914062,206.76657104492188,137.45162963867188,96.48787689208984,93.61741638183594,162.1692352294922,64.68025970458984,59.55083084106445,82.43272399902344,48.33683776855469,37.821346282958984,40.53276443481445,40.75479507446289,2207.643544249636,1494524.8335835563,0.08422264867974806,0.008536432937829014,0.07230653613805771,0.004076630342751741,Spanish
670,-378.22686767578125,90.21675109863281,8.777839660644531,32.22089767456055,18.469621658325195,-5.035898685455322,-1.0563468933105469,-10.505082130432129,-8.219483375549316,-3.379352331161499,0.1652642786502838,0.008083352819085121,-9.472265243530273,-1.9292867183685303,-7.329857349395752,-7.003730773925781,-0.8198227286338806,-1.520250916481018,-2.723504066467285,0.6855645775794983,9274.271484375,2676.52587890625,703.2830810546875,679.8206787109375,258.7201843261719,368.912353515625,185.07672119140625,221.54391479492188,196.20301818847656,152.61456298828125,91.8574447631836,107.43598937988281,158.21014404296875,65.29190063476562,64.56155395507812,65.80915832519531,49.20086669921875,43.45899963378906,47.85852813720703,38.40757369995117,2104.6458709835147,1391136.4274466687,0.08905629595588235,0.008824549535520348,0.02824643813073635,0.0006133317947387695,Spanish
671,-363.763671875,79.54801177978516,15.996255874633789,26.989383697509766,18.457624435424805,-3.8232216835021973,-1.9215047359466553,-11.19864273071289,-10.855962753295898,-0.007272194139659405,-3.6115005016326904,2.0841896533966064,-10.179048538208008,-2.0771825313568115,-5.760573387145996,-9.950889587402344,-4.104335308074951,-0.04198634251952171,-5.652731895446777,0.010667433962225914,11968.4677734375,3438.009033203125,739.547119140625,819.4512329101562,291.90484619140625,435.54144287109375,216.47906494140625,210.06858825683594,207.02694702148438,127.48235321044922,107.09017944335938,103.64891815185547,155.96470642089844,76.02279663085938,65.89327239990234,69.03982543945312,64.18910217285156,53.93143844604492,59.248008728027344,44.48502731323242,1965.1220358828193,1564152.7303997327,0.08862100670264624,0.009898861798557791,0.034464653581380844,0.0009810758056119084,Spanish
672,-366.2305908203125,76.00001525878906,12.407889366149902,33.31856155395508,20.506513595581055,-8.465178489685059,-7.81816291809082,-15.310452461242676,-8.677273750305176,1.4433656930923462,-2.1471498012542725,-0.9472026228904724,-13.488646507263184,-3.058256149291992,-7.731118679046631,-7.494195461273193,-3.1364784240722656,-2.5096194744110107,-4.554161548614502,-1.0393946170806885,11305.22265625,3573.71044921875,956.4642944335938,777.53466796875,280.6803283691406,484.6916198730469,209.5433807373047,265.5247802734375,209.64344787597656,149.48040771484375,113.40966796875,103.15689849853516,186.02590942382812,68.3520278930664,70.47946166992188,57.69919967651367,62.32044219970703,49.802364349365234,44.43928909301758,45.1591796875,2186.6540565875353,1639583.831056945,0.10166783866735038,0.010697745513626615,0.03127170354127884,0.0006712063914164901,Spanish
673,-371.40509033203125,81.05906677246094,11.89439582824707,29.604808807373047,21.37366485595703,-7.637260913848877,-6.605782508850098,-13.128185272216797,-10.2821683883667,1.064056634902954,-2.2972989082336426,-1.413280725479126,-13.070940017700195,-3.7612154483795166,-8.701924324035645,-8.627159118652344,-3.039977788925171,-1.9431283473968506,-3.2414655685424805,0.47016772627830505,11086.1962890625,3292.61669921875,901.3452758789062,808.2901000976562,312.81976318359375,439.99261474609375,227.37548828125,235.9237518310547,212.09408569335938,148.25546264648438,95.29171752929688,95.48725128173828,174.9200439453125,67.52348327636719,71.28358459472656,63.30549240112305,59.03916549682617,45.88599395751953,40.71839141845703,40.22457504272461,1882.9018765172764,1481458.8465912403,0.08737783542471042,0.0090345586398472,0.03145661577582359,0.0007113380124792457,Spanish
674,-376.2989196777344,90.24166107177734,8.803738594055176,33.06306457519531,20.059144973754883,-11.573410987854004,-7.581015110015869,-14.222573280334473,-7.146020412445068,2.2031829357147217,-2.477517604827881,0.49961110949516296,-13.879770278930664,-3.8577990531921387,-9.053114891052246,-8.198575019836426,-3.8348426818847656,0.03737496957182884,-2.2273950576782227,0.20105545222759247,10964.9130859375,3472.2783203125,929.225830078125,771.0114135742188,277.3971252441406,500.9005126953125,249.32504272460938,234.94790649414062,214.3833770751953,149.77516174316406,113.34684753417969,115.25859069824219,179.41494750976562,78.27828979492188,85.68413543701172,69.67955017089844,61.75058364868164,51.56639862060547,40.783973693847656,39.46931076049805,1853.3959623320434,1481122.310352546,0.09171673439880046,0.00910707277834488,0.029908545315265656,0.0005653222906403244,Spanish
675,-372.0295104980469,81.99069213867188,10.420804977416992,37.66215515136719,19.004209518432617,-11.731295585632324,-6.348160743713379,-9.638294219970703,-9.881580352783203,-1.3130398988723755,-4.312646865844727,-4.057856559753418,-12.270515441894531,1.6485800743103027,-6.732287883758545,-8.90340805053711,-3.315793991088867,-3.8079311847686768,-3.0478174686431885,-1.5432122945785522,10844.513671875,3306.717041015625,829.3821411132812,775.7671508789062,294.72747802734375,481.92034912109375,209.1675567626953,212.8711700439453,200.97927856445312,155.44534301757812,100.97147369384766,112.00218963623047,153.76638793945312,75.14881896972656,75.3864517211914,97.44507598876953,62.84666061401367,52.66670227050781,40.483436584472656,55.358341217041016,1924.4280176875775,1419977.4975666131,0.08993692600980718,0.009119427463059993,0.030333589762449265,0.0006491095409728587,Spanish
676,-372.3171081542969,84.81564331054688,14.873162269592285,33.125205993652344,12.590347290039062,-14.503341674804688,-9.562317848205566,-1.6853220462799072,-3.7828736305236816,-1.3546124696731567,-7.995907306671143,-8.125072479248047,-14.556777954101562,5.61957311630249,-3.8786230087280273,-5.080972671508789,-3.9741098880767822,-4.9285359382629395,-1.3446768522262573,-5.075550079345703,13314.880859375,3357.22021484375,752.0924072265625,726.8923950195312,295.52655029296875,456.2716979980469,280.3607177734375,129.25457763671875,178.4265899658203,164.98109436035156,130.1157989501953,115.77317810058594,191.5537872314453,92.95579528808594,87.9487075805664,92.5675048828125,78.16157531738281,51.90100860595703,48.53873062133789,56.72084045410156,1885.298652403774,1496037.8301854255,0.08892640573318633,0.010115401088376491,0.033790282905101776,0.0009098895825445652,Spanish
677,-374.3248291015625,79.17497253417969,13.81031608581543,32.869693756103516,21.23456573486328,-3.376072883605957,-3.046704053878784,-10.953221321105957,-10.334677696228027,-1.260748267173767,-6.658298015594482,-2.8269710540771484,-12.457962989807129,-1.2720996141433716,-5.126235485076904,-9.05561351776123,-2.5608317852020264,-3.4359560012817383,-4.146755695343018,0.8937346339225769,11473.4375,2703.447265625,870.4004516601562,726.9285888671875,256.1992492675781,385.1770935058594,220.09788513183594,226.79037475585938,237.72171020507812,126.12682342529297,107.21167755126953,94.81171417236328,164.7657928466797,61.59846496582031,65.40930938720703,78.79898834228516,57.11238479614258,43.861236572265625,43.792747497558594,49.48284912109375,1753.1423306597685,1122973.7173041103,0.07199492301479783,0.0068686823042997,0.033717066049575806,0.0008626392809674144,Spanish
678,-375.87603759765625,80.97623443603516,8.843360900878906,34.01626968383789,17.436756134033203,-2.133208751678467,-1.9734022617340088,-10.254383087158203,-10.143033027648926,-3.877218008041382,-6.815332889556885,-2.796536922454834,-10.924593925476074,-1.1094638109207153,-6.388752460479736,-11.273775100708008,-1.6155388355255127,-2.8832273483276367,-4.599575996398926,0.02507195435464382,9560.41796875,3486.000732421875,951.4518432617188,748.439697265625,252.56227111816406,331.6513366699219,179.86770629882812,182.697998046875,223.72488403320312,146.417724609375,99.54855346679688,101.73633575439453,137.91761779785156,68.62425994873047,58.038978576660156,77.0682601928711,52.52864074707031,46.490631103515625,40.134769439697266,38.21294021606445,1843.8895216379385,1515498.3258919942,0.08821700634913142,0.009104025767348742,0.030289728194475174,0.0006568050011992455,Spanish
679,-363.6722106933594,89.25261688232422,15.685135841369629,29.264554977416992,18.808990478515625,-3.7826452255249023,-7.130736351013184,-13.54111099243164,-2.484309196472168,0.23530635237693787,-2.565246820449829,2.4028096199035645,-12.367657661437988,-2.842827558517456,-5.053337097167969,-8.95600700378418,-1.9912891387939453,-1.8071234226226807,-4.970389366149902,-2.0680298805236816,9938.4892578125,3179.822509765625,857.0604858398438,759.3198852539062,259.0575866699219,325.6304016113281,205.4855194091797,217.1827392578125,159.32455444335938,140.34515380859375,104.58946990966797,96.81561279296875,167.86346435546875,67.27456665039062,61.834938049316406,76.2043228149414,55.51767349243164,58.66829299926758,46.21293258666992,39.42821502685547,1885.061999502461,1429953.291188494,0.08029653755370873,0.008098632985408789,0.03242073208093643,0.0006926472997292876,Spanish
680,-399.04840087890625,95.77215576171875,-0.8293008208274841,25.573957443237305,5.710611343383789,4.520371437072754,-7.12656831741333,0.07245894521474838,-6.60671329498291,-2.0807301998138428,-2.358747720718384,-1.8469351530075073,-4.7284321784973145,1.1411126852035522,-1.8242350816726685,-3.3677825927734375,1.5176435708999634,-2.4636600017547607,-0.07240309566259384,-2.0458943843841553,20688.39453125,4984.7841796875,889.3008422851562,781.3305053710938,377.9978942871094,413.61322021484375,380.0420837402344,235.00830078125,328.1744079589844,240.1975555419922,181.41656494140625,139.86105346679688,145.7587127685547,83.36528015136719,110.34268188476562,115.79313659667969,63.34132385253906,105.70125579833984,83.25941467285156,76.86080169677734,1582.0711646176433,1375370.7529045609,0.06703398896383994,0.009571194630877772,0.032318420708179474,0.0006345832953229547,Spanish
681,-390.2731628417969,94.7680892944336,0.15773043036460876,23.777305603027344,4.753681659698486,4.07815408706665,-5.606325149536133,-1.0931264162063599,-6.644355297088623,-2.9813199043273926,-2.4949209690093994,-2.3325037956237793,-4.590835094451904,1.088578701019287,-2.2139971256256104,-3.2615232467651367,1.7688196897506714,-1.8191453218460083,0.511989176273346,-2.4199159145355225,17974.529296875,4700.6904296875,865.64306640625,738.4759521484375,411.1509094238281,389.0242919921875,338.0085144042969,223.62608337402344,276.09246826171875,240.25479125976562,156.62054443359375,132.6978759765625,140.84051513671875,74.11412048339844,108.3599624633789,128.70777893066406,73.19938659667969,99.13990020751953,85.50828552246094,85.45873260498047,1541.4637474012627,1264678.2185025534,0.061008512634994315,0.008095865056520903,0.03291397541761398,0.0006685342523269355,Spanish
682,-401.6802978515625,85.72171783447266,3.1148521900177,24.892595291137695,6.246718406677246,4.953987121582031,-5.785916805267334,0.5944870710372925,-5.050723552703857,-2.837256908416748,-2.2895872592926025,-1.6890171766281128,-3.20741868019104,0.8138015270233154,-1.617262363433838,-2.2681961059570312,0.9315597414970398,-1.549153447151184,-0.1229318156838417,-1.1330801248550415,19261.376953125,4696.7880859375,724.116455078125,733.2796020507812,351.51507568359375,385.6151123046875,342.78802490234375,222.16552734375,288.2560729980469,248.9796600341797,163.14990234375,143.8418426513672,132.8889923095703,82.92839813232422,115.32609558105469,111.12145233154297,69.65695190429688,90.51457977294922,79.77702331542969,85.2099609375,1570.7415478677826,1369879.7306222357,0.06417069912332546,0.008712956142272332,0.03165941312909126,0.0007432902348227799,Spanish
683,-393.1198425292969,96.24272918701172,-0.15410006046295166,26.912351608276367,6.470800876617432,4.659159183502197,-6.074177265167236,0.24834372103214264,-7.373733043670654,-3.457343578338623,-3.26560115814209,-1.540692687034607,-5.334237575531006,0.9793733954429626,-1.4647769927978516,-3.8549280166625977,1.752597451210022,-2.3982608318328857,0.07388822734355927,-2.7917721271514893,19561.642578125,4646.16650390625,911.83984375,824.116455078125,383.4106750488281,428.5652160644531,357.74420166015625,216.6777801513672,312.468505859375,257.07305908203125,170.92364501953125,128.5345458984375,153.8005828857422,77.62328338623047,99.59245300292969,125.07888793945312,63.20272445678711,84.66761779785156,67.12992858886719,69.43988037109375,1560.0231974114593,1306991.744347017,0.06386473343388512,0.008681623748033829,0.033954039216041565,0.0006668687565252185,Spanish
684,-388.011474609375,98.56414031982422,-2.6311252117156982,24.698278427124023,6.683664321899414,3.1818957328796387,-7.465258598327637,-0.768634021282196,-6.8492350578308105,-3.1475329399108887,-2.763798713684082,-1.504948616027832,-5.405196189880371,1.0422282218933105,-1.8206884860992432,-4.153059482574463,1.4542663097381592,-2.7480204105377197,-0.004035720136016607,-2.6282312870025635,18086.087890625,4904.51318359375,915.628173828125,778.5723266601562,358.4231262207031,444.503662109375,338.9894104003906,215.7244415283203,292.27935791015625,232.60739135742188,173.71669006347656,121.83177185058594,147.89407348632812,76.78656005859375,95.466796875,117.7187728881836,61.786991119384766,92.20588684082031,69.6771011352539,65.44715118408203,1556.930273976964,1311737.911567963,0.06526423075112951,0.008821429350839365,0.03365016728639603,0.0006435991381295025,Spanish
685,-395.2165222167969,99.90708923339844,0.3714542090892792,25.328580856323242,5.66472864151001,5.121579170227051,-5.565913200378418,0.1248505562543869,-6.619872570037842,-3.374253988265991,-2.6032443046569824,-1.9106512069702148,-4.541435241699219,0.5464262366294861,-2.405031681060791,-3.2151284217834473,1.7675566673278809,-2.097660779953003,0.18123836815357208,-2.3936493396759033,19467.8203125,4970.32568359375,917.935302734375,701.2199096679688,434.9395751953125,396.9143371582031,343.8275451660156,213.74586486816406,308.46697998046875,249.62594604492188,166.4385528564453,134.02908325195312,139.1994171142578,76.39908599853516,108.39158630371094,113.59777069091797,62.68355941772461,91.8814926147461,76.87579345703125,79.77787780761719,1531.1555873449993,1321826.708590426,0.06453102483497583,0.009105942741192969,0.033573418855667114,0.0006751168984919786,Spanish
686,-412.9090881347656,84.97541809082031,0.728848934173584,25.46746253967285,5.346862316131592,3.2831525802612305,-6.519869804382324,1.1507127285003662,-5.726913928985596,-3.3623745441436768,-2.611133575439453,-1.1096227169036865,-4.00811767578125,1.2171467542648315,-1.3574614524841309,-2.42039155960083,2.2729318141937256,-1.5716716051101685,1.256125569343567,-1.14458167552948,21888.25,5091.30908203125,846.08447265625,734.7996826171875,342.5382995605469,396.7574462890625,375.6377868652344,210.6492156982422,295.64166259765625,246.4746551513672,170.42495727539062,132.83837890625,149.2233428955078,75.21039581298828,101.26717376708984,106.30712127685547,67.87289428710938,100.99612426757812,79.39768981933594,104.73811340332031,1544.755848521945,1408479.7064358958,0.06179251773483366,0.009159670425211626,0.031728800386190414,0.000770512328017503,Spanish
687,-397.291259765625,96.28558349609375,-1.4349194765090942,24.788951873779297,6.639326095581055,4.542019367218018,-7.080175399780273,0.013333892449736595,-6.5116376876831055,-1.6145380735397339,-1.6101815700531006,-1.0402971506118774,-4.6906280517578125,1.0449576377868652,-0.9647610783576965,-3.6161487102508545,2.0883805751800537,-1.1032174825668335,1.0094956159591675,-2.0885939598083496,20519.0234375,5262.21337890625,884.913818359375,717.3272705078125,355.79949951171875,403.2176513671875,336.4162292480469,238.9169464111328,337.8796691894531,250.21051025390625,170.50418090820312,138.88687133789062,149.27603149414062,82.90411376953125,98.3701171875,137.76242065429688,73.1128921508789,95.67495727539062,79.15283966064453,87.68396759033203,1591.7319489843449,1386865.819783849,0.06534315184123592,0.0086924170025755,0.032466623932123184,0.0006863815360702574,Spanish
688,-405.06011962890625,84.77115631103516,1.2326222658157349,24.41143035888672,4.5035552978515625,4.308844089508057,-6.92801570892334,0.40498805046081543,-5.23451042175293,-2.1803810596466064,-2.6067605018615723,-1.8962440490722656,-4.427477836608887,1.0117168426513672,-2.655383586883545,-2.955051898956299,2.1674704551696777,-1.173340916633606,0.3450123965740204,-1.0592117309570312,20839.728515625,5222.75439453125,947.8607788085938,761.4967041015625,349.9463195800781,442.9208984375,349.13641357421875,228.8211669921875,320.8289489746094,243.98342895507812,159.66371154785156,146.6182403564453,155.6268768310547,82.31527709960938,114.13761138916016,133.27923583984375,73.09850311279297,103.87940216064453,94.23567962646484,92.64321899414062,1710.539494409231,1840405.860733314,0.07838566610791826,0.013318714922911363,0.030868446454405785,0.0007023707730695605,Spanish
689,-385.57086181640625,95.65189361572266,-1.801093339920044,25.00559425354004,3.7811906337738037,2.7908668518066406,-6.328325271606445,-1.3388065099716187,-8.16126823425293,-4.508947849273682,-3.44736647605896,-2.8746111392974854,-5.417712688446045,-0.5854601263999939,-3.7306530475616455,-3.802684783935547,1.1639294624328613,-3.2682418823242188,-0.2873085141181946,-1.8606549501419067,17521.703125,4582.38623046875,924.6895751953125,845.9703979492188,369.8027038574219,451.52301025390625,333.7951965332031,199.40045166015625,285.35919189453125,263.96014404296875,165.98793029785156,144.17274475097656,145.48912048339844,83.87464141845703,112.78799438476562,125.16187286376953,68.41350555419922,90.87340545654297,75.23223876953125,75.85652160644531,1570.884720677147,1325172.2535668842,0.06628524519686907,0.00923273325192205,0.03491200879216194,0.0006879862048663199,Spanish
690,-393.77801513671875,90.7619857788086,10.078468322753906,37.67869567871094,22.166528701782227,-4.982261657714844,-4.433480739593506,-15.84743595123291,-5.797318935394287,1.5308243036270142,-1.7334609031677246,-1.280547022819519,-15.54654598236084,1.3066751956939697,-8.53835678100586,-9.954581260681152,-1.279302716255188,-5.20762825012207,-0.5925843119621277,2.654758930206299,12164.3154296875,3302.547607421875,973.6990356445312,744.6911010742188,276.0214538574219,431.685302734375,217.762939453125,270.1514892578125,200.253173828125,175.0199432373047,121.86878204345703,108.48853302001953,222.15081787109375,83.42351531982422,87.21822357177734,81.78378295898438,56.76218795776367,69.66114807128906,46.90553665161133,41.8681755065918,1769.5149585140646,1324420.9610933836,0.07954974925249911,0.007438682063984206,0.028170786798000336,0.0004952158196829259,Spanish
691,-388.3094482421875,91.72293090820312,17.79255485534668,28.42091178894043,19.789161682128906,-1.9248698949813843,-2.112095355987549,-14.152277946472168,-6.623019695281982,-0.21459418535232544,-3.287729024887085,-1.6280217170715332,-10.520550727844238,0.09028216451406479,-6.819150924682617,-9.271524429321289,-1.5046297311782837,-3.277449131011963,-4.125757694244385,-1.0052435398101807,13434.173828125,3380.122802734375,810.5405883789062,725.7216796875,252.72869873046875,417.45281982421875,213.83839416503906,290.147705078125,205.23895263671875,127.82630920410156,106.23411560058594,90.58319854736328,157.72930908203125,70.28544616699219,69.04424285888672,83.49373626708984,53.828094482421875,50.492061614990234,40.05726623535156,48.040733337402344,1474.5561578411282,1025119.3700918313,0.06221764516890474,0.006449380958876444,0.03444824740290642,0.0010070416610687971,Spanish
692,-379.97442626953125,81.71064758300781,10.757978439331055,33.21150207519531,22.246950149536133,-2.0467119216918945,-1.9444307088851929,-15.000686645507812,-7.554530620574951,1.1116055250167847,-2.087611436843872,-4.38140869140625,-12.428947448730469,-0.5809662938117981,-9.263896942138672,-6.548810005187988,-2.341921091079712,-3.8572020530700684,-1.8121310472488403,1.6325892210006714,12071.9130859375,3178.0888671875,854.1973266601562,756.4225463867188,290.2385559082031,450.8625793457031,253.48788452148438,287.20648193359375,222.96356201171875,160.9080352783203,105.59123992919922,120.1184310913086,191.78591918945312,75.31092071533203,97.36128234863281,62.139652252197266,59.977508544921875,62.846282958984375,42.72480773925781,41.57831954956055,1805.3462010555797,1366080.600642877,0.08063718267807045,0.007972644570328055,0.031771134585142136,0.0007286436739377677,Spanish
693,-382.061279296875,90.68285369873047,12.524981498718262,31.130718231201172,24.745525360107422,-2.2105226516723633,-1.1181178092956543,-15.334959983825684,-8.085990905761719,0.7510524392127991,-0.36271023750305176,-3.133122682571411,-12.291083335876465,-1.9833213090896606,-8.273263931274414,-6.900709629058838,-2.7139854431152344,-2.542841672897339,-2.316344976425171,1.4308834075927734,12168.8759765625,2990.4208984375,937.5890502929688,713.5681762695312,300.0066833496094,437.2237854003906,243.50743103027344,309.5756530761719,211.44259643554688,148.6411590576172,117.963134765625,120.59877014160156,165.73486328125,80.51617431640625,79.9547119140625,67.40495300292969,63.165313720703125,56.59982681274414,41.39744186401367,39.72688674926758,1689.2517859948412,1320999.8133668147,0.07443247518826701,0.007230762729266054,0.030633985996246338,0.0007097909692674875,Spanish
694,-392.2265319824219,92.39010620117188,8.66777515411377,33.3878173828125,20.610254287719727,-4.645637035369873,-2.303295612335205,-13.556652069091797,-5.002623081207275,-0.3535374701023102,-3.504854917526245,-0.7932019233703613,-9.863987922668457,-0.19595779478549957,-6.967612266540527,-7.844063758850098,-2.73039174079895,-1.5525094270706177,-3.569902181625366,0.5790515542030334,10650.9150390625,2773.4443359375,816.4707641601562,728.4771118164062,259.8504943847656,355.0013732910156,183.2790985107422,220.759521484375,172.77923583984375,148.5679931640625,113.76795196533203,108.42088317871094,177.88134765625,78.38587188720703,99.68791198730469,113.42150115966797,71.05631256103516,63.25699996948242,60.371253967285156,54.355194091796875,1805.5155520049814,1177092.3376169158,0.07698505751570232,0.006336363076588234,0.026789270341396332,0.0005935286753810942,Spanish
695,-361.46661376953125,85.11329650878906,9.110886573791504,29.746795654296875,19.351408004760742,-3.91493821144104,-5.244926452636719,-14.533337593078613,-10.088668823242188,0.0861288458108902,-2.979405164718628,2.1438722610473633,-13.001684188842773,-0.42327389121055603,-6.968255519866943,-11.504831314086914,-3.3838114738464355,-2.973299503326416,-7.413299083709717,0.9285423159599304,11424.486328125,3254.56689453125,906.4654541015625,795.3802490234375,338.2056579589844,362.43658447265625,221.95152282714844,248.0160675048828,233.34854125976562,158.3274688720703,123.30091094970703,121.20462799072266,186.5233612060547,72.61788940429688,74.79402923583984,90.71480560302734,63.71691131591797,54.46992492675781,53.14249801635742,48.75745391845703,1982.9403113120873,1439542.8171450468,0.09026948438709366,0.008917913219160358,0.03229425102472305,0.0006581823108717799,Spanish
696,-374.5118408203125,87.32027435302734,10.4503755569458,35.260650634765625,24.527393341064453,-2.2185652256011963,-6.852339267730713,-13.054064750671387,-8.516202926635742,-0.1552717536687851,-2.53948974609375,-0.6545564532279968,-11.331463813781738,0.6413573026657104,-7.2364583015441895,-10.981986999511719,-3.0981781482696533,-4.018223762512207,-5.638300895690918,-0.3031560480594635,10290.6884765625,3208.75341796875,879.1333618164062,787.8802490234375,277.141845703125,373.9938659667969,230.26060485839844,205.22787475585938,215.25347900390625,151.87757873535156,120.49413299560547,110.4887466430664,175.84957885742188,64.40320587158203,77.84101104736328,85.23912811279297,51.17573547363281,51.46384048461914,41.481781005859375,39.45647430419922,1725.8488134559605,1304976.4060673586,0.0757109075670498,0.0068771628888585285,0.03165345638990402,0.0006488985964097083,Spanish
697,-394.1978454589844,82.9061508178711,14.741808891296387,31.093170166015625,20.010604858398438,-2.656047821044922,-2.3712804317474365,-11.178082466125488,-6.195467472076416,1.3535816669464111,-1.8854985237121582,0.7261278033256531,-11.97594928741455,1.1911262273788452,-5.55411958694458,-9.241931915283203,-2.6091291904449463,-3.7135729789733887,-4.393133640289307,-0.26450881361961365,13133.96875,3709.630615234375,860.0729370117188,836.41064453125,327.9842224121094,424.43218994140625,228.15774536132812,231.0733642578125,269.07489013671875,152.60537719726562,115.34228515625,104.34268951416016,226.4010009765625,68.37349700927734,72.12615203857422,91.13104248046875,57.98556900024414,55.96329879760742,49.501953125,42.64714813232422,1740.578733631826,1307868.6214209541,0.07632058287795992,0.008520327795014644,0.030798718333244324,0.0007982642855495214,Spanish
698,-373.89117431640625,99.46333312988281,16.950815200805664,31.029027938842773,21.195924758911133,-4.526315689086914,-3.6637303829193115,-15.332508087158203,-5.787041187286377,0.987149178981781,-2.568070650100708,0.9785125851631165,-9.801934242248535,-0.39138513803482056,-7.93558406829834,-8.374886512756348,-3.5707380771636963,-3.167874813079834,-4.36331033706665,-0.4102288484573364,10658.271484375,2932.525634765625,841.0,685.056396484375,337.70098876953125,358.4478759765625,207.20547485351562,261.09844970703125,201.54183959960938,140.1917724609375,111.00630187988281,97.16543579101562,150.47938537597656,73.24879455566406,68.7702407836914,60.02809143066406,56.06372833251953,50.437808990478516,41.721466064453125,41.16779327392578,1528.9508656203034,1151618.8427717825,0.06523164837435709,0.005902917680726451,0.03508736193180084,0.0008243388729169965,Spanish
699,-394.6354064941406,95.83439636230469,13.361421585083008,29.09710693359375,19.506681442260742,-2.5679826736450195,-2.2948968410491943,-14.564704895019531,-5.834193229675293,0.32591870427131653,-3.0258591175079346,0.5499899387359619,-10.804561614990234,1.2870087623596191,-6.819399833679199,-10.892059326171875,-1.5655107498168945,-4.2077484130859375,-4.19873571395874,-0.312467485666275,12171.49609375,3475.7685546875,838.1826782226562,796.4462890625,295.8327941894531,361.2723388671875,208.1002655029297,260.0181579589844,239.80868530273438,159.15289306640625,116.94234466552734,94.90483093261719,169.63095092773438,81.9893569946289,72.83692932128906,88.85367584228516,57.07849884033203,55.18937301635742,45.38606262207031,52.07027053833008,1614.6306668588493,1194932.4945900757,0.07204917625144676,0.0072859902498893575,0.029544780030846596,0.0006289095617830753,Spanish
700,-344.2579650878906,137.73171997070312,20.228538513183594,24.0654239654541,-13.302993774414062,-14.213579177856445,-19.543603897094727,-2.18770432472229,-6.103667736053467,-25.35866355895996,-13.882877349853516,-9.263428688049316,-11.769822120666504,-15.66525650024414,-4.722177028656006,-6.85447883605957,-7.239063262939453,0.5826396346092224,-1.2082716226577759,0.7719939947128296,10956.6328125,3460.9951171875,845.4209594726562,772.2467651367188,791.173828125,719.1527099609375,402.0013732910156,143.19476318359375,140.1912841796875,261.71942138671875,95.96854400634766,71.7973861694336,82.36931610107422,72.51112365722656,58.105224609375,46.6700439453125,38.085044860839844,55.17660140991211,43.700721740722656,36.276058197021484,1008.1995369868786,645405.0526959749,0.055514785528596185,0.0037896991276561358,0.08385440707206726,0.003807634813711047,Spanish
701,-362.29193115234375,149.19503784179688,15.490155220031738,9.385421752929688,3.296689987182617,-7.5759687423706055,-20.834552764892578,-15.679900169372559,-13.433449745178223,-19.34507942199707,-19.065574645996094,-14.652931213378906,-3.1220178604125977,-5.893051624298096,-14.409628868103027,-12.815582275390625,-4.836319446563721,-3.3259689807891846,-1.5659160614013672,5.7533440589904785,9112.6103515625,3394.851806640625,1048.63134765625,747.19482421875,317.92340087890625,365.6353759765625,291.8255310058594,141.4308624267578,138.6635284423828,141.89576721191406,88.9510498046875,65.11200714111328,88.62306213378906,47.761539459228516,59.114784240722656,60.738582611083984,41.29518127441406,35.67167663574219,44.07582092285156,37.22071075439453,862.9498883584104,289062.43865869124,0.04459537838479217,0.0012589332223930832,0.07713013142347336,0.0034140348434448242,Spanish
702,-362.3432922363281,138.0321807861328,14.056256294250488,16.725690841674805,4.082568168640137,-13.757465362548828,-22.850975036621094,-15.04433822631836,-12.356583595275879,-14.856945991516113,-17.501863479614258,-17.961952209472656,-13.600908279418945,-11.223094940185547,-8.680819511413574,-9.996188163757324,1.0742301940917969,-2.149423837661743,-8.165135383605957,1.6796795129776,10045.671875,3787.4150390625,962.1786499023438,660.84619140625,377.5845642089844,577.6025390625,422.3175048828125,171.65933227539062,148.82232666015625,129.6551513671875,66.7216796875,82.91905212402344,68.39054870605469,40.4600715637207,46.07021713256836,50.242496490478516,49.9556999206543,40.661888122558594,66.9083480834961,53.87818908691406,887.3271275900667,337644.345485364,0.045131817649812736,0.001555935220593036,0.08228239417076111,0.003898644121363759,Spanish
703,-353.3737487792969,139.55642700195312,12.621622085571289,19.236351013183594,4.899353504180908,-14.649019241333008,-20.923532485961914,-13.170000076293945,-12.198159217834473,-14.173016548156738,-16.933435440063477,-16.307384490966797,-10.676103591918945,-10.506316184997559,-9.665374755859375,-10.799325942993164,1.5320731401443481,-0.841097354888916,-7.994480609893799,1.8812016248703003,9816.3447265625,3723.991455078125,954.2628173828125,714.8699340820312,346.68402099609375,640.0592651367188,404.06597900390625,188.37210083007812,169.6680450439453,150.49668884277344,77.82120513916016,71.8656234741211,76.511474609375,49.83331298828125,52.48561477661133,52.61701202392578,53.56341552734375,40.04930114746094,52.461517333984375,43.35456085205078,903.0435262977089,365217.20882240194,0.046447853409276166,0.0016985031243716723,0.08423445373773575,0.0037310768384486437,Spanish
704,-368.1037292480469,131.3883819580078,18.602684020996094,21.516630172729492,6.769602298736572,-10.407853126525879,-21.188644409179688,-13.418123245239258,-11.746685981750488,-13.561041831970215,-14.533830642700195,-15.162803649902344,-10.883766174316406,-11.996286392211914,-12.168617248535156,-14.387017250061035,-2.566502571105957,-0.9568526148796082,-5.984115123748779,2.8454577922821045,10418.82421875,3790.061767578125,872.7320556640625,669.041015625,365.469482421875,614.32958984375,485.77783203125,184.24107360839844,156.4403076171875,126.93750762939453,70.60346984863281,67.10501098632812,70.32112121582031,45.451236724853516,53.129554748535156,69.3878173828125,40.6426887512207,46.80458068847656,58.58958053588867,63.59406661987305,911.1168407664476,360848.5417860038,0.044194840466287216,0.0014412979655801803,0.07639560103416443,0.00402887724339962,Spanish
705,-367.8288269042969,137.03530883789062,11.120387077331543,8.508809089660645,6.757530689239502,-8.818663597106934,-19.352359771728516,-11.257922172546387,-14.279598236083984,-14.510576248168945,-13.0037202835083,-17.37730598449707,-8.741743087768555,-8.098672866821289,-15.391602516174316,-16.303394317626953,-2.2113192081451416,0.14463214576244354,-5.803060531616211,2.003589153289795,10843.564453125,4524.509765625,906.1849365234375,718.4822387695312,314.6226501464844,497.4972229003906,421.6817321777344,169.8463592529297,179.2127227783203,133.7413787841797,79.53193664550781,75.98360443115234,85.43921661376953,47.434085845947266,69.32296752929688,84.14974212646484,41.0831184387207,52.700889587402344,63.95711898803711,48.46867370605469,913.5309815129307,281374.71192520094,0.04286120071469685,0.0012424568140243775,0.0811794176697731,0.004240496549755335,Spanish
706,-361.40521240234375,144.88584899902344,16.343873977661133,6.361101150512695,-1.9250526428222656,-5.181463241577148,-18.262483596801758,-15.634345054626465,-10.290274620056152,-15.043134689331055,-12.293537139892578,-15.100683212280273,-14.79044246673584,-11.360808372497559,-12.630244255065918,-16.141639709472656,-4.001954078674316,1.9318017959594727,-6.050753593444824,-0.14450828731060028,10205.859375,4531.3369140625,778.4727783203125,843.7001342773438,433.47003173828125,474.86077880859375,347.8504638671875,195.03533935546875,162.91851806640625,146.65899658203125,88.02801513671875,70.98048400878906,78.27217864990234,49.51664352416992,47.64372634887695,74.67041015625,36.08379364013672,50.777427673339844,48.284706115722656,30.940372467041016,914.1338664331818,355780.8249850598,0.045392207426856714,0.0015994429675600355,0.08576861023902893,0.004167741164565086,Spanish
707,-354.3186340332031,139.27964782714844,10.359956741333008,6.886867046356201,3.0085601806640625,-10.516060829162598,-21.63991355895996,-12.997970581054688,-10.239568710327148,-15.014266967773438,-11.393917083740234,-16.06776237487793,-14.669398307800293,-7.167703628540039,-13.97902774810791,-19.987077713012695,-3.7889130115509033,1.0532726049423218,-3.9454283714294434,1.1501332521438599,10167.013671875,4470.7412109375,879.8738403320312,734.8711547851562,353.6946716308594,489.07464599609375,430.71710205078125,186.84547424316406,190.0242462158203,170.8338623046875,79.40109252929688,75.6141586303711,72.79757690429688,46.165977478027344,55.85470199584961,110.67539978027344,33.8348503112793,45.39678955078125,36.4103889465332,33.751258850097656,953.5748534145444,361082.02557126887,0.0474266894683126,0.0016828701828677036,0.08501718193292618,0.0042256577871739864,Spanish
708,-368.35052490234375,137.3011016845703,10.734102249145508,13.016855239868164,8.286911010742188,-5.038679599761963,-21.073902130126953,-16.312049865722656,-10.468021392822266,-15.966562271118164,-15.983542442321777,-13.0009126663208,-6.217379570007324,-12.33816909790039,-18.852779388427734,-10.40410327911377,-3.6759724617004395,-3.5146265029907227,0.8283989429473877,3.119048595428467,11578.80078125,4401.49169921875,1012.7272338867188,742.8485107421875,340.1930236816406,485.617919921875,434.717529296875,199.5447998046875,167.7147979736328,161.27862548828125,83.43910217285156,68.53202056884766,74.61199188232422,45.370704650878906,102.3419418334961,54.976783752441406,43.44725799560547,37.306053161621094,39.293548583984375,38.48702621459961,951.1746507218594,328910.5161700622,0.045494300092575865,0.001290994469159666,0.07657642662525177,0.004115664400160313,Spanish
709,-364.64642333984375,142.45181274414062,14.920221328735352,8.013847351074219,6.06562614440918,-5.729969501495361,-16.657865524291992,-12.21550464630127,-12.762821197509766,-13.50656795501709,-14.713971138000488,-17.82463836669922,-8.35903263092041,-4.943992614746094,-11.308403968811035,-13.76342487335205,-3.5555765628814697,-0.969996988773346,-4.868316173553467,-0.32591164112091064,10205.2841796875,4064.09375,988.606689453125,833.543701171875,397.41009521484375,471.0709533691406,389.8478698730469,161.75917053222656,146.3131866455078,139.51199340820312,77.93724060058594,81.5954360961914,67.90487670898438,46.84209060668945,45.10310745239258,56.335899353027344,53.814632415771484,45.40098190307617,49.58435821533203,41.773433685302734,850.1325598389723,229355.25969335748,0.0427631482588114,0.0009470247118968337,0.07349367439746857,0.0037155887112021446,Spanish
710,-266.1471252441406,69.82038879394531,-0.49530062079429626,57.0086669921875,23.632312774658203,-0.693901777267456,-6.3267645835876465,-4.824179649353027,-10.18619441986084,-5.110172271728516,-6.11657190322876,-0.10983513295650482,-5.05568790435791,4.224201679229736,-0.8347594738006592,-0.7666087746620178,5.1638288497924805,-1.801658034324646,2.1777360439300537,-2.2314507961273193,20046.61328125,3906.21875,938.2623291015625,1272.081298828125,387.1412658691406,471.31842041015625,333.2138671875,275.0791320800781,354.9880676269531,264.76898193359375,187.56439208984375,124.19378662109375,153.5078887939453,64.17024230957031,91.22710418701172,100.9454574584961,56.48689651489258,87.1294937133789,60.011070251464844,76.03189086914062,1929.7907277457555,1432301.712729798,0.07238825349542737,0.008935873221125414,0.1126522421836853,0.006631539203226566,Spanish
711,-339.92022705078125,92.01275634765625,-0.132154643535614,23.735260009765625,4.292416095733643,5.286494255065918,-6.049741268157959,0.9908729195594788,-6.223657131195068,-0.7870453000068665,-2.1893389225006104,-1.506524920463562,-4.040450096130371,0.6821692585945129,-1.442454218864441,-2.312784433364868,2.305441379547119,-1.8591095209121704,1.1504132747650146,-1.06229567527771,21533.75,4903.76025390625,905.9900512695312,762.7760009765625,425.9573974609375,432.61676025390625,354.9503173828125,216.52102661132812,319.83551025390625,233.78318786621094,173.93560791015625,145.9846954345703,146.68661499023438,95.17155456542969,136.13916015625,138.1948699951172,86.68045806884766,107.66881561279297,88.17536163330078,90.42489624023438,1625.330415668932,1352279.8581807776,0.06694212274558711,0.009244010640881812,0.0605340301990509,0.0026244008913636208,Spanish
712,-265.7559509277344,68.37126922607422,-0.9331713914871216,57.31987762451172,24.649961471557617,-1.1237866878509521,-7.861488342285156,-5.166415214538574,-8.511502265930176,-4.889704704284668,-6.563143253326416,-0.3910304009914398,-5.144201755523682,3.993497610092163,-1.1809495687484741,-1.4489909410476685,4.977829933166504,-1.5296082496643066,1.4588749408721924,-1.7594578266143799,19905.267578125,3378.409912109375,920.4951782226562,1227.26953125,340.5467834472656,450.9880065917969,364.076416015625,292.9971618652344,316.2045593261719,270.98492431640625,209.44595336914062,126.47710418701172,149.64151000976562,65.68367767333984,100.39578247070312,121.64315795898438,57.33473587036133,88.479248046875,68.16015625,77.15949249267578,1945.3411783887298,1259697.645592354,0.07220412577479339,0.008337589690538875,0.11308525502681732,0.00650491937994957,Spanish
713,-275.31719970703125,65.70173645019531,0.5516021251678467,56.06731414794922,23.826519012451172,0.9046409130096436,-7.14962911605835,-4.676837921142578,-9.7428617477417,-4.918438911437988,-6.833427429199219,0.8379998207092285,-3.943286180496216,4.173770904541016,-0.36360931396484375,0.0866011530160904,5.591310977935791,-1.8816323280334473,1.8873822689056396,-1.3820440769195557,21564.068359375,3993.085205078125,875.4254760742188,1173.72216796875,358.0404968261719,440.74798583984375,376.3855895996094,284.3904724121094,367.2408142089844,278.4310607910156,209.43814086914062,120.03986358642578,150.59445190429688,63.927330017089844,99.12589263916016,107.86837005615234,50.81410217285156,95.00102996826172,65.00874328613281,72.791259765625,2018.9458190666892,1529118.305678418,0.07665492653293467,0.010035589028042004,0.10797260701656342,0.00644409004598856,Spanish
714,-328.8365783691406,102.27275848388672,-0.5265854597091675,26.13858413696289,5.709716796875,4.4152655601501465,-6.899559497833252,-0.5116702318191528,-7.658641338348389,-3.0180139541625977,-2.2689664363861084,-1.1143534183502197,-5.2075347900390625,0.7255183458328247,-1.46405029296875,-3.614720582962036,1.8549200296401978,-2.361426591873169,0.18165083229541779,-3.163254499435425,19536.173828125,4797.0908203125,940.0010986328125,771.3535766601562,388.0004577636719,408.8692626953125,340.5591735839844,224.77076721191406,300.1104431152344,239.99745178222656,158.8138427734375,121.31804656982422,142.5101776123047,70.33097076416016,89.14397430419922,111.97549438476562,56.50969696044922,84.6098861694336,62.01063537597656,71.77029418945312,1572.310217052584,1283529.1878823666,0.06475868106259736,0.008082179393114923,0.06118575856089592,0.0019842758774757385,Spanish
715,-334.2942810058594,97.18785858154297,1.8970063924789429,25.751840591430664,3.8313610553741455,6.24647855758667,-6.05432653427124,-0.086042121052742,-7.294749736785889,-1.9754974842071533,-2.3512845039367676,-1.8740065097808838,-4.259370803833008,1.2891395092010498,-1.7492634057998657,-2.9677844047546387,1.7800878286361694,-2.435514450073242,0.38555997610092163,-2.7679264545440674,20316.677734375,5224.3681640625,921.4264526367188,819.72802734375,418.3470458984375,414.4855651855469,370.76092529296875,229.64227294921875,308.66748046875,246.5067901611328,171.10275268554688,142.24514770507812,143.92237854003906,72.95223236083984,100.16551971435547,108.2450180053711,57.70072937011719,89.99580383300781,63.107791900634766,68.6166763305664,1632.9988810541852,1565955.831561802,0.06979606414744646,0.010431362723156526,0.06033739820122719,0.0021142063196748495,Spanish
716,-337.90655517578125,90.0734634399414,2.144426107406616,26.452816009521484,4.420064926147461,3.709589958190918,-5.430403232574463,0.18960082530975342,-7.5571675300598145,-2.9939372539520264,-2.9930295944213867,-1.8765040636062622,-4.514904022216797,1.1988272666931152,-2.102391242980957,-3.6555988788604736,1.3908065557479858,-2.7963292598724365,0.16011610627174377,-2.721209764480591,19501.833984375,5168.021484375,908.3659057617188,877.6375122070312,360.79718017578125,398.9295654296875,323.6177673339844,205.17483520507812,303.2692565917969,245.58335876464844,157.8756561279297,129.3887939453125,129.8236541748047,66.7150650024414,96.69268798828125,105.11988067626953,59.88228988647461,84.58812713623047,62.56423568725586,68.31320190429688,1623.0176531361872,1695743.5673502074,0.07103635363449579,0.011350266730807995,0.05988854914903641,0.0022235633805394173,Spanish
717,-351.1990051269531,92.22593688964844,0.8302161693572998,25.06365966796875,4.728697776794434,3.4342479705810547,-5.006286144256592,0.4982372224330902,-5.687548637390137,-2.5245423316955566,-2.307969331741333,-1.0119566917419434,-4.0921125411987305,1.3979216814041138,-1.9031805992126465,-3.245075225830078,1.8721798658370972,-1.975452184677124,1.390136957168579,-1.7609660625457764,21890.478515625,5002.26708984375,950.1027221679688,754.10205078125,397.42828369140625,412.1558837890625,377.3588562011719,239.056396484375,328.6418762207031,245.3492889404297,170.53628540039062,137.79388427734375,156.5126495361328,82.76885986328125,113.38970947265625,121.28085327148438,62.73681640625,94.00184631347656,73.34522247314453,96.70372009277344,1556.7702010108985,1222101.1574874858,0.05933549168634396,0.00804999852586588,0.05919378995895386,0.0025473206769675016,Spanish
718,-328.4798278808594,90.0936050415039,0.6355485320091248,25.208904266357422,4.162844657897949,5.089888095855713,-8.39030647277832,-0.6643893122673035,-7.316596508026123,-3.9086551666259766,-3.0919203758239746,-1.4503583908081055,-5.622004508972168,0.7003493905067444,-1.8245649337768555,-3.49772310256958,2.1156344413757324,-2.289931058883667,0.017675312235951424,-2.082777500152588,20088.931640625,4946.3798828125,884.4330444335938,753.441650390625,405.1631164550781,397.95355224609375,378.0594482421875,232.0977325439453,303.65087890625,245.091796875,167.094970703125,131.64224243164062,156.44296264648438,83.92211151123047,100.77664184570312,126.33560180664062,62.83328628540039,99.18807983398438,84.222412109375,85.8350601196289,1711.8305883847179,1596866.2228012152,0.07217148645364306,0.010305648272925115,0.06492392718791962,0.002574072452262044,Spanish
719,-334.2729797363281,88.90310668945312,1.7263426780700684,27.435911178588867,4.555263996124268,3.995965003967285,-6.588441371917725,-0.5711923241615295,-6.332736015319824,-3.203650951385498,-3.0169999599456787,-1.9430068731307983,-4.689538478851318,0.8049206733703613,-2.32484769821167,-3.023606777191162,1.4725421667099,-2.197589635848999,0.5519713759422302,-1.9149048328399658,19444.255859375,4530.5693359375,837.5108642578125,809.2601318359375,356.1985168457031,396.3344421386719,360.8567810058594,221.46192932128906,308.8099060058594,263.0740966796875,179.5997772216797,140.1448516845703,147.39385986328125,90.44945526123047,115.0292739868164,117.46007537841797,71.44588470458984,93.72337341308594,75.50941467285156,93.04881286621094,1602.3424073100034,1345773.2989120306,0.065041772820902,0.009121876698515314,0.06310742348432541,0.0026200315915048122,Spanish
